2026-03-21 10:27:55,583 - INFO - Sensor Monitoring API is running
2026-03-21 10:28:00,586 - INFO - Temperature Sensor is healthy
2026-03-21 10:28:00,587 - INFO - Pressure Sensor is healthy
2026-03-21 10:28:00,588 - INFO - Vibration Sensor is healthy
2026-03-21 10:28:00,588 - INFO - Fuel Flow Sensor is healthy
2026-03-21 10:28:00,589 - INFO - Voltage Sensor is healthy
2026-03-21 10:28:00,589 - INFO - Speed Sensor is healthy
2026-03-21 10:28:00,589 - INFO - Brake Pressure Sensor is healthy
2026-03-21 10:28:00,590 - INFO - Humidity Sensor is healthy
2026-03-21 10:28:00,590 - INFO - Track Alignment Sensor is healthy
2026-03-21 10:28:00,590 - INFO - Engine Load Sensor is healthy
2026-03-21 10:28:05,591 - INFO - Temperature Sensor is healthy
2026-03-21 10:28:05,609 - INFO - Pressure Sensor is healthy
2026-03-21 10:28:05,609 - INFO - Vibration Sensor is healthy
2026-03-21 10:28:05,610 - INFO - Fuel Flow Sensor is healthy
2026-03-21 10:28:05,610 - INFO - Voltage Sensor is healthy
2026-03-21 10:28:05,611 - INFO - Speed Sensor is healthy
2026-03-21 10:28:05,611 - INFO - Brake Pressure Sensor is healthy
2026-03-21 10:28:05,611 - INFO - Humidity Sensor is healthy
2026-03-21 10:28:05,612 - INFO - Track Alignment Sensor is healthy
2026-03-21 10:28:05,612 - INFO - Engine Load Sensor is healthy
2026-03-21 10:28:10,613 - INFO - Temperature Sensor is healthy
2026-03-21 10:28:10,614 - INFO - Pressure Sensor is healthy
2026-03-21 10:28:10,614 - INFO - Vibration Sensor is healthy
2026-03-21 10:28:10,614 - INFO - Fuel Flow Sensor is healthy
2026-03-21 10:28:10,615 - INFO - Voltage Sensor is healthy
2026-03-21 10:28:10,615 - INFO - Speed Sensor is healthy
2026-03-21 10:28:10,616 - INFO - Brake Pressure Sensor is healthy
2026-03-21 10:28:10,616 - INFO - Humidity Sensor is healthy
2026-03-21 10:28:10,617 - INFO - Track Alignment Sensor is healthy
2026-03-21 10:28:10,618 - INFO - Engine Load Sensor is healthy
2026-03-21 10:28:15,618 - INFO - Temperature Sensor is healthy
2026-03-21 10:28:15,619 - INFO - Pressure Sensor is healthy
2026-03-21 10:28:15,619 - INFO - Vibration Sensor is healthy
2026-03-21 10:28:15,620 - INFO - Fuel Flow Sensor is healthy
2026-03-21 10:28:15,620 - INFO - Voltage Sensor is healthy
2026-03-21 10:28:15,620 - INFO - Speed Sensor is healthy
2026-03-21 10:28:15,621 - INFO - Brake Pressure Sensor is healthy
2026-03-21 10:28:15,621 - INFO - Humidity Sensor is healthy
2026-03-21 10:28:15,621 - INFO - Track Alignment Sensor is healthy
2026-03-21 10:28:15,621 - INFO - Engine Load Sensor is healthy
2026-03-21 10:28:20,622 - INFO - Temperature Sensor is healthy
2026-03-21 10:28:20,623 - INFO - Pressure Sensor is healthy
2026-03-21 10:28:20,623 - INFO - Vibration Sensor is healthy
2026-03-21 10:28:20,623 - INFO - Fuel Flow Sensor is healthy
2026-03-21 10:28:20,624 - INFO - Voltage Sensor is healthy
2026-03-21 10:28:20,624 - INFO - Speed Sensor is healthy
2026-03-21 10:28:20,625 - INFO - Brake Pressure Sensor is healthy
2026-03-21 10:28:20,625 - INFO - Humidity Sensor is healthy
2026-03-21 10:28:20,626 - INFO - Track Alignment Sensor is healthy
2026-03-21 10:28:20,626 - INFO - Engine Load Sensor is healthy
2026-03-21 10:28:25,627 - INFO - Temperature Sensor is healthy
2026-03-21 10:28:25,628 - INFO - Pressure Sensor is healthy
2026-03-21 10:28:25,628 - INFO - Vibration Sensor is healthy
2026-03-21 10:28:25,628 - INFO - Fuel Flow Sensor is healthy
2026-03-21 10:28:25,629 - INFO - Voltage Sensor is healthy
2026-03-21 10:28:25,629 - INFO - Speed Sensor is healthy
2026-03-21 10:28:25,629 - INFO - Brake Pressure Sensor is healthy
2026-03-21 10:28:25,629 - INFO - Humidity Sensor is healthy
2026-03-21 10:28:25,630 - INFO - Track Alignment Sensor is healthy
2026-03-21 10:28:25,630 - INFO - Engine Load Sensor is healthy
2026-03-21 10:28:30,630 - INFO - Temperature Sensor is healthy
2026-03-21 10:28:30,631 - INFO - Pressure Sensor is healthy
2026-03-21 10:28:30,632 - INFO - Vibration Sensor is healthy
2026-03-21 10:28:30,633 - INFO - Fuel Flow Sensor is healthy
2026-03-21 10:28:30,633 - INFO - Voltage Sensor is healthy
2026-03-21 10:28:30,634 - INFO - Speed Sensor is healthy
2026-03-21 10:28:30,635 - INFO - Brake Pressure Sensor is healthy
2026-03-21 10:28:30,635 - INFO - Humidity Sensor is healthy
2026-03-21 10:28:30,636 - INFO - Track Alignment Sensor is healthy
2026-03-21 10:28:30,637 - INFO - Engine Load Sensor is healthy
2026-03-21 10:28:35,638 - INFO - Temperature Sensor is healthy
2026-03-21 10:28:35,639 - INFO - Pressure Sensor is healthy
2026-03-21 10:28:35,639 - INFO - Vibration Sensor is healthy
2026-03-21 10:28:35,640 - INFO - Fuel Flow Sensor is healthy
2026-03-21 10:28:35,640 - INFO - Voltage Sensor is healthy
2026-03-21 10:28:35,641 - INFO - Speed Sensor is healthy
2026-03-21 10:28:35,641 - INFO - Brake Pressure Sensor is healthy
2026-03-21 10:28:35,642 - INFO - Humidity Sensor is healthy
2026-03-21 10:28:35,642 - INFO - Track Alignment Sensor is healthy
2026-03-21 10:28:35,642 - INFO - Engine Load Sensor is healthy
2026-03-21 10:51:14,953 - INFO - Sensor Monitoring API is running
2026-03-21 10:51:19,956 - INFO - Temperature Sensor is healthy
2026-03-21 10:51:19,957 - INFO - Pressure Sensor is healthy
2026-03-21 10:51:19,957 - INFO - Vibration Sensor is healthy
2026-03-21 10:51:19,958 - INFO - Fuel Flow Sensor is healthy
2026-03-21 10:51:19,958 - INFO - Voltage Sensor is healthy
2026-03-21 10:51:19,958 - INFO - Speed Sensor is healthy
2026-03-21 10:51:19,959 - INFO - Brake Pressure Sensor is healthy
2026-03-21 10:51:19,959 - INFO - Humidity Sensor is healthy
2026-03-21 10:51:19,960 - INFO - Track Alignment Sensor is healthy
2026-03-21 10:51:19,960 - INFO - Engine Load Sensor is healthy
2026-03-21 10:51:24,962 - INFO - Temperature Sensor is healthy
2026-03-21 10:51:24,963 - INFO - Pressure Sensor is healthy
2026-03-21 10:51:24,965 - INFO - Vibration Sensor is healthy
2026-03-21 10:51:24,966 - INFO - Fuel Flow Sensor is healthy
2026-03-21 10:51:24,967 - INFO - Voltage Sensor is healthy
2026-03-21 10:51:24,968 - INFO - Speed Sensor is healthy
2026-03-21 10:51:24,969 - INFO - Brake Pressure Sensor is healthy
2026-03-21 10:51:24,971 - INFO - Humidity Sensor is healthy
2026-03-21 10:51:24,973 - INFO - Track Alignment Sensor is healthy
2026-03-21 10:51:24,974 - INFO - Engine Load Sensor is healthy
2026-03-21 10:51:29,978 - INFO - Temperature Sensor is healthy
2026-03-21 10:51:29,979 - INFO - Pressure Sensor is healthy
2026-03-21 10:51:29,979 - INFO - Vibration Sensor is healthy
2026-03-21 10:51:29,980 - INFO - Fuel Flow Sensor is healthy
2026-03-21 10:51:29,980 - INFO - Voltage Sensor is healthy
2026-03-21 10:51:29,981 - INFO - Speed Sensor is healthy
2026-03-21 10:51:29,981 - INFO - Brake Pressure Sensor is healthy
2026-03-21 10:51:29,982 - INFO - Humidity Sensor is healthy
2026-03-21 10:51:29,982 - INFO - Track Alignment Sensor is healthy
2026-03-21 10:51:29,982 - INFO - Engine Load Sensor is healthy
2026-03-21 10:51:34,983 - INFO - Temperature Sensor is healthy
2026-03-21 10:51:34,984 - INFO - Pressure Sensor is healthy
2026-03-21 10:51:34,985 - INFO - Vibration Sensor is healthy
2026-03-21 10:51:34,985 - INFO - Fuel Flow Sensor is healthy
2026-03-21 10:51:34,986 - INFO - Voltage Sensor is healthy
2026-03-21 10:51:34,988 - INFO - Speed Sensor is healthy
2026-03-21 10:51:34,989 - INFO - Brake Pressure Sensor is healthy
2026-03-21 10:51:34,989 - INFO - Humidity Sensor is healthy
2026-03-21 10:51:34,990 - INFO - Track Alignment Sensor is healthy
2026-03-21 10:51:34,990 - INFO - Engine Load Sensor is healthy
2026-03-21 10:51:39,991 - INFO - Temperature Sensor is healthy
2026-03-21 10:51:39,992 - INFO - Pressure Sensor is healthy
2026-03-21 10:51:39,992 - INFO - Vibration Sensor is healthy
2026-03-21 10:51:39,993 - INFO - Fuel Flow Sensor is healthy
2026-03-21 10:51:39,994 - INFO - Voltage Sensor is healthy
2026-03-21 10:51:39,994 - INFO - Speed Sensor is healthy
2026-03-21 10:51:39,995 - INFO - Brake Pressure Sensor is healthy
2026-03-21 10:51:39,996 - INFO - Humidity Sensor is healthy
2026-03-21 10:51:39,997 - INFO - Track Alignment Sensor is healthy
2026-03-21 10:51:39,998 - INFO - Engine Load Sensor is healthy
2026-03-21 10:51:44,999 - INFO - Temperature Sensor is healthy
2026-03-21 10:51:45,000 - INFO - Pressure Sensor is healthy
2026-03-21 10:51:45,001 - INFO - Vibration Sensor is healthy
2026-03-21 10:51:45,001 - INFO - Fuel Flow Sensor is healthy
2026-03-21 10:51:45,001 - INFO - Voltage Sensor is healthy
2026-03-21 10:51:45,002 - INFO - Speed Sensor is healthy
2026-03-21 10:51:45,002 - INFO - Brake Pressure Sensor is healthy
2026-03-21 10:51:45,003 - INFO - Humidity Sensor is healthy
2026-03-21 10:51:45,005 - INFO - Track Alignment Sensor is healthy
2026-03-21 10:51:45,005 - INFO - Engine Load Sensor is healthy
2026-03-21 10:51:50,006 - INFO - Temperature Sensor is healthy
2026-03-21 10:51:50,007 - INFO - Pressure Sensor is healthy
2026-03-21 10:51:50,008 - INFO - Vibration Sensor is healthy
2026-03-21 10:51:50,008 - INFO - Fuel Flow Sensor is healthy
2026-03-21 10:51:50,008 - INFO - Voltage Sensor is healthy
2026-03-21 10:51:50,009 - INFO - Speed Sensor is healthy
2026-03-21 10:51:50,009 - INFO - Brake Pressure Sensor is healthy
2026-03-21 10:51:50,009 - INFO - Humidity Sensor is healthy
2026-03-21 10:51:50,010 - INFO - Track Alignment Sensor is healthy
2026-03-21 10:51:50,010 - INFO - Engine Load Sensor is healthy
2026-03-21 10:51:55,011 - INFO - Temperature Sensor is healthy
2026-03-21 10:51:55,011 - INFO - Pressure Sensor is healthy
2026-03-21 10:51:55,012 - INFO - Vibration Sensor is healthy
2026-03-21 10:51:55,013 - INFO - Fuel Flow Sensor is healthy
2026-03-21 10:51:55,013 - INFO - Voltage Sensor is healthy
2026-03-21 10:51:55,013 - INFO - Speed Sensor is healthy
2026-03-21 10:51:55,014 - INFO - Brake Pressure Sensor is healthy
2026-03-21 10:51:55,014 - INFO - Humidity Sensor is healthy
2026-03-21 10:51:55,015 - INFO - Track Alignment Sensor is healthy
2026-03-21 10:51:55,015 - INFO - Engine Load Sensor is healthy
2026-03-21 10:52:00,017 - INFO - Temperature Sensor is healthy
2026-03-21 10:52:00,018 - INFO - Pressure Sensor is healthy
2026-03-21 10:52:00,019 - INFO - Vibration Sensor is healthy
2026-03-21 10:52:00,020 - INFO - Fuel Flow Sensor is healthy
2026-03-21 10:52:00,020 - INFO - Voltage Sensor is healthy
2026-03-21 10:52:00,021 - INFO - Speed Sensor is healthy
2026-03-21 10:52:00,022 - INFO - Brake Pressure Sensor is healthy
2026-03-21 10:52:00,022 - INFO - Humidity Sensor is healthy
2026-03-21 10:52:00,023 - INFO - Track Alignment Sensor is healthy
2026-03-21 10:52:00,023 - INFO - Engine Load Sensor is healthy
2026-03-21 10:52:05,025 - INFO - Temperature Sensor is healthy
2026-03-21 10:52:05,026 - INFO - Pressure Sensor is healthy
2026-03-21 10:52:05,026 - INFO - Vibration Sensor is healthy
2026-03-21 10:52:05,027 - INFO - Fuel Flow Sensor is healthy
2026-03-21 10:52:05,027 - INFO - Voltage Sensor is healthy
2026-03-21 10:52:05,028 - INFO - Speed Sensor is healthy
2026-03-21 10:52:05,028 - INFO - Brake Pressure Sensor is healthy
2026-03-21 10:52:05,029 - INFO - Humidity Sensor is healthy
2026-03-21 10:52:05,029 - INFO - Track Alignment Sensor is healthy
2026-03-21 10:52:05,030 - INFO - Engine Load Sensor is healthy
2026-03-21 10:52:10,031 - INFO - Temperature Sensor is healthy
2026-03-21 10:52:10,032 - INFO - Pressure Sensor is healthy
2026-03-21 10:52:10,032 - INFO - Vibration Sensor is healthy
2026-03-21 10:52:10,033 - INFO - Fuel Flow Sensor is healthy
2026-03-21 10:52:10,033 - INFO - Voltage Sensor is healthy
2026-03-21 10:52:10,034 - INFO - Speed Sensor is healthy
2026-03-21 10:52:10,036 - INFO - Brake Pressure Sensor is healthy
2026-03-21 10:52:10,037 - INFO - Humidity Sensor is healthy
2026-03-21 10:52:10,038 - INFO - Track Alignment Sensor is healthy
2026-03-21 10:52:10,039 - INFO - Engine Load Sensor is healthy
2026-03-21 10:52:15,044 - INFO - Temperature Sensor is healthy
2026-03-21 10:52:15,044 - INFO - Pressure Sensor is healthy
2026-03-21 10:52:15,045 - INFO - Vibration Sensor is healthy
2026-03-21 10:52:15,045 - INFO - Fuel Flow Sensor is healthy
2026-03-21 10:52:15,046 - INFO - Voltage Sensor is healthy
2026-03-21 10:52:15,046 - INFO - Speed Sensor is healthy
2026-03-21 10:52:15,047 - INFO - Brake Pressure Sensor is healthy
2026-03-21 10:52:15,047 - INFO - Humidity Sensor is healthy
2026-03-21 10:52:15,048 - INFO - Track Alignment Sensor is healthy
2026-03-21 10:52:15,048 - INFO - Engine Load Sensor is healthy
2026-03-21 10:52:20,049 - INFO - Temperature Sensor is healthy
2026-03-21 10:52:20,050 - INFO - Pressure Sensor is healthy
2026-03-21 10:52:20,050 - INFO - Vibration Sensor is healthy
2026-03-21 10:52:20,051 - INFO - Fuel Flow Sensor is healthy
2026-03-21 10:52:20,051 - INFO - Voltage Sensor is healthy
2026-03-21 10:52:20,052 - INFO - Speed Sensor is healthy
2026-03-21 10:52:20,052 - INFO - Brake Pressure Sensor is healthy
2026-03-21 10:52:20,053 - INFO - Humidity Sensor is healthy
2026-03-21 10:52:20,054 - INFO - Track Alignment Sensor is healthy
2026-03-21 10:52:20,054 - INFO - Engine Load Sensor is healthy
2026-03-21 10:52:25,055 - INFO - Temperature Sensor is healthy
2026-03-21 10:52:25,056 - INFO - Pressure Sensor is healthy
2026-03-21 10:52:25,056 - INFO - Vibration Sensor is healthy
2026-03-21 10:52:25,057 - INFO - Fuel Flow Sensor is healthy
2026-03-21 10:52:25,057 - INFO - Voltage Sensor is healthy
2026-03-21 10:52:25,057 - INFO - Speed Sensor is healthy
2026-03-21 10:52:25,058 - INFO - Brake Pressure Sensor is healthy
2026-03-21 10:52:25,058 - INFO - Humidity Sensor is healthy
2026-03-21 10:52:25,059 - INFO - Track Alignment Sensor is healthy
2026-03-21 10:52:25,059 - INFO - Engine Load Sensor is healthy
2026-03-21 10:52:30,060 - INFO - Temperature Sensor is healthy
2026-03-21 10:52:30,061 - INFO - Pressure Sensor is healthy
2026-03-21 10:52:30,061 - INFO - Vibration Sensor is healthy
2026-03-21 10:52:30,062 - INFO - Fuel Flow Sensor is healthy
2026-03-21 10:52:30,062 - INFO - Voltage Sensor is healthy
2026-03-21 10:52:30,063 - INFO - Speed Sensor is healthy
2026-03-21 10:52:30,063 - INFO - Brake Pressure Sensor is healthy
2026-03-21 10:52:30,063 - INFO - Humidity Sensor is healthy
2026-03-21 10:52:30,064 - INFO - Track Alignment Sensor is healthy
2026-03-21 10:52:30,064 - INFO - Engine Load Sensor is healthy
2026-03-21 10:52:35,065 - INFO - Temperature Sensor is healthy
2026-03-21 10:52:35,066 - INFO - Pressure Sensor is healthy
2026-03-21 10:52:35,066 - INFO - Vibration Sensor is healthy
2026-03-21 10:52:35,067 - INFO - Fuel Flow Sensor is healthy
2026-03-21 10:52:35,067 - INFO - Voltage Sensor is healthy
2026-03-21 10:52:35,068 - INFO - Speed Sensor is healthy
2026-03-21 10:52:35,068 - INFO - Brake Pressure Sensor is healthy
2026-03-21 10:52:35,069 - INFO - Humidity Sensor is healthy
2026-03-21 10:52:35,069 - INFO - Track Alignment Sensor is healthy
2026-03-21 10:52:35,070 - INFO - Engine Load Sensor is healthy
2026-03-21 10:52:40,071 - INFO - Temperature Sensor is healthy
2026-03-21 10:52:40,072 - INFO - Pressure Sensor is healthy
2026-03-21 10:52:40,072 - INFO - Vibration Sensor is healthy
2026-03-21 10:52:40,072 - INFO - Fuel Flow Sensor is healthy
2026-03-21 10:52:40,073 - INFO - Voltage Sensor is healthy
2026-03-21 10:52:40,073 - INFO - Speed Sensor is healthy
2026-03-21 10:52:40,074 - INFO - Brake Pressure Sensor is healthy
2026-03-21 10:52:40,074 - INFO - Humidity Sensor is healthy
2026-03-21 10:52:40,075 - INFO - Track Alignment Sensor is healthy
2026-03-21 10:52:40,075 - INFO - Engine Load Sensor is healthy
2026-03-21 10:52:45,076 - INFO - Temperature Sensor is healthy
2026-03-21 10:52:45,077 - INFO - Pressure Sensor is healthy
2026-03-21 10:52:45,078 - INFO - Vibration Sensor is healthy
2026-03-21 10:52:45,078 - INFO - Fuel Flow Sensor is healthy
2026-03-21 10:52:45,079 - INFO - Voltage Sensor is healthy
2026-03-21 10:52:45,079 - INFO - Speed Sensor is healthy
2026-03-21 10:52:45,080 - INFO - Brake Pressure Sensor is healthy
2026-03-21 10:52:45,080 - INFO - Humidity Sensor is healthy
2026-03-21 10:52:45,081 - INFO - Track Alignment Sensor is healthy
2026-03-21 10:52:45,082 - INFO - Engine Load Sensor is healthy
2026-03-21 10:52:50,084 - INFO - Temperature Sensor is healthy
2026-03-21 10:52:50,085 - INFO - Pressure Sensor is healthy
2026-03-21 10:52:50,085 - INFO - Vibration Sensor is healthy
2026-03-21 10:52:50,086 - INFO - Fuel Flow Sensor is healthy
2026-03-21 10:52:50,086 - INFO - Voltage Sensor is healthy
2026-03-21 10:52:50,087 - INFO - Speed Sensor is healthy
2026-03-21 10:52:50,087 - INFO - Brake Pressure Sensor is healthy
2026-03-21 10:52:50,088 - INFO - Humidity Sensor is healthy
2026-03-21 10:52:50,093 - INFO - Track Alignment Sensor is healthy
2026-03-21 10:52:50,095 - INFO - Engine Load Sensor is healthy
2026-03-21 10:52:55,098 - INFO - Temperature Sensor is healthy
2026-03-21 10:52:55,098 - INFO - Pressure Sensor is healthy
2026-03-21 10:52:55,099 - INFO - Vibration Sensor is healthy
2026-03-21 10:52:55,100 - INFO - Fuel Flow Sensor is healthy
2026-03-21 10:52:55,100 - INFO - Voltage Sensor is healthy
2026-03-21 10:52:55,102 - INFO - Speed Sensor is healthy
2026-03-21 10:52:55,102 - INFO - Brake Pressure Sensor is healthy
2026-03-21 10:52:55,103 - INFO - Humidity Sensor is healthy
2026-03-21 10:52:55,103 - INFO - Track Alignment Sensor is healthy
2026-03-21 10:52:55,104 - INFO - Engine Load Sensor is healthy
2026-03-21 10:53:00,113 - INFO - Temperature Sensor is healthy
2026-03-21 10:53:00,117 - INFO - Pressure Sensor is healthy
2026-03-21 10:53:00,119 - INFO - Vibration Sensor is healthy
2026-03-21 10:53:00,124 - INFO - Fuel Flow Sensor is healthy
2026-03-21 10:53:00,143 - INFO - Voltage Sensor is healthy
2026-03-21 10:53:00,147 - INFO - Speed Sensor is healthy
2026-03-21 10:53:00,151 - INFO - Brake Pressure Sensor is healthy
2026-03-21 10:53:00,160 - INFO - Humidity Sensor is healthy
2026-03-21 10:53:00,168 - INFO - Track Alignment Sensor is healthy
2026-03-21 10:53:00,182 - INFO - Engine Load Sensor is healthy
2026-03-21 10:53:05,187 - INFO - Temperature Sensor is healthy
2026-03-21 10:53:05,195 - INFO - Pressure Sensor is healthy
2026-03-21 10:53:05,195 - INFO - Vibration Sensor is healthy
2026-03-21 10:53:05,195 - INFO - Fuel Flow Sensor is healthy
2026-03-21 10:53:05,195 - INFO - Voltage Sensor is healthy
2026-03-21 10:53:05,196 - INFO - Speed Sensor is healthy
2026-03-21 10:53:05,196 - INFO - Brake Pressure Sensor is healthy
2026-03-21 10:53:05,197 - INFO - Humidity Sensor is healthy
2026-03-21 10:53:05,197 - INFO - Track Alignment Sensor is healthy
2026-03-21 10:53:05,197 - INFO - Engine Load Sensor is healthy
2026-03-21 10:53:10,199 - INFO - Temperature Sensor is healthy
2026-03-21 10:53:10,199 - INFO - Pressure Sensor is healthy
2026-03-21 10:53:10,200 - INFO - Vibration Sensor is healthy
2026-03-21 10:53:10,200 - INFO - Fuel Flow Sensor is healthy
2026-03-21 10:53:10,201 - INFO - Voltage Sensor is healthy
2026-03-21 10:53:10,202 - INFO - Speed Sensor is healthy
2026-03-21 10:53:10,203 - INFO - Brake Pressure Sensor is healthy
2026-03-21 10:53:10,203 - INFO - Humidity Sensor is healthy
2026-03-21 10:53:10,203 - INFO - Track Alignment Sensor is healthy
2026-03-21 10:53:10,204 - INFO - Engine Load Sensor is healthy
2026-03-21 10:53:15,206 - INFO - Temperature Sensor is healthy
2026-03-21 10:53:15,206 - INFO - Pressure Sensor is healthy
2026-03-21 10:53:15,207 - INFO - Vibration Sensor is healthy
2026-03-21 10:53:15,207 - ERROR - Fuel Flow Sensor FAILED - Fuel flow interrupted
2026-03-21 10:53:15,208 - INFO - Voltage Sensor is healthy
2026-03-21 10:53:15,208 - INFO - Speed Sensor is healthy
2026-03-21 10:53:15,209 - INFO - Brake Pressure Sensor is healthy
2026-03-21 10:53:15,209 - INFO - Humidity Sensor is healthy
2026-03-21 10:53:15,209 - INFO - Track Alignment Sensor is healthy
2026-03-21 10:53:15,210 - INFO - Engine Load Sensor is healthy
2026-03-21 10:53:20,211 - INFO - Temperature Sensor is healthy
2026-03-21 10:53:20,212 - INFO - Pressure Sensor is healthy
2026-03-21 10:53:20,212 - INFO - Vibration Sensor is healthy
2026-03-21 10:53:20,212 - ERROR - Fuel Flow Sensor FAILED - Fuel flow interrupted
2026-03-21 10:53:20,213 - INFO - Voltage Sensor is healthy
2026-03-21 10:53:20,214 - INFO - Speed Sensor is healthy
2026-03-21 10:53:20,215 - INFO - Brake Pressure Sensor is healthy
2026-03-21 10:53:20,216 - INFO - Humidity Sensor is healthy
2026-03-21 10:53:20,216 - INFO - Track Alignment Sensor is healthy
2026-03-21 10:53:20,217 - INFO - Engine Load Sensor is healthy
2026-03-21 10:53:25,218 - INFO - Temperature Sensor is healthy
2026-03-21 10:53:25,219 - INFO - Pressure Sensor is healthy
2026-03-21 10:53:25,219 - INFO - Vibration Sensor is healthy
2026-03-21 10:53:25,220 - ERROR - Fuel Flow Sensor FAILED - Fuel flow interrupted
2026-03-21 10:53:25,220 - INFO - Voltage Sensor is healthy
2026-03-21 10:53:25,221 - INFO - Speed Sensor is healthy
2026-03-21 10:53:25,221 - INFO - Brake Pressure Sensor is healthy
2026-03-21 10:53:25,222 - INFO - Humidity Sensor is healthy
2026-03-21 10:53:25,222 - INFO - Track Alignment Sensor is healthy
2026-03-21 10:53:25,223 - INFO - Engine Load Sensor is healthy
2026-03-21 10:53:30,223 - INFO - Temperature Sensor is healthy
2026-03-21 10:53:30,224 - INFO - Pressure Sensor is healthy
2026-03-21 10:53:30,224 - INFO - Vibration Sensor is healthy
2026-03-21 10:53:30,224 - ERROR - Fuel Flow Sensor FAILED - Fuel flow interrupted
2026-03-21 10:53:30,225 - INFO - Voltage Sensor is healthy
2026-03-21 10:53:30,225 - INFO - Speed Sensor is healthy
2026-03-21 10:53:30,225 - INFO - Brake Pressure Sensor is healthy
2026-03-21 10:53:30,226 - INFO - Humidity Sensor is healthy
2026-03-21 10:53:30,226 - INFO - Track Alignment Sensor is healthy
2026-03-21 10:53:30,226 - INFO - Engine Load Sensor is healthy
2026-03-21 10:53:35,227 - INFO - Temperature Sensor is healthy
2026-03-21 10:53:35,228 - INFO - Pressure Sensor is healthy
2026-03-21 10:53:35,229 - INFO - Vibration Sensor is healthy
2026-03-21 10:53:35,230 - ERROR - Fuel Flow Sensor FAILED - Fuel flow interrupted
2026-03-21 10:53:35,230 - INFO - Voltage Sensor is healthy
2026-03-21 10:53:35,231 - INFO - Speed Sensor is healthy
2026-03-21 10:53:35,232 - INFO - Brake Pressure Sensor is healthy
2026-03-21 10:53:35,233 - INFO - Humidity Sensor is healthy
2026-03-21 10:53:35,233 - INFO - Track Alignment Sensor is healthy
2026-03-21 10:53:35,234 - INFO - Engine Load Sensor is healthy
2026-03-21 10:53:40,235 - INFO - Temperature Sensor is healthy
2026-03-21 10:53:40,236 - INFO - Pressure Sensor is healthy
2026-03-21 10:53:40,237 - INFO - Vibration Sensor is healthy
2026-03-21 10:53:40,237 - ERROR - Fuel Flow Sensor FAILED - Fuel flow interrupted
2026-03-21 10:53:40,237 - INFO - Voltage Sensor is healthy
2026-03-21 10:53:40,238 - INFO - Speed Sensor is healthy
2026-03-21 10:53:40,238 - INFO - Brake Pressure Sensor is healthy
2026-03-21 10:53:40,239 - INFO - Humidity Sensor is healthy
2026-03-21 10:53:40,239 - INFO - Track Alignment Sensor is healthy
2026-03-21 10:53:40,239 - INFO - Engine Load Sensor is healthy
2026-03-21 10:53:45,241 - INFO - Temperature Sensor is healthy
2026-03-21 10:53:45,241 - INFO - Pressure Sensor is healthy
2026-03-21 10:53:45,242 - INFO - Vibration Sensor is healthy
2026-03-21 10:53:45,242 - ERROR - Fuel Flow Sensor FAILED - Fuel flow interrupted
2026-03-21 10:53:45,243 - INFO - Voltage Sensor is healthy
2026-03-21 10:53:45,243 - INFO - Speed Sensor is healthy
2026-03-21 10:53:45,243 - INFO - Brake Pressure Sensor is healthy
2026-03-21 10:53:45,244 - INFO - Humidity Sensor is healthy
2026-03-21 10:53:45,244 - INFO - Track Alignment Sensor is healthy
2026-03-21 10:53:45,244 - INFO - Engine Load Sensor is healthy
2026-03-21 10:53:50,246 - INFO - Temperature Sensor is healthy
2026-03-21 10:53:50,246 - INFO - Pressure Sensor is healthy
2026-03-21 10:53:50,247 - INFO - Vibration Sensor is healthy
2026-03-21 10:53:50,247 - ERROR - Fuel Flow Sensor FAILED - Fuel flow interrupted
2026-03-21 10:53:50,248 - INFO - Voltage Sensor is healthy
2026-03-21 10:53:50,248 - INFO - Speed Sensor is healthy
2026-03-21 10:53:50,249 - INFO - Brake Pressure Sensor is healthy
2026-03-21 10:53:50,249 - INFO - Humidity Sensor is healthy
2026-03-21 10:53:50,268 - INFO - Track Alignment Sensor is healthy
2026-03-21 10:53:50,268 - INFO - Engine Load Sensor is healthy
2026-03-21 10:53:55,269 - INFO - Temperature Sensor is healthy
2026-03-21 10:53:55,270 - INFO - Pressure Sensor is healthy
2026-03-21 10:53:55,270 - INFO - Vibration Sensor is healthy
2026-03-21 10:53:55,270 - ERROR - Fuel Flow Sensor FAILED - Fuel flow interrupted
2026-03-21 10:53:55,270 - INFO - Voltage Sensor is healthy
2026-03-21 10:53:55,271 - INFO - Speed Sensor is healthy
2026-03-21 10:53:55,271 - INFO - Brake Pressure Sensor is healthy
2026-03-21 10:53:55,272 - INFO - Humidity Sensor is healthy
2026-03-21 10:53:55,272 - INFO - Track Alignment Sensor is healthy
2026-03-21 10:53:55,272 - INFO - Engine Load Sensor is healthy
2026-03-21 10:54:00,273 - INFO - Temperature Sensor is healthy
2026-03-21 10:54:00,273 - INFO - Pressure Sensor is healthy
2026-03-21 10:54:00,274 - INFO - Vibration Sensor is healthy
2026-03-21 10:54:00,275 - ERROR - Fuel Flow Sensor FAILED - Fuel flow interrupted
2026-03-21 10:54:00,275 - INFO - Voltage Sensor is healthy
2026-03-21 10:54:00,276 - INFO - Speed Sensor is healthy
2026-03-21 10:54:00,276 - INFO - Brake Pressure Sensor is healthy
2026-03-21 10:54:00,277 - INFO - Humidity Sensor is healthy
2026-03-21 10:54:00,277 - INFO - Track Alignment Sensor is healthy
2026-03-21 10:54:00,277 - INFO - Engine Load Sensor is healthy
2026-03-21 10:54:05,278 - INFO - Temperature Sensor is healthy
2026-03-21 10:54:05,279 - INFO - Pressure Sensor is healthy
2026-03-21 10:54:05,279 - INFO - Vibration Sensor is healthy
2026-03-21 10:54:05,279 - ERROR - Fuel Flow Sensor FAILED - Fuel flow interrupted
2026-03-21 10:54:05,280 - INFO - Voltage Sensor is healthy
2026-03-21 10:54:05,280 - INFO - Speed Sensor is healthy
2026-03-21 10:54:05,281 - INFO - Brake Pressure Sensor is healthy
2026-03-21 10:54:05,281 - INFO - Humidity Sensor is healthy
2026-03-21 10:54:05,281 - INFO - Track Alignment Sensor is healthy
2026-03-21 10:54:05,282 - INFO - Engine Load Sensor is healthy
2026-03-21 10:54:10,283 - INFO - Temperature Sensor is healthy
2026-03-21 10:54:10,283 - INFO - Pressure Sensor is healthy
2026-03-21 10:54:10,284 - INFO - Vibration Sensor is healthy
2026-03-21 10:54:10,285 - ERROR - Fuel Flow Sensor FAILED - Fuel flow interrupted
2026-03-21 10:54:10,285 - INFO - Voltage Sensor is healthy
2026-03-21 10:54:10,286 - INFO - Speed Sensor is healthy
2026-03-21 10:54:10,286 - INFO - Brake Pressure Sensor is healthy
2026-03-21 10:54:10,286 - INFO - Humidity Sensor is healthy
2026-03-21 10:54:10,287 - INFO - Track Alignment Sensor is healthy
2026-03-21 10:54:10,287 - INFO - Engine Load Sensor is healthy
2026-03-21 10:54:15,288 - INFO - Temperature Sensor is healthy
2026-03-21 10:54:15,289 - INFO - Pressure Sensor is healthy
2026-03-21 10:54:15,289 - INFO - Vibration Sensor is healthy
2026-03-21 10:54:15,290 - ERROR - Fuel Flow Sensor FAILED - Fuel flow interrupted
2026-03-21 10:54:15,290 - INFO - Voltage Sensor is healthy
2026-03-21 10:54:15,291 - INFO - Speed Sensor is healthy
2026-03-21 10:54:15,291 - INFO - Brake Pressure Sensor is healthy
2026-03-21 10:54:15,291 - INFO - Humidity Sensor is healthy
2026-03-21 10:54:15,292 - INFO - Track Alignment Sensor is healthy
2026-03-21 10:54:15,292 - INFO - Engine Load Sensor is healthy
2026-03-21 10:54:20,297 - INFO - Temperature Sensor is healthy
2026-03-21 10:54:20,302 - INFO - Pressure Sensor is healthy
2026-03-21 10:54:20,312 - INFO - Vibration Sensor is healthy
2026-03-21 10:54:20,338 - ERROR - Fuel Flow Sensor FAILED - Fuel flow interrupted
2026-03-21 10:54:20,341 - INFO - Voltage Sensor is healthy
2026-03-21 10:54:20,344 - INFO - Speed Sensor is healthy
2026-03-21 10:54:20,347 - INFO - Brake Pressure Sensor is healthy
2026-03-21 10:54:20,348 - INFO - Humidity Sensor is healthy
2026-03-21 10:54:20,349 - INFO - Track Alignment Sensor is healthy
2026-03-21 10:54:20,350 - INFO - Engine Load Sensor is healthy
2026-03-21 10:54:25,351 - INFO - Temperature Sensor is healthy
2026-03-21 10:54:25,352 - INFO - Pressure Sensor is healthy
2026-03-21 10:54:25,352 - INFO - Vibration Sensor is healthy
2026-03-21 10:54:25,353 - ERROR - Fuel Flow Sensor FAILED - Fuel flow interrupted
2026-03-21 10:54:25,353 - INFO - Voltage Sensor is healthy
2026-03-21 10:54:25,354 - INFO - Speed Sensor is healthy
2026-03-21 10:54:25,355 - INFO - Brake Pressure Sensor is healthy
2026-03-21 10:54:25,355 - INFO - Humidity Sensor is healthy
2026-03-21 10:54:25,356 - INFO - Track Alignment Sensor is healthy
2026-03-21 10:54:25,357 - INFO - Engine Load Sensor is healthy
2026-03-21 10:54:30,358 - INFO - Temperature Sensor is healthy
2026-03-21 10:54:30,358 - INFO - Pressure Sensor is healthy
2026-03-21 10:54:30,359 - INFO - Vibration Sensor is healthy
2026-03-21 10:54:30,359 - ERROR - Fuel Flow Sensor FAILED - Fuel flow interrupted
2026-03-21 10:54:30,359 - INFO - Voltage Sensor is healthy
2026-03-21 10:54:30,360 - INFO - Speed Sensor is healthy
2026-03-21 10:54:30,360 - INFO - Brake Pressure Sensor is healthy
2026-03-21 10:54:30,361 - INFO - Humidity Sensor is healthy
2026-03-21 10:54:30,361 - INFO - Track Alignment Sensor is healthy
2026-03-21 10:54:30,361 - INFO - Engine Load Sensor is healthy
2026-03-21 10:54:35,362 - INFO - Temperature Sensor is healthy
2026-03-21 10:54:35,363 - INFO - Pressure Sensor is healthy
2026-03-21 10:54:35,364 - INFO - Vibration Sensor is healthy
2026-03-21 10:54:35,364 - ERROR - Fuel Flow Sensor FAILED - Fuel flow interrupted
2026-03-21 10:54:35,365 - INFO - Voltage Sensor is healthy
2026-03-21 10:54:35,365 - INFO - Speed Sensor is healthy
2026-03-21 10:54:35,366 - INFO - Brake Pressure Sensor is healthy
2026-03-21 10:54:35,366 - INFO - Humidity Sensor is healthy
2026-03-21 10:54:35,366 - INFO - Track Alignment Sensor is healthy
2026-03-21 10:54:35,367 - INFO - Engine Load Sensor is healthy
2026-03-21 10:54:40,367 - INFO - Temperature Sensor is healthy
2026-03-21 10:54:40,368 - INFO - Pressure Sensor is healthy
2026-03-21 10:54:40,368 - INFO - Vibration Sensor is healthy
2026-03-21 10:54:40,369 - ERROR - Fuel Flow Sensor FAILED - Fuel flow interrupted
2026-03-21 10:54:40,369 - INFO - Voltage Sensor is healthy
2026-03-21 10:54:40,369 - INFO - Speed Sensor is healthy
2026-03-21 10:54:40,370 - INFO - Brake Pressure Sensor is healthy
2026-03-21 10:54:40,370 - INFO - Humidity Sensor is healthy
2026-03-21 10:54:40,371 - INFO - Track Alignment Sensor is healthy
2026-03-21 10:54:40,371 - INFO - Engine Load Sensor is healthy
2026-03-21 10:54:45,372 - INFO - Temperature Sensor is healthy
2026-03-21 10:54:45,373 - INFO - Pressure Sensor is healthy
2026-03-21 10:54:45,373 - INFO - Vibration Sensor is healthy
2026-03-21 10:54:45,374 - ERROR - Fuel Flow Sensor FAILED - Fuel flow interrupted
2026-03-21 10:54:45,374 - INFO - Voltage Sensor is healthy
2026-03-21 10:54:45,375 - INFO - Speed Sensor is healthy
2026-03-21 10:54:45,375 - INFO - Brake Pressure Sensor is healthy
2026-03-21 10:54:45,375 - INFO - Humidity Sensor is healthy
2026-03-21 10:54:45,376 - INFO - Track Alignment Sensor is healthy
2026-03-21 10:54:45,376 - INFO - Engine Load Sensor is healthy
2026-03-21 10:54:50,377 - INFO - Temperature Sensor is healthy
2026-03-21 10:54:50,377 - INFO - Pressure Sensor is healthy
2026-03-21 10:54:50,378 - INFO - Vibration Sensor is healthy
2026-03-21 10:54:50,378 - ERROR - Fuel Flow Sensor FAILED - Fuel flow interrupted
2026-03-21 10:54:50,378 - INFO - Voltage Sensor is healthy
2026-03-21 10:54:50,378 - INFO - Speed Sensor is healthy
2026-03-21 10:54:50,379 - INFO - Brake Pressure Sensor is healthy
2026-03-21 10:54:50,379 - INFO - Humidity Sensor is healthy
2026-03-21 10:54:50,379 - INFO - Track Alignment Sensor is healthy
2026-03-21 10:54:50,379 - INFO - Engine Load Sensor is healthy
2026-03-21 10:54:55,380 - INFO - Temperature Sensor is healthy
2026-03-21 10:54:55,381 - INFO - Pressure Sensor is healthy
2026-03-21 10:54:55,381 - INFO - Vibration Sensor is healthy
2026-03-21 10:54:55,381 - ERROR - Fuel Flow Sensor FAILED - Fuel flow interrupted
2026-03-21 10:54:55,382 - INFO - Voltage Sensor is healthy
2026-03-21 10:54:55,382 - INFO - Speed Sensor is healthy
2026-03-21 10:54:55,382 - INFO - Brake Pressure Sensor is healthy
2026-03-21 10:54:55,382 - INFO - Humidity Sensor is healthy
2026-03-21 10:54:55,383 - INFO - Track Alignment Sensor is healthy
2026-03-21 10:54:55,384 - INFO - Engine Load Sensor is healthy
2026-03-21 10:55:00,385 - INFO - Temperature Sensor is healthy
2026-03-21 10:55:00,385 - INFO - Pressure Sensor is healthy
2026-03-21 10:55:00,386 - INFO - Vibration Sensor is healthy
2026-03-21 10:55:00,386 - ERROR - Fuel Flow Sensor FAILED - Fuel flow interrupted
2026-03-21 10:55:00,386 - INFO - Voltage Sensor is healthy
2026-03-21 10:55:00,386 - INFO - Speed Sensor is healthy
2026-03-21 10:55:00,387 - INFO - Brake Pressure Sensor is healthy
2026-03-21 10:55:00,387 - INFO - Humidity Sensor is healthy
2026-03-21 10:55:00,387 - INFO - Track Alignment Sensor is healthy
2026-03-21 10:55:00,387 - INFO - Engine Load Sensor is healthy
2026-03-21 10:55:05,388 - INFO - Temperature Sensor is healthy
2026-03-21 10:55:05,390 - INFO - Pressure Sensor is healthy
2026-03-21 10:55:05,395 - INFO - Vibration Sensor is healthy
2026-03-21 10:55:05,399 - ERROR - Fuel Flow Sensor FAILED - Fuel flow interrupted
2026-03-21 10:55:05,404 - INFO - Voltage Sensor is healthy
2026-03-21 10:55:05,408 - INFO - Speed Sensor is healthy
2026-03-21 10:55:05,420 - INFO - Brake Pressure Sensor is healthy
2026-03-21 10:55:05,423 - INFO - Humidity Sensor is healthy
2026-03-21 10:55:05,427 - INFO - Track Alignment Sensor is healthy
2026-03-21 10:55:05,430 - INFO - Engine Load Sensor is healthy
2026-03-21 10:55:10,432 - INFO - Temperature Sensor is healthy
2026-03-21 10:55:10,433 - INFO - Pressure Sensor is healthy
2026-03-21 10:55:10,433 - INFO - Vibration Sensor is healthy
2026-03-21 10:55:10,433 - ERROR - Fuel Flow Sensor FAILED - Fuel flow interrupted
2026-03-21 10:55:10,434 - INFO - Voltage Sensor is healthy
2026-03-21 10:55:10,434 - INFO - Speed Sensor is healthy
2026-03-21 10:55:10,435 - INFO - Brake Pressure Sensor is healthy
2026-03-21 10:55:10,435 - INFO - Humidity Sensor is healthy
2026-03-21 10:55:10,435 - INFO - Track Alignment Sensor is healthy
2026-03-21 10:55:10,436 - INFO - Engine Load Sensor is healthy
2026-03-21 10:55:15,436 - INFO - Temperature Sensor is healthy
2026-03-21 10:55:15,437 - INFO - Pressure Sensor is healthy
2026-03-21 10:55:15,437 - INFO - Vibration Sensor is healthy
2026-03-21 10:55:15,437 - ERROR - Fuel Flow Sensor FAILED - Fuel flow interrupted
2026-03-21 10:55:15,437 - INFO - Voltage Sensor is healthy
2026-03-21 10:55:15,438 - INFO - Speed Sensor is healthy
2026-03-21 10:55:15,438 - INFO - Brake Pressure Sensor is healthy
2026-03-21 10:55:15,438 - INFO - Humidity Sensor is healthy
2026-03-21 10:55:15,439 - INFO - Track Alignment Sensor is healthy
2026-03-21 10:55:15,439 - INFO - Engine Load Sensor is healthy
2026-03-21 10:55:20,439 - INFO - Temperature Sensor is healthy
2026-03-21 10:55:20,440 - INFO - Pressure Sensor is healthy
2026-03-21 10:55:20,440 - INFO - Vibration Sensor is healthy
2026-03-21 10:55:20,441 - ERROR - Fuel Flow Sensor FAILED - Fuel flow interrupted
2026-03-21 10:55:20,442 - INFO - Voltage Sensor is healthy
2026-03-21 10:55:20,442 - INFO - Speed Sensor is healthy
2026-03-21 10:55:20,443 - INFO - Brake Pressure Sensor is healthy
2026-03-21 10:55:20,443 - INFO - Humidity Sensor is healthy
2026-03-21 10:55:20,443 - INFO - Track Alignment Sensor is healthy
2026-03-21 10:55:20,443 - INFO - Engine Load Sensor is healthy
2026-03-21 10:55:25,445 - INFO - Temperature Sensor is healthy
2026-03-21 10:55:25,445 - INFO - Pressure Sensor is healthy
2026-03-21 10:55:25,446 - INFO - Vibration Sensor is healthy
2026-03-21 10:55:25,446 - ERROR - Fuel Flow Sensor FAILED - Fuel flow interrupted
2026-03-21 10:55:25,634 - INFO - Voltage Sensor is healthy
2026-03-21 10:55:25,635 - INFO - Speed Sensor is healthy
2026-03-21 10:55:25,635 - INFO - Brake Pressure Sensor is healthy
2026-03-21 10:55:25,636 - INFO - Humidity Sensor is healthy
2026-03-21 10:55:25,637 - INFO - Track Alignment Sensor is healthy
2026-03-21 10:55:25,637 - INFO - Engine Load Sensor is healthy
2026-03-21 10:55:30,638 - INFO - Temperature Sensor is healthy
2026-03-21 10:55:30,639 - INFO - Pressure Sensor is healthy
2026-03-21 10:55:30,639 - INFO - Vibration Sensor is healthy
2026-03-21 10:55:30,640 - ERROR - Fuel Flow Sensor FAILED - Fuel flow interrupted
2026-03-21 10:55:30,640 - INFO - Voltage Sensor is healthy
2026-03-21 10:55:30,641 - INFO - Speed Sensor is healthy
2026-03-21 10:55:30,641 - INFO - Brake Pressure Sensor is healthy
2026-03-21 10:55:30,642 - INFO - Humidity Sensor is healthy
2026-03-21 10:55:30,643 - INFO - Track Alignment Sensor is healthy
2026-03-21 10:55:30,644 - INFO - Engine Load Sensor is healthy
2026-03-21 10:55:35,645 - INFO - Temperature Sensor is healthy
2026-03-21 10:55:35,646 - INFO - Pressure Sensor is healthy
2026-03-21 10:55:35,647 - INFO - Vibration Sensor is healthy
2026-03-21 10:55:35,648 - ERROR - Fuel Flow Sensor FAILED - Fuel flow interrupted
2026-03-21 10:55:35,648 - INFO - Voltage Sensor is healthy
2026-03-21 10:55:35,649 - INFO - Speed Sensor is healthy
2026-03-21 10:55:35,649 - INFO - Brake Pressure Sensor is healthy
2026-03-21 10:55:35,650 - INFO - Humidity Sensor is healthy
2026-03-21 10:55:35,650 - INFO - Track Alignment Sensor is healthy
2026-03-21 10:55:35,651 - INFO - Engine Load Sensor is healthy
2026-03-21 10:55:40,652 - INFO - Temperature Sensor is healthy
2026-03-21 10:55:40,652 - INFO - Pressure Sensor is healthy
2026-03-21 10:55:40,653 - INFO - Vibration Sensor is healthy
2026-03-21 10:55:40,654 - ERROR - Fuel Flow Sensor FAILED - Fuel flow interrupted
2026-03-21 10:55:40,654 - INFO - Voltage Sensor is healthy
2026-03-21 10:55:40,655 - INFO - Speed Sensor is healthy
2026-03-21 10:55:40,656 - INFO - Brake Pressure Sensor is healthy
2026-03-21 10:55:40,656 - INFO - Humidity Sensor is healthy
2026-03-21 10:55:40,657 - INFO - Track Alignment Sensor is healthy
2026-03-21 10:55:40,658 - INFO - Engine Load Sensor is healthy
2026-03-21 10:55:45,660 - INFO - Temperature Sensor is healthy
2026-03-21 10:55:45,660 - INFO - Pressure Sensor is healthy
2026-03-21 10:55:45,661 - INFO - Vibration Sensor is healthy
2026-03-21 10:55:45,661 - ERROR - Fuel Flow Sensor FAILED - Fuel flow interrupted
2026-03-21 10:55:45,662 - INFO - Voltage Sensor is healthy
2026-03-21 10:55:45,663 - INFO - Speed Sensor is healthy
2026-03-21 10:55:45,663 - INFO - Brake Pressure Sensor is healthy
2026-03-21 10:55:45,664 - INFO - Humidity Sensor is healthy
2026-03-21 10:55:45,664 - INFO - Track Alignment Sensor is healthy
2026-03-21 10:55:45,664 - INFO - Engine Load Sensor is healthy
2026-03-21 10:55:50,666 - INFO - Temperature Sensor is healthy
2026-03-21 10:55:50,666 - INFO - Pressure Sensor is healthy
2026-03-21 10:55:50,667 - INFO - Vibration Sensor is healthy
2026-03-21 10:55:50,667 - ERROR - Fuel Flow Sensor FAILED - Fuel flow interrupted
2026-03-21 10:55:50,667 - INFO - Voltage Sensor is healthy
2026-03-21 10:55:50,668 - INFO - Speed Sensor is healthy
2026-03-21 10:55:50,668 - INFO - Brake Pressure Sensor is healthy
2026-03-21 10:55:50,669 - INFO - Humidity Sensor is healthy
2026-03-21 10:55:50,669 - INFO - Track Alignment Sensor is healthy
2026-03-21 10:55:50,669 - INFO - Engine Load Sensor is healthy
2026-03-21 10:55:55,670 - INFO - Temperature Sensor is healthy
2026-03-21 10:55:55,671 - INFO - Pressure Sensor is healthy
2026-03-21 10:55:55,672 - INFO - Vibration Sensor is healthy
2026-03-21 10:55:55,672 - ERROR - Fuel Flow Sensor FAILED - Fuel flow interrupted
2026-03-21 10:55:55,673 - INFO - Voltage Sensor is healthy
2026-03-21 10:55:55,673 - INFO - Speed Sensor is healthy
2026-03-21 10:55:55,674 - INFO - Brake Pressure Sensor is healthy
2026-03-21 10:55:55,674 - INFO - Humidity Sensor is healthy
2026-03-21 10:55:55,675 - INFO - Track Alignment Sensor is healthy
2026-03-21 10:55:55,675 - INFO - Engine Load Sensor is healthy
2026-03-21 10:56:00,677 - INFO - Temperature Sensor is healthy
2026-03-21 10:56:00,677 - INFO - Pressure Sensor is healthy
2026-03-21 10:56:00,678 - INFO - Vibration Sensor is healthy
2026-03-21 10:56:00,679 - ERROR - Fuel Flow Sensor FAILED - Fuel flow interrupted
2026-03-21 10:56:00,679 - INFO - Voltage Sensor is healthy
2026-03-21 10:56:00,680 - INFO - Speed Sensor is healthy
2026-03-21 10:56:00,680 - INFO - Brake Pressure Sensor is healthy
2026-03-21 10:56:00,681 - INFO - Humidity Sensor is healthy
2026-03-21 10:56:00,681 - INFO - Track Alignment Sensor is healthy
2026-03-21 10:56:00,682 - INFO - Engine Load Sensor is healthy
2026-03-21 10:56:05,682 - INFO - Temperature Sensor is healthy
2026-03-21 10:56:05,683 - INFO - Pressure Sensor is healthy
2026-03-21 10:56:05,683 - INFO - Vibration Sensor is healthy
2026-03-21 10:56:05,684 - ERROR - Fuel Flow Sensor FAILED - Fuel flow interrupted
2026-03-21 10:56:05,684 - INFO - Voltage Sensor is healthy
2026-03-21 10:56:05,685 - INFO - Speed Sensor is healthy
2026-03-21 10:56:05,685 - INFO - Brake Pressure Sensor is healthy
2026-03-21 10:56:05,685 - INFO - Humidity Sensor is healthy
2026-03-21 10:56:05,685 - INFO - Track Alignment Sensor is healthy
2026-03-21 10:56:05,685 - INFO - Engine Load Sensor is healthy
2026-03-21 10:56:10,686 - INFO - Temperature Sensor is healthy
2026-03-21 10:56:10,687 - INFO - Pressure Sensor is healthy
2026-03-21 10:56:10,688 - INFO - Vibration Sensor is healthy
2026-03-21 10:56:10,689 - ERROR - Fuel Flow Sensor FAILED - Fuel flow interrupted
2026-03-21 10:56:10,689 - INFO - Voltage Sensor is healthy
2026-03-21 10:56:10,690 - INFO - Speed Sensor is healthy
2026-03-21 10:56:10,690 - INFO - Brake Pressure Sensor is healthy
2026-03-21 10:56:10,691 - INFO - Humidity Sensor is healthy
2026-03-21 10:56:10,692 - INFO - Track Alignment Sensor is healthy
2026-03-21 10:56:10,692 - INFO - Engine Load Sensor is healthy
2026-03-21 10:56:15,693 - INFO - Temperature Sensor is healthy
2026-03-21 10:56:15,695 - INFO - Pressure Sensor is healthy
2026-03-21 10:56:15,695 - INFO - Vibration Sensor is healthy
2026-03-21 10:56:15,695 - ERROR - Fuel Flow Sensor FAILED - Fuel flow interrupted
2026-03-21 10:56:15,696 - INFO - Voltage Sensor is healthy
2026-03-21 10:56:15,696 - INFO - Speed Sensor is healthy
2026-03-21 10:56:15,697 - INFO - Brake Pressure Sensor is healthy
2026-03-21 10:56:15,697 - INFO - Humidity Sensor is healthy
2026-03-21 10:56:15,697 - INFO - Track Alignment Sensor is healthy
2026-03-21 10:56:15,698 - INFO - Engine Load Sensor is healthy
2026-03-21 10:56:20,698 - INFO - Temperature Sensor is healthy
2026-03-21 10:56:20,699 - INFO - Pressure Sensor is healthy
2026-03-21 10:56:20,699 - INFO - Vibration Sensor is healthy
2026-03-21 10:56:20,700 - ERROR - Fuel Flow Sensor FAILED - Fuel flow interrupted
2026-03-21 10:56:20,700 - INFO - Voltage Sensor is healthy
2026-03-21 10:56:20,701 - INFO - Speed Sensor is healthy
2026-03-21 10:56:20,701 - INFO - Brake Pressure Sensor is healthy
2026-03-21 10:56:20,701 - INFO - Humidity Sensor is healthy
2026-03-21 10:56:20,702 - INFO - Track Alignment Sensor is healthy
2026-03-21 10:56:20,702 - INFO - Engine Load Sensor is healthy
2026-03-21 10:56:25,703 - INFO - Temperature Sensor is healthy
2026-03-21 10:56:25,704 - INFO - Pressure Sensor is healthy
2026-03-21 10:56:25,705 - INFO - Vibration Sensor is healthy
2026-03-21 10:56:25,705 - ERROR - Fuel Flow Sensor FAILED - Fuel flow interrupted
2026-03-21 10:56:25,705 - INFO - Voltage Sensor is healthy
2026-03-21 10:56:25,706 - INFO - Speed Sensor is healthy
2026-03-21 10:56:25,706 - INFO - Brake Pressure Sensor is healthy
2026-03-21 10:56:25,706 - INFO - Humidity Sensor is healthy
2026-03-21 10:56:25,707 - INFO - Track Alignment Sensor is healthy
2026-03-21 10:56:25,707 - INFO - Engine Load Sensor is healthy
2026-03-21 10:56:30,707 - INFO - Temperature Sensor is healthy
2026-03-21 10:56:30,710 - INFO - Pressure Sensor is healthy
2026-03-21 10:56:30,710 - INFO - Vibration Sensor is healthy
2026-03-21 10:56:30,710 - ERROR - Fuel Flow Sensor FAILED - Fuel flow interrupted
2026-03-21 10:56:30,710 - INFO - Voltage Sensor is healthy
2026-03-21 10:56:30,711 - INFO - Speed Sensor is healthy
2026-03-21 10:56:30,711 - INFO - Brake Pressure Sensor is healthy
2026-03-21 10:56:30,711 - INFO - Humidity Sensor is healthy
2026-03-21 10:56:30,711 - INFO - Track Alignment Sensor is healthy
2026-03-21 10:56:30,712 - INFO - Engine Load Sensor is healthy
2026-03-21 10:56:35,712 - INFO - Temperature Sensor is healthy
2026-03-21 10:56:35,713 - INFO - Pressure Sensor is healthy
2026-03-21 10:56:35,713 - INFO - Vibration Sensor is healthy
2026-03-21 10:56:35,713 - ERROR - Fuel Flow Sensor FAILED - Fuel flow interrupted
2026-03-21 10:56:35,714 - INFO - Voltage Sensor is healthy
2026-03-21 10:56:35,714 - INFO - Speed Sensor is healthy
2026-03-21 10:56:35,714 - INFO - Brake Pressure Sensor is healthy
2026-03-21 10:56:35,715 - INFO - Humidity Sensor is healthy
2026-03-21 10:56:35,715 - INFO - Track Alignment Sensor is healthy
2026-03-21 10:56:35,715 - INFO - Engine Load Sensor is healthy
2026-03-21 10:56:40,716 - INFO - Temperature Sensor is healthy
2026-03-21 10:56:40,716 - INFO - Pressure Sensor is healthy
2026-03-21 10:56:40,717 - INFO - Vibration Sensor is healthy
2026-03-21 10:56:40,717 - ERROR - Fuel Flow Sensor FAILED - Fuel flow interrupted
2026-03-21 10:56:40,718 - INFO - Voltage Sensor is healthy
2026-03-21 10:56:40,718 - INFO - Speed Sensor is healthy
2026-03-21 10:56:40,718 - INFO - Brake Pressure Sensor is healthy
2026-03-21 10:56:40,719 - INFO - Humidity Sensor is healthy
2026-03-21 10:56:40,719 - INFO - Track Alignment Sensor is healthy
2026-03-21 10:56:40,719 - INFO - Engine Load Sensor is healthy
2026-03-21 10:56:45,720 - INFO - Temperature Sensor is healthy
2026-03-21 10:56:45,721 - INFO - Pressure Sensor is healthy
2026-03-21 10:56:45,721 - INFO - Vibration Sensor is healthy
2026-03-21 10:56:45,721 - ERROR - Fuel Flow Sensor FAILED - Fuel flow interrupted
2026-03-21 10:56:45,721 - INFO - Voltage Sensor is healthy
2026-03-21 10:56:45,722 - INFO - Speed Sensor is healthy
2026-03-21 10:56:45,722 - INFO - Brake Pressure Sensor is healthy
2026-03-21 10:56:45,723 - INFO - Humidity Sensor is healthy
2026-03-21 10:56:45,723 - INFO - Track Alignment Sensor is healthy
2026-03-21 10:56:45,724 - INFO - Engine Load Sensor is healthy
2026-03-21 10:56:50,726 - INFO - Temperature Sensor is healthy
2026-03-21 10:56:50,726 - INFO - Pressure Sensor is healthy
2026-03-21 10:56:50,727 - INFO - Vibration Sensor is healthy
2026-03-21 10:56:50,727 - ERROR - Fuel Flow Sensor FAILED - Fuel flow interrupted
2026-03-21 10:56:50,728 - INFO - Voltage Sensor is healthy
2026-03-21 10:56:50,728 - INFO - Speed Sensor is healthy
2026-03-21 10:56:50,729 - INFO - Brake Pressure Sensor is healthy
2026-03-21 10:56:50,730 - INFO - Humidity Sensor is healthy
2026-03-21 10:56:50,730 - INFO - Track Alignment Sensor is healthy
2026-03-21 10:56:50,730 - INFO - Engine Load Sensor is healthy
2026-03-21 10:56:55,732 - INFO - Temperature Sensor is healthy
2026-03-21 10:56:55,732 - INFO - Pressure Sensor is healthy
2026-03-21 10:56:55,733 - INFO - Vibration Sensor is healthy
2026-03-21 10:56:55,733 - ERROR - Fuel Flow Sensor FAILED - Fuel flow interrupted
2026-03-21 10:56:55,734 - INFO - Voltage Sensor is healthy
2026-03-21 10:56:55,734 - INFO - Speed Sensor is healthy
2026-03-21 10:56:55,735 - INFO - Brake Pressure Sensor is healthy
2026-03-21 10:56:55,736 - INFO - Humidity Sensor is healthy
2026-03-21 10:56:55,736 - INFO - Track Alignment Sensor is healthy
2026-03-21 10:56:55,737 - INFO - Engine Load Sensor is healthy
2026-03-21 10:57:00,749 - INFO - Temperature Sensor is healthy
2026-03-21 10:57:00,755 - INFO - Pressure Sensor is healthy
2026-03-21 10:57:00,757 - INFO - Vibration Sensor is healthy
2026-03-21 10:57:00,760 - ERROR - Fuel Flow Sensor FAILED - Fuel flow interrupted
2026-03-21 10:57:00,763 - INFO - Voltage Sensor is healthy
2026-03-21 10:57:00,769 - INFO - Speed Sensor is healthy
2026-03-21 10:57:00,774 - INFO - Brake Pressure Sensor is healthy
2026-03-21 10:57:00,797 - INFO - Humidity Sensor is healthy
2026-03-21 10:57:00,804 - INFO - Track Alignment Sensor is healthy
2026-03-21 10:57:00,817 - INFO - Engine Load Sensor is healthy
2026-03-21 10:57:05,825 - INFO - Temperature Sensor is healthy
2026-03-21 10:57:05,826 - INFO - Pressure Sensor is healthy
2026-03-21 10:57:05,827 - INFO - Vibration Sensor is healthy
2026-03-21 10:57:05,828 - ERROR - Fuel Flow Sensor FAILED - Fuel flow interrupted
2026-03-21 10:57:05,828 - INFO - Voltage Sensor is healthy
2026-03-21 10:57:05,829 - INFO - Speed Sensor is healthy
2026-03-21 10:57:05,830 - INFO - Brake Pressure Sensor is healthy
2026-03-21 10:57:05,830 - INFO - Humidity Sensor is healthy
2026-03-21 10:57:05,830 - INFO - Track Alignment Sensor is healthy
2026-03-21 10:57:05,831 - INFO - Engine Load Sensor is healthy
2026-03-21 10:57:10,831 - INFO - Temperature Sensor is healthy
2026-03-21 10:57:10,832 - INFO - Pressure Sensor is healthy
2026-03-21 10:57:10,833 - INFO - Vibration Sensor is healthy
2026-03-21 10:57:10,833 - ERROR - Fuel Flow Sensor FAILED - Fuel flow interrupted
2026-03-21 10:57:10,833 - INFO - Voltage Sensor is healthy
2026-03-21 10:57:10,834 - INFO - Speed Sensor is healthy
2026-03-21 10:57:10,834 - INFO - Brake Pressure Sensor is healthy
2026-03-21 10:57:10,835 - INFO - Humidity Sensor is healthy
2026-03-21 10:57:10,835 - INFO - Track Alignment Sensor is healthy
2026-03-21 10:57:10,836 - INFO - Engine Load Sensor is healthy
2026-03-21 10:57:15,837 - INFO - Temperature Sensor is healthy
2026-03-21 10:57:15,837 - INFO - Pressure Sensor is healthy
2026-03-21 10:57:15,838 - INFO - Vibration Sensor is healthy
2026-03-21 10:57:15,838 - ERROR - Fuel Flow Sensor FAILED - Fuel flow interrupted
2026-03-21 10:57:15,839 - INFO - Voltage Sensor is healthy
2026-03-21 10:57:15,839 - INFO - Speed Sensor is healthy
2026-03-21 10:57:15,840 - INFO - Brake Pressure Sensor is healthy
2026-03-21 10:57:15,840 - INFO - Humidity Sensor is healthy
2026-03-21 10:57:15,841 - INFO - Track Alignment Sensor is healthy
2026-03-21 10:57:15,841 - INFO - Engine Load Sensor is healthy
2026-03-21 10:57:20,842 - INFO - Temperature Sensor is healthy
2026-03-21 10:57:20,842 - INFO - Pressure Sensor is healthy
2026-03-21 10:57:20,843 - INFO - Vibration Sensor is healthy
2026-03-21 10:57:20,843 - ERROR - Fuel Flow Sensor FAILED - Fuel flow interrupted
2026-03-21 10:57:20,843 - INFO - Voltage Sensor is healthy
2026-03-21 10:57:20,844 - INFO - Speed Sensor is healthy
2026-03-21 10:57:20,844 - INFO - Brake Pressure Sensor is healthy
2026-03-21 10:57:20,845 - INFO - Humidity Sensor is healthy
2026-03-21 10:57:20,845 - INFO - Track Alignment Sensor is healthy
2026-03-21 10:57:20,845 - INFO - Engine Load Sensor is healthy
2026-03-21 10:57:25,846 - INFO - Temperature Sensor is healthy
2026-03-21 10:57:25,847 - INFO - Pressure Sensor is healthy
2026-03-21 10:57:25,848 - INFO - Vibration Sensor is healthy
2026-03-21 10:57:25,848 - ERROR - Fuel Flow Sensor FAILED - Fuel flow interrupted
2026-03-21 10:57:25,849 - INFO - Voltage Sensor is healthy
2026-03-21 10:57:25,850 - INFO - Speed Sensor is healthy
2026-03-21 10:57:25,850 - INFO - Brake Pressure Sensor is healthy
2026-03-21 10:57:25,851 - INFO - Humidity Sensor is healthy
2026-03-21 10:57:25,851 - INFO - Track Alignment Sensor is healthy
2026-03-21 10:57:25,851 - INFO - Engine Load Sensor is healthy
2026-03-21 10:57:30,852 - INFO - Temperature Sensor is healthy
2026-03-21 10:57:30,854 - INFO - Pressure Sensor is healthy
2026-03-21 10:57:30,855 - INFO - Vibration Sensor is healthy
2026-03-21 10:57:30,855 - ERROR - Fuel Flow Sensor FAILED - Fuel flow interrupted
2026-03-21 10:57:30,855 - INFO - Voltage Sensor is healthy
2026-03-21 10:57:30,856 - INFO - Speed Sensor is healthy
2026-03-21 10:57:30,856 - INFO - Brake Pressure Sensor is healthy
2026-03-21 10:57:30,857 - INFO - Humidity Sensor is healthy
2026-03-21 10:57:30,857 - INFO - Track Alignment Sensor is healthy
2026-03-21 10:57:30,857 - INFO - Engine Load Sensor is healthy
2026-03-21 10:57:35,858 - INFO - Temperature Sensor is healthy
2026-03-21 10:57:35,859 - INFO - Pressure Sensor is healthy
2026-03-21 10:57:35,859 - INFO - Vibration Sensor is healthy
2026-03-21 10:57:35,860 - ERROR - Fuel Flow Sensor FAILED - Fuel flow interrupted
2026-03-21 10:57:35,860 - INFO - Voltage Sensor is healthy
2026-03-21 10:57:35,861 - INFO - Speed Sensor is healthy
2026-03-21 10:57:35,861 - INFO - Brake Pressure Sensor is healthy
2026-03-21 10:57:35,862 - INFO - Humidity Sensor is healthy
2026-03-21 10:57:35,862 - INFO - Track Alignment Sensor is healthy
2026-03-21 10:57:35,863 - INFO - Engine Load Sensor is healthy
2026-03-21 10:57:40,863 - INFO - Temperature Sensor is healthy
2026-03-21 10:57:40,864 - INFO - Pressure Sensor is healthy
2026-03-21 10:57:40,864 - INFO - Vibration Sensor is healthy
2026-03-21 10:57:40,865 - ERROR - Fuel Flow Sensor FAILED - Fuel flow interrupted
2026-03-21 10:57:40,865 - INFO - Voltage Sensor is healthy
2026-03-21 10:57:40,865 - INFO - Speed Sensor is healthy
2026-03-21 10:57:40,866 - INFO - Brake Pressure Sensor is healthy
2026-03-21 10:57:40,866 - INFO - Humidity Sensor is healthy
2026-03-21 10:57:40,866 - INFO - Track Alignment Sensor is healthy
2026-03-21 10:57:40,867 - INFO - Engine Load Sensor is healthy
2026-03-21 10:57:45,868 - INFO - Temperature Sensor is healthy
2026-03-21 10:57:45,868 - INFO - Pressure Sensor is healthy
2026-03-21 10:57:45,869 - INFO - Vibration Sensor is healthy
2026-03-21 10:57:45,869 - ERROR - Fuel Flow Sensor FAILED - Fuel flow interrupted
2026-03-21 10:57:45,870 - INFO - Voltage Sensor is healthy
2026-03-21 10:57:45,871 - INFO - Speed Sensor is healthy
2026-03-21 10:57:45,871 - INFO - Brake Pressure Sensor is healthy
2026-03-21 10:57:45,872 - INFO - Humidity Sensor is healthy
2026-03-21 10:57:45,872 - INFO - Track Alignment Sensor is healthy
2026-03-21 10:57:45,873 - INFO - Engine Load Sensor is healthy
2026-03-21 10:57:50,874 - INFO - Temperature Sensor is healthy
2026-03-21 10:57:50,875 - INFO - Pressure Sensor is healthy
2026-03-21 10:57:50,877 - INFO - Vibration Sensor is healthy
2026-03-21 10:57:50,878 - ERROR - Fuel Flow Sensor FAILED - Fuel flow interrupted
2026-03-21 10:57:50,879 - INFO - Voltage Sensor is healthy
2026-03-21 10:57:50,880 - INFO - Speed Sensor is healthy
2026-03-21 10:57:50,881 - INFO - Brake Pressure Sensor is healthy
2026-03-21 10:57:50,881 - INFO - Humidity Sensor is healthy
2026-03-21 10:57:50,882 - INFO - Track Alignment Sensor is healthy
2026-03-21 10:57:50,883 - INFO - Engine Load Sensor is healthy
2026-03-21 10:57:55,884 - INFO - Temperature Sensor is healthy
2026-03-21 10:57:55,885 - INFO - Pressure Sensor is healthy
2026-03-21 10:57:55,885 - INFO - Vibration Sensor is healthy
2026-03-21 10:57:55,886 - ERROR - Fuel Flow Sensor FAILED - Fuel flow interrupted
2026-03-21 10:57:55,886 - INFO - Voltage Sensor is healthy
2026-03-21 10:57:55,886 - INFO - Speed Sensor is healthy
2026-03-21 10:57:55,887 - INFO - Brake Pressure Sensor is healthy
2026-03-21 10:57:55,887 - INFO - Humidity Sensor is healthy
2026-03-21 10:57:55,887 - INFO - Track Alignment Sensor is healthy
2026-03-21 10:57:55,888 - INFO - Engine Load Sensor is healthy
2026-03-21 10:58:00,889 - INFO - Temperature Sensor is healthy
2026-03-21 10:58:00,889 - INFO - Pressure Sensor is healthy
2026-03-21 10:58:00,890 - INFO - Vibration Sensor is healthy
2026-03-21 10:58:00,890 - ERROR - Fuel Flow Sensor FAILED - Fuel flow interrupted
2026-03-21 10:58:00,891 - INFO - Voltage Sensor is healthy
2026-03-21 10:58:00,891 - INFO - Speed Sensor is healthy
2026-03-21 10:58:00,892 - INFO - Brake Pressure Sensor is healthy
2026-03-21 10:58:00,892 - INFO - Humidity Sensor is healthy
2026-03-21 10:58:00,893 - INFO - Track Alignment Sensor is healthy
2026-03-21 10:58:00,894 - INFO - Engine Load Sensor is healthy
2026-03-21 10:58:05,895 - INFO - Temperature Sensor is healthy
2026-03-21 10:58:05,896 - INFO - Pressure Sensor is healthy
2026-03-21 10:58:05,897 - INFO - Vibration Sensor is healthy
2026-03-21 10:58:05,897 - ERROR - Fuel Flow Sensor FAILED - Fuel flow interrupted
2026-03-21 10:58:05,897 - INFO - Voltage Sensor is healthy
2026-03-21 10:58:05,898 - INFO - Speed Sensor is healthy
2026-03-21 10:58:05,898 - INFO - Brake Pressure Sensor is healthy
2026-03-21 10:58:05,898 - INFO - Humidity Sensor is healthy
2026-03-21 10:58:05,899 - INFO - Track Alignment Sensor is healthy
2026-03-21 10:58:05,899 - INFO - Engine Load Sensor is healthy
2026-03-21 10:58:10,900 - INFO - Temperature Sensor is healthy
2026-03-21 10:58:10,900 - INFO - Pressure Sensor is healthy
2026-03-21 10:58:10,901 - INFO - Vibration Sensor is healthy
2026-03-21 10:58:10,901 - ERROR - Fuel Flow Sensor FAILED - Fuel flow interrupted
2026-03-21 10:58:10,902 - INFO - Voltage Sensor is healthy
2026-03-21 10:58:10,903 - INFO - Speed Sensor is healthy
2026-03-21 10:58:10,903 - INFO - Brake Pressure Sensor is healthy
2026-03-21 10:58:10,904 - INFO - Humidity Sensor is healthy
2026-03-21 10:58:10,904 - INFO - Track Alignment Sensor is healthy
2026-03-21 10:58:10,905 - INFO - Engine Load Sensor is healthy
2026-03-21 10:58:15,905 - INFO - Temperature Sensor is healthy
2026-03-21 10:58:15,906 - INFO - Pressure Sensor is healthy
2026-03-21 10:58:15,907 - INFO - Vibration Sensor is healthy
2026-03-21 10:58:15,907 - ERROR - Fuel Flow Sensor FAILED - Fuel flow interrupted
2026-03-21 10:58:15,907 - INFO - Voltage Sensor is healthy
2026-03-21 10:58:15,908 - INFO - Speed Sensor is healthy
2026-03-21 10:58:15,909 - INFO - Brake Pressure Sensor is healthy
2026-03-21 10:58:15,909 - INFO - Humidity Sensor is healthy
2026-03-21 10:58:15,910 - INFO - Track Alignment Sensor is healthy
2026-03-21 10:58:15,910 - INFO - Engine Load Sensor is healthy
2026-03-21 10:58:20,911 - INFO - Temperature Sensor is healthy
2026-03-21 10:58:20,912 - INFO - Pressure Sensor is healthy
2026-03-21 10:58:20,913 - INFO - Vibration Sensor is healthy
2026-03-21 10:58:20,913 - ERROR - Fuel Flow Sensor FAILED - Fuel flow interrupted
2026-03-21 10:58:20,914 - INFO - Voltage Sensor is healthy
2026-03-21 10:58:20,914 - INFO - Speed Sensor is healthy
2026-03-21 10:58:20,915 - INFO - Brake Pressure Sensor is healthy
2026-03-21 10:58:20,915 - INFO - Humidity Sensor is healthy
2026-03-21 10:58:20,915 - INFO - Track Alignment Sensor is healthy
2026-03-21 10:58:20,916 - INFO - Engine Load Sensor is healthy
2026-03-21 10:58:25,917 - INFO - Temperature Sensor is healthy
2026-03-21 10:58:25,917 - INFO - Pressure Sensor is healthy
2026-03-21 10:58:25,917 - INFO - Vibration Sensor is healthy
2026-03-21 10:58:25,918 - ERROR - Fuel Flow Sensor FAILED - Fuel flow interrupted
2026-03-21 10:58:25,918 - INFO - Voltage Sensor is healthy
2026-03-21 10:58:25,918 - INFO - Speed Sensor is healthy
2026-03-21 10:58:25,919 - INFO - Brake Pressure Sensor is healthy
2026-03-21 10:58:25,919 - INFO - Humidity Sensor is healthy
2026-03-21 10:58:25,920 - INFO - Track Alignment Sensor is healthy
2026-03-21 10:58:25,920 - INFO - Engine Load Sensor is healthy
2026-03-21 10:58:30,921 - INFO - Temperature Sensor is healthy
2026-03-21 10:58:30,922 - INFO - Pressure Sensor is healthy
2026-03-21 10:58:30,922 - INFO - Vibration Sensor is healthy
2026-03-21 10:58:30,922 - ERROR - Fuel Flow Sensor FAILED - Fuel flow interrupted
2026-03-21 10:58:30,923 - INFO - Voltage Sensor is healthy
2026-03-21 10:58:30,923 - INFO - Speed Sensor is healthy
2026-03-21 10:58:30,924 - INFO - Brake Pressure Sensor is healthy
2026-03-21 10:58:30,924 - INFO - Humidity Sensor is healthy
2026-03-21 10:58:30,924 - INFO - Track Alignment Sensor is healthy
2026-03-21 10:58:30,925 - INFO - Engine Load Sensor is healthy
2026-03-21 10:58:35,926 - INFO - Temperature Sensor is healthy
2026-03-21 10:58:35,926 - INFO - Pressure Sensor is healthy
2026-03-21 10:58:35,927 - INFO - Vibration Sensor is healthy
2026-03-21 10:58:35,927 - ERROR - Fuel Flow Sensor FAILED - Fuel flow interrupted
2026-03-21 10:58:35,928 - INFO - Voltage Sensor is healthy
2026-03-21 10:58:35,928 - INFO - Speed Sensor is healthy
2026-03-21 10:58:35,929 - INFO - Brake Pressure Sensor is healthy
2026-03-21 10:58:35,929 - INFO - Humidity Sensor is healthy
2026-03-21 10:58:35,929 - INFO - Track Alignment Sensor is healthy
2026-03-21 10:58:35,930 - INFO - Engine Load Sensor is healthy
2026-03-21 10:58:40,931 - INFO - Temperature Sensor is healthy
2026-03-21 10:58:40,931 - INFO - Pressure Sensor is healthy
2026-03-21 10:58:40,932 - INFO - Vibration Sensor is healthy
2026-03-21 10:58:40,932 - ERROR - Fuel Flow Sensor FAILED - Fuel flow interrupted
2026-03-21 10:58:40,933 - INFO - Voltage Sensor is healthy
2026-03-21 10:58:40,933 - INFO - Speed Sensor is healthy
2026-03-21 10:58:40,934 - INFO - Brake Pressure Sensor is healthy
2026-03-21 10:58:40,934 - INFO - Humidity Sensor is healthy
2026-03-21 10:58:40,935 - INFO - Track Alignment Sensor is healthy
2026-03-21 10:58:40,935 - INFO - Engine Load Sensor is healthy
2026-03-21 10:58:45,936 - INFO - Temperature Sensor is healthy
2026-03-21 10:58:45,937 - INFO - Pressure Sensor is healthy
2026-03-21 10:58:45,938 - INFO - Vibration Sensor is healthy
2026-03-21 10:58:45,938 - ERROR - Fuel Flow Sensor FAILED - Fuel flow interrupted
2026-03-21 10:58:45,939 - INFO - Voltage Sensor is healthy
2026-03-21 10:58:45,939 - INFO - Speed Sensor is healthy
2026-03-21 10:58:45,939 - INFO - Brake Pressure Sensor is healthy
2026-03-21 10:58:45,940 - INFO - Humidity Sensor is healthy
2026-03-21 10:58:45,940 - INFO - Track Alignment Sensor is healthy
2026-03-21 10:58:45,940 - INFO - Engine Load Sensor is healthy
2026-03-21 10:58:50,941 - INFO - Temperature Sensor is healthy
2026-03-21 10:58:50,942 - INFO - Pressure Sensor is healthy
2026-03-21 10:58:50,942 - INFO - Vibration Sensor is healthy
2026-03-21 10:58:50,942 - ERROR - Fuel Flow Sensor FAILED - Fuel flow interrupted
2026-03-21 10:58:50,942 - INFO - Voltage Sensor is healthy
2026-03-21 10:58:50,943 - INFO - Speed Sensor is healthy
2026-03-21 10:58:50,943 - INFO - Brake Pressure Sensor is healthy
2026-03-21 10:58:50,944 - INFO - Humidity Sensor is healthy
2026-03-21 10:58:50,945 - INFO - Track Alignment Sensor is healthy
2026-03-21 10:58:50,945 - INFO - Engine Load Sensor is healthy
2026-03-21 10:58:55,947 - INFO - Temperature Sensor is healthy
2026-03-21 10:58:55,948 - INFO - Pressure Sensor is healthy
2026-03-21 10:58:55,948 - INFO - Vibration Sensor is healthy
2026-03-21 10:58:55,948 - ERROR - Fuel Flow Sensor FAILED - Fuel flow interrupted
2026-03-21 10:58:55,949 - INFO - Voltage Sensor is healthy
2026-03-21 10:58:55,949 - INFO - Speed Sensor is healthy
2026-03-21 10:58:55,949 - INFO - Brake Pressure Sensor is healthy
2026-03-21 10:58:55,950 - INFO - Humidity Sensor is healthy
2026-03-21 10:58:55,950 - INFO - Track Alignment Sensor is healthy
2026-03-21 10:58:55,950 - INFO - Engine Load Sensor is healthy
2026-03-21 10:59:00,951 - INFO - Temperature Sensor is healthy
2026-03-21 10:59:00,951 - INFO - Pressure Sensor is healthy
2026-03-21 10:59:00,952 - INFO - Vibration Sensor is healthy
2026-03-21 10:59:00,952 - ERROR - Fuel Flow Sensor FAILED - Fuel flow interrupted
2026-03-21 10:59:00,952 - INFO - Voltage Sensor is healthy
2026-03-21 10:59:00,953 - INFO - Speed Sensor is healthy
2026-03-21 10:59:00,953 - INFO - Brake Pressure Sensor is healthy
2026-03-21 10:59:00,953 - INFO - Humidity Sensor is healthy
2026-03-21 10:59:00,953 - INFO - Track Alignment Sensor is healthy
2026-03-21 10:59:00,954 - INFO - Engine Load Sensor is healthy
2026-03-21 10:59:05,955 - INFO - Temperature Sensor is healthy
2026-03-21 10:59:05,955 - INFO - Pressure Sensor is healthy
2026-03-21 10:59:05,956 - INFO - Vibration Sensor is healthy
2026-03-21 10:59:05,956 - ERROR - Fuel Flow Sensor FAILED - Fuel flow interrupted
2026-03-21 10:59:05,957 - INFO - Voltage Sensor is healthy
2026-03-21 10:59:05,957 - INFO - Speed Sensor is healthy
2026-03-21 10:59:05,958 - INFO - Brake Pressure Sensor is healthy
2026-03-21 10:59:05,958 - INFO - Humidity Sensor is healthy
2026-03-21 10:59:05,959 - INFO - Track Alignment Sensor is healthy
2026-03-21 10:59:05,959 - INFO - Engine Load Sensor is healthy
2026-03-21 10:59:10,960 - INFO - Temperature Sensor is healthy
2026-03-21 10:59:10,961 - INFO - Pressure Sensor is healthy
2026-03-21 10:59:10,961 - INFO - Vibration Sensor is healthy
2026-03-21 10:59:10,962 - ERROR - Fuel Flow Sensor FAILED - Fuel flow interrupted
2026-03-21 10:59:10,962 - INFO - Voltage Sensor is healthy
2026-03-21 10:59:10,962 - INFO - Speed Sensor is healthy
2026-03-21 10:59:10,963 - INFO - Brake Pressure Sensor is healthy
2026-03-21 10:59:10,963 - INFO - Humidity Sensor is healthy
2026-03-21 10:59:10,964 - INFO - Track Alignment Sensor is healthy
2026-03-21 10:59:10,964 - INFO - Engine Load Sensor is healthy
2026-03-21 10:59:15,965 - INFO - Temperature Sensor is healthy
2026-03-21 10:59:15,966 - INFO - Pressure Sensor is healthy
2026-03-21 10:59:15,966 - INFO - Vibration Sensor is healthy
2026-03-21 10:59:15,967 - ERROR - Fuel Flow Sensor FAILED - Fuel flow interrupted
2026-03-21 10:59:15,967 - INFO - Voltage Sensor is healthy
2026-03-21 10:59:15,968 - INFO - Speed Sensor is healthy
2026-03-21 10:59:15,968 - INFO - Brake Pressure Sensor is healthy
2026-03-21 10:59:15,969 - INFO - Humidity Sensor is healthy
2026-03-21 10:59:15,969 - INFO - Track Alignment Sensor is healthy
2026-03-21 10:59:15,970 - INFO - Engine Load Sensor is healthy
2026-03-21 10:59:20,976 - INFO - Temperature Sensor is healthy
2026-03-21 10:59:20,977 - INFO - Pressure Sensor is healthy
2026-03-21 10:59:20,977 - INFO - Vibration Sensor is healthy
2026-03-21 10:59:20,978 - ERROR - Fuel Flow Sensor FAILED - Fuel flow interrupted
2026-03-21 10:59:20,978 - INFO - Voltage Sensor is healthy
2026-03-21 10:59:20,978 - INFO - Speed Sensor is healthy
2026-03-21 10:59:20,979 - INFO - Brake Pressure Sensor is healthy
2026-03-21 10:59:20,979 - INFO - Humidity Sensor is healthy
2026-03-21 10:59:20,980 - INFO - Track Alignment Sensor is healthy
2026-03-21 10:59:20,980 - INFO - Engine Load Sensor is healthy
2026-03-21 10:59:25,981 - INFO - Temperature Sensor is healthy
2026-03-21 10:59:25,981 - INFO - Pressure Sensor is healthy
2026-03-21 10:59:25,982 - INFO - Vibration Sensor is healthy
2026-03-21 10:59:25,982 - ERROR - Fuel Flow Sensor FAILED - Fuel flow interrupted
2026-03-21 10:59:25,983 - INFO - Voltage Sensor is healthy
2026-03-21 10:59:25,983 - INFO - Speed Sensor is healthy
2026-03-21 10:59:25,983 - INFO - Brake Pressure Sensor is healthy
2026-03-21 10:59:25,984 - INFO - Humidity Sensor is healthy
2026-03-21 10:59:25,984 - INFO - Track Alignment Sensor is healthy
2026-03-21 10:59:25,985 - INFO - Engine Load Sensor is healthy
2026-03-21 10:59:30,985 - INFO - Temperature Sensor is healthy
2026-03-21 10:59:30,986 - INFO - Pressure Sensor is healthy
2026-03-21 10:59:30,987 - INFO - Vibration Sensor is healthy
2026-03-21 10:59:30,987 - ERROR - Fuel Flow Sensor FAILED - Fuel flow interrupted
2026-03-21 10:59:30,988 - INFO - Voltage Sensor is healthy
2026-03-21 10:59:30,988 - INFO - Speed Sensor is healthy
2026-03-21 10:59:30,989 - INFO - Brake Pressure Sensor is healthy
2026-03-21 10:59:30,989 - INFO - Humidity Sensor is healthy
2026-03-21 10:59:30,990 - INFO - Track Alignment Sensor is healthy
2026-03-21 10:59:30,990 - INFO - Engine Load Sensor is healthy
2026-03-21 10:59:35,991 - INFO - Temperature Sensor is healthy
2026-03-21 10:59:35,992 - INFO - Pressure Sensor is healthy
2026-03-21 10:59:35,993 - INFO - Vibration Sensor is healthy
2026-03-21 10:59:35,993 - ERROR - Fuel Flow Sensor FAILED - Fuel flow interrupted
2026-03-21 10:59:35,994 - INFO - Voltage Sensor is healthy
2026-03-21 10:59:35,994 - INFO - Speed Sensor is healthy
2026-03-21 10:59:35,994 - INFO - Brake Pressure Sensor is healthy
2026-03-21 10:59:35,995 - INFO - Humidity Sensor is healthy
2026-03-21 10:59:35,995 - INFO - Track Alignment Sensor is healthy
2026-03-21 10:59:35,995 - INFO - Engine Load Sensor is healthy
2026-03-21 10:59:40,996 - INFO - Temperature Sensor is healthy
2026-03-21 10:59:40,996 - INFO - Pressure Sensor is healthy
2026-03-21 10:59:40,997 - INFO - Vibration Sensor is healthy
2026-03-21 10:59:40,997 - ERROR - Fuel Flow Sensor FAILED - Fuel flow interrupted
2026-03-21 10:59:40,997 - INFO - Voltage Sensor is healthy
2026-03-21 10:59:40,998 - INFO - Speed Sensor is healthy
2026-03-21 10:59:40,998 - INFO - Brake Pressure Sensor is healthy
2026-03-21 10:59:40,999 - INFO - Humidity Sensor is healthy
2026-03-21 10:59:41,000 - INFO - Track Alignment Sensor is healthy
2026-03-21 10:59:41,002 - INFO - Engine Load Sensor is healthy
2026-03-21 10:59:46,003 - INFO - Temperature Sensor is healthy
2026-03-21 10:59:46,004 - INFO - Pressure Sensor is healthy
2026-03-21 10:59:46,004 - INFO - Vibration Sensor is healthy
2026-03-21 10:59:46,004 - ERROR - Fuel Flow Sensor FAILED - Fuel flow interrupted
2026-03-21 10:59:46,004 - INFO - Voltage Sensor is healthy
2026-03-21 10:59:46,004 - INFO - Speed Sensor is healthy
2026-03-21 10:59:46,005 - INFO - Brake Pressure Sensor is healthy
2026-03-21 10:59:46,005 - INFO - Humidity Sensor is healthy
2026-03-21 10:59:46,005 - INFO - Track Alignment Sensor is healthy
2026-03-21 10:59:46,005 - INFO - Engine Load Sensor is healthy
2026-03-21 10:59:51,005 - INFO - Temperature Sensor is healthy
2026-03-21 10:59:51,006 - INFO - Pressure Sensor is healthy
2026-03-21 10:59:51,006 - INFO - Vibration Sensor is healthy
2026-03-21 10:59:51,007 - ERROR - Fuel Flow Sensor FAILED - Fuel flow interrupted
2026-03-21 10:59:51,007 - INFO - Voltage Sensor is healthy
2026-03-21 10:59:51,008 - INFO - Speed Sensor is healthy
2026-03-21 10:59:51,009 - INFO - Brake Pressure Sensor is healthy
2026-03-21 10:59:51,009 - INFO - Humidity Sensor is healthy
2026-03-21 10:59:51,010 - INFO - Track Alignment Sensor is healthy
2026-03-21 10:59:51,010 - INFO - Engine Load Sensor is healthy
2026-03-21 10:59:56,012 - INFO - Temperature Sensor is healthy
2026-03-21 10:59:56,042 - INFO - Pressure Sensor is healthy
2026-03-21 10:59:56,063 - INFO - Vibration Sensor is healthy
2026-03-21 10:59:56,075 - ERROR - Fuel Flow Sensor FAILED - Fuel flow interrupted
2026-03-21 10:59:56,085 - INFO - Voltage Sensor is healthy
2026-03-21 10:59:56,094 - INFO - Speed Sensor is healthy
2026-03-21 10:59:56,097 - INFO - Brake Pressure Sensor is healthy
2026-03-21 10:59:56,105 - INFO - Humidity Sensor is healthy
2026-03-21 10:59:56,114 - INFO - Track Alignment Sensor is healthy
2026-03-21 10:59:56,122 - INFO - Engine Load Sensor is healthy
2026-03-21 11:00:01,127 - INFO - Temperature Sensor is healthy
2026-03-21 11:00:01,128 - INFO - Pressure Sensor is healthy
2026-03-21 11:00:01,128 - INFO - Vibration Sensor is healthy
2026-03-21 11:00:01,129 - ERROR - Fuel Flow Sensor FAILED - Fuel flow interrupted
2026-03-21 11:00:01,129 - INFO - Voltage Sensor is healthy
2026-03-21 11:00:01,130 - INFO - Speed Sensor is healthy
2026-03-21 11:00:01,131 - INFO - Brake Pressure Sensor is healthy
2026-03-21 11:00:01,131 - INFO - Humidity Sensor is healthy
2026-03-21 11:00:01,132 - INFO - Track Alignment Sensor is healthy
2026-03-21 11:00:01,133 - INFO - Engine Load Sensor is healthy
2026-03-21 11:00:06,133 - INFO - Temperature Sensor is healthy
2026-03-21 11:00:06,134 - INFO - Pressure Sensor is healthy
2026-03-21 11:00:06,135 - INFO - Vibration Sensor is healthy
2026-03-21 11:00:06,135 - ERROR - Fuel Flow Sensor FAILED - Fuel flow interrupted
2026-03-21 11:00:06,136 - INFO - Voltage Sensor is healthy
2026-03-21 11:00:06,136 - INFO - Speed Sensor is healthy
2026-03-21 11:00:06,137 - INFO - Brake Pressure Sensor is healthy
2026-03-21 11:00:06,138 - INFO - Humidity Sensor is healthy
2026-03-21 11:00:06,138 - INFO - Track Alignment Sensor is healthy
2026-03-21 11:00:06,139 - INFO - Engine Load Sensor is healthy
2026-03-21 11:00:11,140 - INFO - Temperature Sensor is healthy
2026-03-21 11:00:11,141 - INFO - Pressure Sensor is healthy
2026-03-21 11:00:11,141 - INFO - Vibration Sensor is healthy
2026-03-21 11:00:11,142 - ERROR - Fuel Flow Sensor FAILED - Fuel flow interrupted
2026-03-21 11:00:11,146 - INFO - Voltage Sensor is healthy
2026-03-21 11:00:11,147 - INFO - Speed Sensor is healthy
2026-03-21 11:00:11,148 - INFO - Brake Pressure Sensor is healthy
2026-03-21 11:00:11,150 - INFO - Humidity Sensor is healthy
2026-03-21 11:00:11,151 - INFO - Track Alignment Sensor is healthy
2026-03-21 11:00:11,151 - INFO - Engine Load Sensor is healthy
2026-03-21 11:00:16,152 - INFO - Temperature Sensor is healthy
2026-03-21 11:00:16,152 - INFO - Pressure Sensor is healthy
2026-03-21 11:00:16,153 - INFO - Vibration Sensor is healthy
2026-03-21 11:00:16,153 - ERROR - Fuel Flow Sensor FAILED - Fuel flow interrupted
2026-03-21 11:00:16,154 - INFO - Voltage Sensor is healthy
2026-03-21 11:00:16,154 - INFO - Speed Sensor is healthy
2026-03-21 11:00:16,155 - INFO - Brake Pressure Sensor is healthy
2026-03-21 11:00:16,156 - INFO - Humidity Sensor is healthy
2026-03-21 11:00:16,156 - INFO - Track Alignment Sensor is healthy
2026-03-21 11:00:16,157 - INFO - Engine Load Sensor is healthy
2026-03-21 11:00:21,158 - INFO - Temperature Sensor is healthy
2026-03-21 11:00:21,159 - INFO - Pressure Sensor is healthy
2026-03-21 11:00:21,160 - INFO - Vibration Sensor is healthy
2026-03-21 11:00:21,161 - ERROR - Fuel Flow Sensor FAILED - Fuel flow interrupted
2026-03-21 11:00:21,161 - INFO - Voltage Sensor is healthy
2026-03-21 11:00:21,162 - INFO - Speed Sensor is healthy
2026-03-21 11:00:21,163 - INFO - Brake Pressure Sensor is healthy
2026-03-21 11:00:21,164 - INFO - Humidity Sensor is healthy
2026-03-21 11:00:21,166 - INFO - Track Alignment Sensor is healthy
2026-03-21 11:00:21,167 - INFO - Engine Load Sensor is healthy
2026-03-21 11:00:26,168 - INFO - Temperature Sensor is healthy
2026-03-21 11:00:26,168 - INFO - Pressure Sensor is healthy
2026-03-21 11:00:26,168 - INFO - Vibration Sensor is healthy
2026-03-21 11:00:26,169 - ERROR - Fuel Flow Sensor FAILED - Fuel flow interrupted
2026-03-21 11:00:26,169 - INFO - Voltage Sensor is healthy
2026-03-21 11:00:26,170 - INFO - Speed Sensor is healthy
2026-03-21 11:00:26,170 - INFO - Brake Pressure Sensor is healthy
2026-03-21 11:00:26,170 - INFO - Humidity Sensor is healthy
2026-03-21 11:00:26,171 - INFO - Track Alignment Sensor is healthy
2026-03-21 11:00:26,171 - INFO - Engine Load Sensor is healthy
2026-03-21 11:00:31,172 - INFO - Temperature Sensor is healthy
2026-03-21 11:00:31,172 - INFO - Pressure Sensor is healthy
2026-03-21 11:00:31,173 - INFO - Vibration Sensor is healthy
2026-03-21 11:00:31,174 - ERROR - Fuel Flow Sensor FAILED - Fuel flow interrupted
2026-03-21 11:00:31,174 - INFO - Voltage Sensor is healthy
2026-03-21 11:00:31,175 - INFO - Speed Sensor is healthy
2026-03-21 11:00:31,175 - INFO - Brake Pressure Sensor is healthy
2026-03-21 11:00:31,176 - INFO - Humidity Sensor is healthy
2026-03-21 11:00:31,176 - INFO - Track Alignment Sensor is healthy
2026-03-21 11:00:31,176 - INFO - Engine Load Sensor is healthy
2026-03-21 11:00:36,177 - INFO - Temperature Sensor is healthy
2026-03-21 11:00:36,178 - INFO - Pressure Sensor is healthy
2026-03-21 11:00:36,179 - INFO - Vibration Sensor is healthy
2026-03-21 11:00:36,179 - ERROR - Fuel Flow Sensor FAILED - Fuel flow interrupted
2026-03-21 11:00:36,180 - INFO - Voltage Sensor is healthy
2026-03-21 11:00:36,180 - INFO - Speed Sensor is healthy
2026-03-21 11:00:36,181 - INFO - Brake Pressure Sensor is healthy
2026-03-21 11:00:36,181 - INFO - Humidity Sensor is healthy
2026-03-21 11:00:36,183 - INFO - Track Alignment Sensor is healthy
2026-03-21 11:00:36,183 - INFO - Engine Load Sensor is healthy
2026-03-21 11:00:41,184 - INFO - Temperature Sensor is healthy
2026-03-21 11:00:41,185 - INFO - Pressure Sensor is healthy
2026-03-21 11:00:41,185 - INFO - Vibration Sensor is healthy
2026-03-21 11:00:41,185 - ERROR - Fuel Flow Sensor FAILED - Fuel flow interrupted
2026-03-21 11:00:41,186 - INFO - Voltage Sensor is healthy
2026-03-21 11:00:41,186 - INFO - Speed Sensor is healthy
2026-03-21 11:00:41,186 - INFO - Brake Pressure Sensor is healthy
2026-03-21 11:00:41,186 - INFO - Humidity Sensor is healthy
2026-03-21 11:00:41,187 - INFO - Track Alignment Sensor is healthy
2026-03-21 11:00:41,187 - INFO - Engine Load Sensor is healthy
2026-03-21 11:00:46,188 - INFO - Temperature Sensor is healthy
2026-03-21 11:00:46,189 - INFO - Pressure Sensor is healthy
2026-03-21 11:00:46,189 - INFO - Vibration Sensor is healthy
2026-03-21 11:00:46,190 - ERROR - Fuel Flow Sensor FAILED - Fuel flow interrupted
2026-03-21 11:00:46,190 - INFO - Voltage Sensor is healthy
2026-03-21 11:00:46,191 - INFO - Speed Sensor is healthy
2026-03-21 11:00:46,191 - INFO - Brake Pressure Sensor is healthy
2026-03-21 11:00:46,191 - INFO - Humidity Sensor is healthy
2026-03-21 11:00:46,192 - INFO - Track Alignment Sensor is healthy
2026-03-21 11:00:46,192 - INFO - Engine Load Sensor is healthy
2026-03-21 11:00:51,193 - INFO - Temperature Sensor is healthy
2026-03-21 11:00:51,193 - INFO - Pressure Sensor is healthy
2026-03-21 11:00:51,194 - INFO - Vibration Sensor is healthy
2026-03-21 11:00:51,194 - ERROR - Fuel Flow Sensor FAILED - Fuel flow interrupted
2026-03-21 11:00:51,195 - INFO - Voltage Sensor is healthy
2026-03-21 11:00:51,195 - INFO - Speed Sensor is healthy
2026-03-21 11:00:51,196 - INFO - Brake Pressure Sensor is healthy
2026-03-21 11:00:51,196 - INFO - Humidity Sensor is healthy
2026-03-21 11:00:51,197 - INFO - Track Alignment Sensor is healthy
2026-03-21 11:00:51,197 - INFO - Engine Load Sensor is healthy
2026-03-21 11:00:56,198 - INFO - Temperature Sensor is healthy
2026-03-21 11:00:56,198 - INFO - Pressure Sensor is healthy
2026-03-21 11:00:56,199 - INFO - Vibration Sensor is healthy
2026-03-21 11:00:56,199 - ERROR - Fuel Flow Sensor FAILED - Fuel flow interrupted
2026-03-21 11:00:56,200 - INFO - Voltage Sensor is healthy
2026-03-21 11:00:56,200 - INFO - Speed Sensor is healthy
2026-03-21 11:00:56,200 - INFO - Brake Pressure Sensor is healthy
2026-03-21 11:00:56,201 - INFO - Humidity Sensor is healthy
2026-03-21 11:00:56,202 - INFO - Track Alignment Sensor is healthy
2026-03-21 11:00:56,204 - INFO - Engine Load Sensor is healthy
2026-03-21 11:01:01,206 - INFO - Temperature Sensor is healthy
2026-03-21 11:01:01,207 - INFO - Pressure Sensor is healthy
2026-03-21 11:01:01,207 - INFO - Vibration Sensor is healthy
2026-03-21 11:01:01,207 - ERROR - Fuel Flow Sensor FAILED - Fuel flow interrupted
2026-03-21 11:01:01,208 - INFO - Voltage Sensor is healthy
2026-03-21 11:01:01,208 - INFO - Speed Sensor is healthy
2026-03-21 11:01:01,208 - INFO - Brake Pressure Sensor is healthy
2026-03-21 11:01:01,208 - INFO - Humidity Sensor is healthy
2026-03-21 11:01:01,209 - INFO - Track Alignment Sensor is healthy
2026-03-21 11:01:01,209 - INFO - Engine Load Sensor is healthy
2026-03-21 11:01:06,210 - INFO - Temperature Sensor is healthy
2026-03-21 11:01:06,211 - INFO - Pressure Sensor is healthy
2026-03-21 11:01:06,211 - INFO - Vibration Sensor is healthy
2026-03-21 11:01:06,212 - ERROR - Fuel Flow Sensor FAILED - Fuel flow interrupted
2026-03-21 11:01:06,212 - INFO - Voltage Sensor is healthy
2026-03-21 11:01:06,213 - INFO - Speed Sensor is healthy
2026-03-21 11:01:06,213 - INFO - Brake Pressure Sensor is healthy
2026-03-21 11:01:06,214 - INFO - Humidity Sensor is healthy
2026-03-21 11:01:06,214 - INFO - Track Alignment Sensor is healthy
2026-03-21 11:01:06,215 - INFO - Engine Load Sensor is healthy
2026-03-21 11:01:11,215 - INFO - Temperature Sensor is healthy
2026-03-21 11:01:11,216 - INFO - Pressure Sensor is healthy
2026-03-21 11:01:11,217 - INFO - Vibration Sensor is healthy
2026-03-21 11:01:11,218 - ERROR - Fuel Flow Sensor FAILED - Fuel flow interrupted
2026-03-21 11:01:11,218 - INFO - Voltage Sensor is healthy
2026-03-21 11:01:11,218 - INFO - Speed Sensor is healthy
2026-03-21 11:01:11,219 - INFO - Brake Pressure Sensor is healthy
2026-03-21 11:01:11,219 - INFO - Humidity Sensor is healthy
2026-03-21 11:01:11,219 - INFO - Track Alignment Sensor is healthy
2026-03-21 11:01:11,219 - INFO - Engine Load Sensor is healthy
2026-03-21 11:01:16,220 - INFO - Temperature Sensor is healthy
2026-03-21 11:01:16,220 - INFO - Pressure Sensor is healthy
2026-03-21 11:01:16,221 - INFO - Vibration Sensor is healthy
2026-03-21 11:01:16,221 - ERROR - Fuel Flow Sensor FAILED - Fuel flow interrupted
2026-03-21 11:01:16,222 - INFO - Voltage Sensor is healthy
2026-03-21 11:01:16,222 - INFO - Speed Sensor is healthy
2026-03-21 11:01:16,223 - INFO - Brake Pressure Sensor is healthy
2026-03-21 11:01:16,223 - INFO - Humidity Sensor is healthy
2026-03-21 11:01:16,223 - INFO - Track Alignment Sensor is healthy
2026-03-21 11:01:16,224 - INFO - Engine Load Sensor is healthy
2026-03-21 11:01:21,225 - INFO - Temperature Sensor is healthy
2026-03-21 11:01:21,225 - INFO - Pressure Sensor is healthy
2026-03-21 11:01:21,226 - INFO - Vibration Sensor is healthy
2026-03-21 11:01:21,226 - ERROR - Fuel Flow Sensor FAILED - Fuel flow interrupted
2026-03-21 11:01:21,226 - INFO - Voltage Sensor is healthy
2026-03-21 11:01:21,226 - INFO - Speed Sensor is healthy
2026-03-21 11:01:21,226 - INFO - Brake Pressure Sensor is healthy
2026-03-21 11:01:21,226 - INFO - Humidity Sensor is healthy
2026-03-21 11:01:21,227 - INFO - Track Alignment Sensor is healthy
2026-03-21 11:01:21,227 - INFO - Engine Load Sensor is healthy
2026-03-21 11:01:59,634 - INFO - Sensor Monitoring API is running
2026-03-21 11:02:04,637 - INFO - Temperature Sensor is healthy
2026-03-21 11:02:04,638 - INFO - Pressure Sensor is healthy
2026-03-21 11:02:04,638 - INFO - Vibration Sensor is healthy
2026-03-21 11:02:04,638 - INFO - Fuel Flow Sensor is healthy
2026-03-21 11:02:04,639 - INFO - Voltage Sensor is healthy
2026-03-21 11:02:04,639 - INFO - Speed Sensor is healthy
2026-03-21 11:02:04,640 - INFO - Brake Pressure Sensor is healthy
2026-03-21 11:02:04,640 - INFO - Humidity Sensor is healthy
2026-03-21 11:02:04,641 - INFO - Track Alignment Sensor is healthy
2026-03-21 11:02:04,641 - INFO - Engine Load Sensor is healthy
2026-03-21 11:02:09,642 - INFO - Temperature Sensor is healthy
2026-03-21 11:02:09,642 - INFO - Pressure Sensor is healthy
2026-03-21 11:02:09,643 - INFO - Vibration Sensor is healthy
2026-03-21 11:02:09,643 - INFO - Fuel Flow Sensor is healthy
2026-03-21 11:02:09,643 - INFO - Voltage Sensor is healthy
2026-03-21 11:02:09,644 - INFO - Speed Sensor is healthy
2026-03-21 11:02:09,644 - INFO - Brake Pressure Sensor is healthy
2026-03-21 11:02:09,645 - INFO - Humidity Sensor is healthy
2026-03-21 11:02:09,645 - INFO - Track Alignment Sensor is healthy
2026-03-21 11:02:09,645 - INFO - Engine Load Sensor is healthy
2026-03-21 11:02:14,646 - INFO - Temperature Sensor is healthy
2026-03-21 11:02:14,647 - INFO - Pressure Sensor is healthy
2026-03-21 11:02:14,647 - INFO - Vibration Sensor is healthy
2026-03-21 11:02:14,648 - INFO - Fuel Flow Sensor is healthy
2026-03-21 11:02:14,648 - INFO - Voltage Sensor is healthy
2026-03-21 11:02:14,649 - INFO - Speed Sensor is healthy
2026-03-21 11:02:14,649 - INFO - Brake Pressure Sensor is healthy
2026-03-21 11:02:14,649 - INFO - Humidity Sensor is healthy
2026-03-21 11:02:14,650 - INFO - Track Alignment Sensor is healthy
2026-03-21 11:02:14,650 - INFO - Engine Load Sensor is healthy
2026-03-21 11:02:19,651 - INFO - Temperature Sensor is healthy
2026-03-21 11:02:19,651 - INFO - Pressure Sensor is healthy
2026-03-21 11:02:19,651 - INFO - Vibration Sensor is healthy
2026-03-21 11:02:19,652 - INFO - Fuel Flow Sensor is healthy
2026-03-21 11:02:19,652 - INFO - Voltage Sensor is healthy
2026-03-21 11:02:19,652 - INFO - Speed Sensor is healthy
2026-03-21 11:02:19,652 - INFO - Brake Pressure Sensor is healthy
2026-03-21 11:02:19,653 - INFO - Humidity Sensor is healthy
2026-03-21 11:02:19,653 - INFO - Track Alignment Sensor is healthy
2026-03-21 11:02:19,653 - INFO - Engine Load Sensor is healthy
2026-03-21 11:02:24,654 - INFO - Temperature Sensor is healthy
2026-03-21 11:02:24,655 - INFO - Pressure Sensor is healthy
2026-03-21 11:02:24,656 - INFO - Vibration Sensor is healthy
2026-03-21 11:02:24,656 - INFO - Fuel Flow Sensor is healthy
2026-03-21 11:02:24,657 - INFO - Voltage Sensor is healthy
2026-03-21 11:02:24,657 - INFO - Speed Sensor is healthy
2026-03-21 11:02:24,662 - INFO - Brake Pressure Sensor is healthy
2026-03-21 11:02:24,663 - INFO - Humidity Sensor is healthy
2026-03-21 11:02:24,663 - INFO - Track Alignment Sensor is healthy
2026-03-21 11:02:24,664 - INFO - Engine Load Sensor is healthy
2026-03-21 11:02:29,665 - INFO - Temperature Sensor is healthy
2026-03-21 11:02:29,666 - INFO - Pressure Sensor is healthy
2026-03-21 11:02:29,666 - INFO - Vibration Sensor is healthy
2026-03-21 11:02:29,667 - INFO - Fuel Flow Sensor is healthy
2026-03-21 11:02:29,667 - INFO - Voltage Sensor is healthy
2026-03-21 11:02:29,668 - INFO - Speed Sensor is healthy
2026-03-21 11:02:29,668 - INFO - Brake Pressure Sensor is healthy
2026-03-21 11:02:29,668 - INFO - Humidity Sensor is healthy
2026-03-21 11:02:29,668 - INFO - Track Alignment Sensor is healthy
2026-03-21 11:02:29,669 - INFO - Engine Load Sensor is healthy
2026-03-21 11:02:34,669 - INFO - Temperature Sensor is healthy
2026-03-21 11:02:34,670 - INFO - Pressure Sensor is healthy
2026-03-21 11:02:34,670 - INFO - Vibration Sensor is healthy
2026-03-21 11:02:34,670 - INFO - Fuel Flow Sensor is healthy
2026-03-21 11:02:34,671 - INFO - Voltage Sensor is healthy
2026-03-21 11:02:34,671 - INFO - Speed Sensor is healthy
2026-03-21 11:02:34,671 - INFO - Brake Pressure Sensor is healthy
2026-03-21 11:02:34,671 - INFO - Humidity Sensor is healthy
2026-03-21 11:02:34,672 - INFO - Track Alignment Sensor is healthy
2026-03-21 11:02:34,672 - INFO - Engine Load Sensor is healthy
2026-03-21 11:02:39,672 - INFO - Temperature Sensor is healthy
2026-03-21 11:02:39,673 - INFO - Pressure Sensor is healthy
2026-03-21 11:02:39,673 - INFO - Vibration Sensor is healthy
2026-03-21 11:02:39,673 - INFO - Fuel Flow Sensor is healthy
2026-03-21 11:02:39,674 - INFO - Voltage Sensor is healthy
2026-03-21 11:02:39,674 - INFO - Speed Sensor is healthy
2026-03-21 11:02:39,674 - INFO - Brake Pressure Sensor is healthy
2026-03-21 11:02:39,674 - INFO - Humidity Sensor is healthy
2026-03-21 11:02:39,675 - INFO - Track Alignment Sensor is healthy
2026-03-21 11:02:39,675 - INFO - Engine Load Sensor is healthy
2026-03-21 11:02:44,676 - INFO - Temperature Sensor is healthy
2026-03-21 11:02:44,676 - INFO - Pressure Sensor is healthy
2026-03-21 11:02:44,677 - INFO - Vibration Sensor is healthy
2026-03-21 11:02:44,678 - INFO - Fuel Flow Sensor is healthy
2026-03-21 11:02:44,678 - INFO - Voltage Sensor is healthy
2026-03-21 11:02:44,678 - INFO - Speed Sensor is healthy
2026-03-21 11:02:44,679 - INFO - Brake Pressure Sensor is healthy
2026-03-21 11:02:44,679 - INFO - Humidity Sensor is healthy
2026-03-21 11:02:44,680 - INFO - Track Alignment Sensor is healthy
2026-03-21 11:02:44,681 - INFO - Engine Load Sensor is healthy
2026-03-21 11:02:49,682 - INFO - Temperature Sensor is healthy
2026-03-21 11:02:49,682 - INFO - Pressure Sensor is healthy
2026-03-21 11:02:49,683 - INFO - Vibration Sensor is healthy
2026-03-21 11:02:49,683 - INFO - Fuel Flow Sensor is healthy
2026-03-21 11:02:49,684 - INFO - Voltage Sensor is healthy
2026-03-21 11:02:49,685 - INFO - Speed Sensor is healthy
2026-03-21 11:02:49,685 - INFO - Brake Pressure Sensor is healthy
2026-03-21 11:02:49,685 - INFO - Humidity Sensor is healthy
2026-03-21 11:02:49,686 - INFO - Track Alignment Sensor is healthy
2026-03-21 11:02:49,686 - INFO - Engine Load Sensor is healthy
2026-03-21 11:02:54,687 - INFO - Temperature Sensor is healthy
2026-03-21 11:02:54,688 - INFO - Pressure Sensor is healthy
2026-03-21 11:02:54,688 - INFO - Vibration Sensor is healthy
2026-03-21 11:02:54,688 - INFO - Fuel Flow Sensor is healthy
2026-03-21 11:02:54,689 - INFO - Voltage Sensor is healthy
2026-03-21 11:02:54,689 - INFO - Speed Sensor is healthy
2026-03-21 11:02:54,689 - INFO - Brake Pressure Sensor is healthy
2026-03-21 11:02:54,690 - INFO - Humidity Sensor is healthy
2026-03-21 11:02:54,690 - INFO - Track Alignment Sensor is healthy
2026-03-21 11:02:54,690 - INFO - Engine Load Sensor is healthy
2026-03-21 11:02:59,691 - INFO - Temperature Sensor is healthy
2026-03-21 11:02:59,692 - INFO - Pressure Sensor is healthy
2026-03-21 11:02:59,693 - INFO - Vibration Sensor is healthy
2026-03-21 11:02:59,693 - INFO - Fuel Flow Sensor is healthy
2026-03-21 11:02:59,693 - INFO - Voltage Sensor is healthy
2026-03-21 11:02:59,694 - INFO - Speed Sensor is healthy
2026-03-21 11:02:59,694 - INFO - Brake Pressure Sensor is healthy
2026-03-21 11:02:59,695 - INFO - Humidity Sensor is healthy
2026-03-21 11:02:59,695 - INFO - Track Alignment Sensor is healthy
2026-03-21 11:02:59,696 - INFO - Engine Load Sensor is healthy
2026-03-21 11:03:04,697 - INFO - Temperature Sensor is healthy
2026-03-21 11:03:04,698 - INFO - Pressure Sensor is healthy
2026-03-21 11:03:04,698 - INFO - Vibration Sensor is healthy
2026-03-21 11:03:04,698 - INFO - Fuel Flow Sensor is healthy
2026-03-21 11:03:04,699 - INFO - Voltage Sensor is healthy
2026-03-21 11:03:04,699 - INFO - Speed Sensor is healthy
2026-03-21 11:03:04,700 - INFO - Brake Pressure Sensor is healthy
2026-03-21 11:03:04,700 - INFO - Humidity Sensor is healthy
2026-03-21 11:03:04,700 - INFO - Track Alignment Sensor is healthy
2026-03-21 11:03:04,701 - INFO - Engine Load Sensor is healthy
2026-03-21 11:03:09,703 - INFO - Temperature Sensor is healthy
2026-03-21 11:03:09,703 - INFO - Pressure Sensor is healthy
2026-03-21 11:03:09,704 - INFO - Vibration Sensor is healthy
2026-03-21 11:03:09,704 - INFO - Fuel Flow Sensor is healthy
2026-03-21 11:03:09,705 - INFO - Voltage Sensor is healthy
2026-03-21 11:03:09,706 - INFO - Speed Sensor is healthy
2026-03-21 11:03:09,707 - INFO - Brake Pressure Sensor is healthy
2026-03-21 11:03:09,707 - INFO - Humidity Sensor is healthy
2026-03-21 11:03:09,708 - INFO - Track Alignment Sensor is healthy
2026-03-21 11:03:09,708 - INFO - Engine Load Sensor is healthy
2026-03-21 11:03:14,709 - INFO - Temperature Sensor is healthy
2026-03-21 11:03:14,710 - INFO - Pressure Sensor is healthy
2026-03-21 11:03:14,710 - INFO - Vibration Sensor is healthy
2026-03-21 11:03:14,711 - INFO - Fuel Flow Sensor is healthy
2026-03-21 11:03:14,711 - INFO - Voltage Sensor is healthy
2026-03-21 11:03:14,711 - INFO - Speed Sensor is healthy
2026-03-21 11:03:14,712 - INFO - Brake Pressure Sensor is healthy
2026-03-21 11:03:14,712 - INFO - Humidity Sensor is healthy
2026-03-21 11:03:14,713 - INFO - Track Alignment Sensor is healthy
2026-03-21 11:03:14,713 - INFO - Engine Load Sensor is healthy
2026-03-21 11:03:19,714 - INFO - Temperature Sensor is healthy
2026-03-21 11:03:19,715 - INFO - Pressure Sensor is healthy
2026-03-21 11:03:19,715 - INFO - Vibration Sensor is healthy
2026-03-21 11:03:19,715 - INFO - Fuel Flow Sensor is healthy
2026-03-21 11:03:19,716 - INFO - Voltage Sensor is healthy
2026-03-21 11:03:19,716 - INFO - Speed Sensor is healthy
2026-03-21 11:03:19,716 - INFO - Brake Pressure Sensor is healthy
2026-03-21 11:03:19,717 - INFO - Humidity Sensor is healthy
2026-03-21 11:03:19,717 - INFO - Track Alignment Sensor is healthy
2026-03-21 11:03:19,717 - INFO - Engine Load Sensor is healthy
2026-03-21 11:03:24,718 - INFO - Temperature Sensor is healthy
2026-03-21 11:03:24,719 - INFO - Pressure Sensor is healthy
2026-03-21 11:03:24,720 - INFO - Vibration Sensor is healthy
2026-03-21 11:03:24,720 - INFO - Fuel Flow Sensor is healthy
2026-03-21 11:03:24,720 - INFO - Voltage Sensor is healthy
2026-03-21 11:03:24,720 - INFO - Speed Sensor is healthy
2026-03-21 11:03:24,721 - INFO - Brake Pressure Sensor is healthy
2026-03-21 11:03:24,721 - INFO - Humidity Sensor is healthy
2026-03-21 11:03:24,722 - INFO - Track Alignment Sensor is healthy
2026-03-21 11:03:24,722 - INFO - Engine Load Sensor is healthy
2026-03-21 11:03:29,722 - INFO - Temperature Sensor is healthy
2026-03-21 11:03:29,723 - INFO - Pressure Sensor is healthy
2026-03-21 11:03:29,723 - INFO - Vibration Sensor is healthy
2026-03-21 11:03:29,724 - INFO - Fuel Flow Sensor is healthy
2026-03-21 11:03:29,724 - INFO - Voltage Sensor is healthy
2026-03-21 11:03:29,724 - INFO - Speed Sensor is healthy
2026-03-21 11:03:29,724 - INFO - Brake Pressure Sensor is healthy
2026-03-21 11:03:29,725 - INFO - Humidity Sensor is healthy
2026-03-21 11:03:29,725 - INFO - Track Alignment Sensor is healthy
2026-03-21 11:03:29,725 - INFO - Engine Load Sensor is healthy
2026-03-21 11:03:34,726 - INFO - Temperature Sensor is healthy
2026-03-21 11:03:34,727 - INFO - Pressure Sensor is healthy
2026-03-21 11:03:34,728 - INFO - Vibration Sensor is healthy
2026-03-21 11:03:34,728 - INFO - Fuel Flow Sensor is healthy
2026-03-21 11:03:34,728 - INFO - Voltage Sensor is healthy
2026-03-21 11:03:34,729 - INFO - Speed Sensor is healthy
2026-03-21 11:03:34,729 - INFO - Brake Pressure Sensor is healthy
2026-03-21 11:03:34,729 - INFO - Humidity Sensor is healthy
2026-03-21 11:03:34,730 - INFO - Track Alignment Sensor is healthy
2026-03-21 11:03:34,730 - INFO - Engine Load Sensor is healthy
2026-03-21 11:03:39,731 - INFO - Temperature Sensor is healthy
2026-03-21 11:03:39,731 - INFO - Pressure Sensor is healthy
2026-03-21 11:03:39,732 - INFO - Vibration Sensor is healthy
2026-03-21 11:03:39,732 - INFO - Fuel Flow Sensor is healthy
2026-03-21 11:03:39,732 - INFO - Voltage Sensor is healthy
2026-03-21 11:03:39,732 - INFO - Speed Sensor is healthy
2026-03-21 11:03:39,733 - INFO - Brake Pressure Sensor is healthy
2026-03-21 11:03:39,733 - INFO - Humidity Sensor is healthy
2026-03-21 11:03:39,733 - INFO - Track Alignment Sensor is healthy
2026-03-21 11:03:39,733 - INFO - Engine Load Sensor is healthy
2026-03-21 11:03:44,734 - INFO - Temperature Sensor is healthy
2026-03-21 11:03:44,735 - INFO - Pressure Sensor is healthy
2026-03-21 11:03:44,735 - INFO - Vibration Sensor is healthy
2026-03-21 11:03:44,736 - INFO - Fuel Flow Sensor is healthy
2026-03-21 11:03:44,736 - INFO - Voltage Sensor is healthy
2026-03-21 11:03:44,737 - INFO - Speed Sensor is healthy
2026-03-21 11:03:44,737 - INFO - Brake Pressure Sensor is healthy
2026-03-21 11:03:44,737 - INFO - Humidity Sensor is healthy
2026-03-21 11:03:44,738 - INFO - Track Alignment Sensor is healthy
2026-03-21 11:03:44,738 - INFO - Engine Load Sensor is healthy
2026-03-21 11:03:49,739 - INFO - Temperature Sensor is healthy
2026-03-21 11:03:49,740 - INFO - Pressure Sensor is healthy
2026-03-21 11:03:49,741 - INFO - Vibration Sensor is healthy
2026-03-21 11:03:49,741 - INFO - Fuel Flow Sensor is healthy
2026-03-21 11:03:49,743 - INFO - Voltage Sensor is healthy
2026-03-21 11:03:49,744 - INFO - Speed Sensor is healthy
2026-03-21 11:03:49,745 - INFO - Brake Pressure Sensor is healthy
2026-03-21 11:03:49,748 - INFO - Humidity Sensor is healthy
2026-03-21 11:03:49,751 - INFO - Track Alignment Sensor is healthy
2026-03-21 11:03:49,752 - INFO - Engine Load Sensor is healthy
2026-03-21 11:03:54,753 - INFO - Temperature Sensor is healthy
2026-03-21 11:03:54,754 - INFO - Pressure Sensor is healthy
2026-03-21 11:03:54,754 - INFO - Vibration Sensor is healthy
2026-03-21 11:03:54,754 - INFO - Fuel Flow Sensor is healthy
2026-03-21 11:03:54,756 - INFO - Voltage Sensor is healthy
2026-03-21 11:03:54,757 - INFO - Speed Sensor is healthy
2026-03-21 11:03:54,758 - INFO - Brake Pressure Sensor is healthy
2026-03-21 11:03:54,758 - INFO - Humidity Sensor is healthy
2026-03-21 11:03:54,759 - INFO - Track Alignment Sensor is healthy
2026-03-21 11:03:54,760 - INFO - Engine Load Sensor is healthy
2026-03-21 11:03:59,761 - INFO - Temperature Sensor is healthy
2026-03-21 11:03:59,762 - INFO - Pressure Sensor is healthy
2026-03-21 11:03:59,762 - INFO - Vibration Sensor is healthy
2026-03-21 11:03:59,769 - ERROR - Fuel Flow Sensor FAILED - Fuel flow interrupted
2026-03-21 11:03:59,773 - INFO - Voltage Sensor is healthy
2026-03-21 11:03:59,774 - INFO - Speed Sensor is healthy
2026-03-21 11:03:59,774 - INFO - Brake Pressure Sensor is healthy
2026-03-21 11:03:59,774 - INFO - Humidity Sensor is healthy
2026-03-21 11:03:59,775 - INFO - Track Alignment Sensor is healthy
2026-03-21 11:03:59,775 - INFO - Engine Load Sensor is healthy
2026-03-21 11:04:04,776 - INFO - Temperature Sensor is healthy
2026-03-21 11:04:04,777 - INFO - Pressure Sensor is healthy
2026-03-21 11:04:04,779 - INFO - Vibration Sensor is healthy
2026-03-21 11:04:04,779 - ERROR - Fuel Flow Sensor FAILED - Fuel flow interrupted
2026-03-21 11:04:04,780 - INFO - Voltage Sensor is healthy
2026-03-21 11:04:04,780 - INFO - Speed Sensor is healthy
2026-03-21 11:04:04,781 - INFO - Brake Pressure Sensor is healthy
2026-03-21 11:04:04,781 - INFO - Humidity Sensor is healthy
2026-03-21 11:04:04,782 - INFO - Track Alignment Sensor is healthy
2026-03-21 11:04:04,782 - INFO - Engine Load Sensor is healthy
2026-03-21 11:04:09,783 - INFO - Temperature Sensor is healthy
2026-03-21 11:04:09,784 - INFO - Pressure Sensor is healthy
2026-03-21 11:04:09,784 - INFO - Vibration Sensor is healthy
2026-03-21 11:04:09,785 - ERROR - Fuel Flow Sensor FAILED - Fuel flow interrupted
2026-03-21 11:04:09,785 - INFO - Voltage Sensor is healthy
2026-03-21 11:04:09,785 - INFO - Speed Sensor is healthy
2026-03-21 11:04:09,786 - INFO - Brake Pressure Sensor is healthy
2026-03-21 11:04:09,787 - INFO - Humidity Sensor is healthy
2026-03-21 11:04:09,787 - INFO - Track Alignment Sensor is healthy
2026-03-21 11:04:09,788 - INFO - Engine Load Sensor is healthy
2026-03-21 11:04:14,789 - INFO - Temperature Sensor is healthy
2026-03-21 11:04:14,789 - INFO - Pressure Sensor is healthy
2026-03-21 11:04:14,790 - INFO - Vibration Sensor is healthy
2026-03-21 11:04:14,791 - ERROR - Fuel Flow Sensor FAILED - Fuel flow interrupted
2026-03-21 11:04:14,792 - INFO - Voltage Sensor is healthy
2026-03-21 11:04:14,794 - INFO - Speed Sensor is healthy
2026-03-21 11:04:14,795 - INFO - Brake Pressure Sensor is healthy
2026-03-21 11:04:14,797 - INFO - Humidity Sensor is healthy
2026-03-21 11:04:14,799 - INFO - Track Alignment Sensor is healthy
2026-03-21 11:04:14,805 - INFO - Engine Load Sensor is healthy
2026-03-21 11:04:19,810 - INFO - Temperature Sensor is healthy
2026-03-21 11:04:19,810 - INFO - Pressure Sensor is healthy
2026-03-21 11:04:19,811 - INFO - Vibration Sensor is healthy
2026-03-21 11:04:19,811 - ERROR - Fuel Flow Sensor FAILED - Fuel flow interrupted
2026-03-21 11:04:19,811 - INFO - Voltage Sensor is healthy
2026-03-21 11:04:19,812 - INFO - Speed Sensor is healthy
2026-03-21 11:04:19,812 - INFO - Brake Pressure Sensor is healthy
2026-03-21 11:04:19,813 - INFO - Humidity Sensor is healthy
2026-03-21 11:04:19,813 - INFO - Track Alignment Sensor is healthy
2026-03-21 11:04:19,813 - INFO - Engine Load Sensor is healthy
2026-03-21 11:04:24,814 - INFO - Temperature Sensor is healthy
2026-03-21 11:04:24,815 - INFO - Pressure Sensor is healthy
2026-03-21 11:04:24,816 - INFO - Vibration Sensor is healthy
2026-03-21 11:04:24,816 - ERROR - Fuel Flow Sensor FAILED - Fuel flow interrupted
2026-03-21 11:04:24,817 - INFO - Voltage Sensor is healthy
2026-03-21 11:04:24,817 - INFO - Speed Sensor is healthy
2026-03-21 11:04:24,818 - INFO - Brake Pressure Sensor is healthy
2026-03-21 11:04:24,818 - INFO - Humidity Sensor is healthy
2026-03-21 11:04:24,818 - INFO - Track Alignment Sensor is healthy
2026-03-21 11:04:24,819 - INFO - Engine Load Sensor is healthy
2026-03-21 11:04:29,820 - INFO - Temperature Sensor is healthy
2026-03-21 11:04:29,820 - INFO - Pressure Sensor is healthy
2026-03-21 11:04:29,821 - INFO - Vibration Sensor is healthy
2026-03-21 11:04:29,821 - ERROR - Fuel Flow Sensor FAILED - Fuel flow interrupted
2026-03-21 11:04:29,822 - INFO - Voltage Sensor is healthy
2026-03-21 11:04:29,822 - INFO - Speed Sensor is healthy
2026-03-21 11:04:29,822 - INFO - Brake Pressure Sensor is healthy
2026-03-21 11:04:29,823 - INFO - Humidity Sensor is healthy
2026-03-21 11:04:29,823 - INFO - Track Alignment Sensor is healthy
2026-03-21 11:04:29,823 - INFO - Engine Load Sensor is healthy
2026-03-21 11:04:34,824 - INFO - Temperature Sensor is healthy
2026-03-21 11:04:34,825 - INFO - Pressure Sensor is healthy
2026-03-21 11:04:34,825 - INFO - Vibration Sensor is healthy
2026-03-21 11:04:34,825 - ERROR - Fuel Flow Sensor FAILED - Fuel flow interrupted
2026-03-21 11:04:34,826 - INFO - Voltage Sensor is healthy
2026-03-21 11:04:34,826 - INFO - Speed Sensor is healthy
2026-03-21 11:04:34,826 - INFO - Brake Pressure Sensor is healthy
2026-03-21 11:04:34,827 - INFO - Humidity Sensor is healthy
2026-03-21 11:04:34,827 - INFO - Track Alignment Sensor is healthy
2026-03-21 11:04:34,828 - INFO - Engine Load Sensor is healthy
2026-03-21 11:04:39,829 - INFO - Temperature Sensor is healthy
2026-03-21 11:04:39,829 - INFO - Pressure Sensor is healthy
2026-03-21 11:04:39,830 - INFO - Vibration Sensor is healthy
2026-03-21 11:04:39,830 - ERROR - Fuel Flow Sensor FAILED - Fuel flow interrupted
2026-03-21 11:04:39,831 - INFO - Voltage Sensor is healthy
2026-03-21 11:04:39,832 - INFO - Speed Sensor is healthy
2026-03-21 11:04:39,832 - INFO - Brake Pressure Sensor is healthy
2026-03-21 11:04:39,833 - INFO - Humidity Sensor is healthy
2026-03-21 11:04:39,833 - INFO - Track Alignment Sensor is healthy
2026-03-21 11:04:39,834 - INFO - Engine Load Sensor is healthy
2026-03-21 11:04:44,835 - INFO - Temperature Sensor is healthy
2026-03-21 11:04:44,835 - INFO - Pressure Sensor is healthy
2026-03-21 11:04:44,836 - INFO - Vibration Sensor is healthy
2026-03-21 11:04:44,836 - ERROR - Fuel Flow Sensor FAILED - Fuel flow interrupted
2026-03-21 11:04:44,836 - INFO - Voltage Sensor is healthy
2026-03-21 11:04:44,837 - INFO - Speed Sensor is healthy
2026-03-21 11:04:44,837 - INFO - Brake Pressure Sensor is healthy
2026-03-21 11:04:44,852 - INFO - Humidity Sensor is healthy
2026-03-21 11:04:44,853 - INFO - Track Alignment Sensor is healthy
2026-03-21 11:04:44,854 - INFO - Engine Load Sensor is healthy
2026-03-21 11:04:49,855 - INFO - Temperature Sensor is healthy
2026-03-21 11:04:49,855 - INFO - Pressure Sensor is healthy
2026-03-21 11:04:49,856 - INFO - Vibration Sensor is healthy
2026-03-21 11:04:49,856 - ERROR - Fuel Flow Sensor FAILED - Fuel flow interrupted
2026-03-21 11:04:49,857 - INFO - Voltage Sensor is healthy
2026-03-21 11:04:49,857 - INFO - Speed Sensor is healthy
2026-03-21 11:04:49,858 - INFO - Brake Pressure Sensor is healthy
2026-03-21 11:04:49,858 - INFO - Humidity Sensor is healthy
2026-03-21 11:04:49,858 - INFO - Track Alignment Sensor is healthy
2026-03-21 11:04:49,858 - INFO - Engine Load Sensor is healthy
2026-03-21 11:04:54,859 - INFO - Temperature Sensor is healthy
2026-03-21 11:04:54,860 - INFO - Pressure Sensor is healthy
2026-03-21 11:04:54,860 - INFO - Vibration Sensor is healthy
2026-03-21 11:04:54,861 - ERROR - Fuel Flow Sensor FAILED - Fuel flow interrupted
2026-03-21 11:04:54,861 - INFO - Voltage Sensor is healthy
2026-03-21 11:04:54,862 - INFO - Speed Sensor is healthy
2026-03-21 11:04:54,862 - INFO - Brake Pressure Sensor is healthy
2026-03-21 11:04:54,863 - INFO - Humidity Sensor is healthy
2026-03-21 11:04:54,863 - INFO - Track Alignment Sensor is healthy
2026-03-21 11:04:54,864 - INFO - Engine Load Sensor is healthy
2026-03-21 11:04:59,864 - INFO - Temperature Sensor is healthy
2026-03-21 11:04:59,865 - INFO - Pressure Sensor is healthy
2026-03-21 11:04:59,866 - INFO - Vibration Sensor is healthy
2026-03-21 11:04:59,866 - ERROR - Fuel Flow Sensor FAILED - Fuel flow interrupted
2026-03-21 11:04:59,867 - INFO - Voltage Sensor is healthy
2026-03-21 11:04:59,868 - INFO - Speed Sensor is healthy
2026-03-21 11:04:59,868 - INFO - Brake Pressure Sensor is healthy
2026-03-21 11:04:59,869 - INFO - Humidity Sensor is healthy
2026-03-21 11:04:59,869 - INFO - Track Alignment Sensor is healthy
2026-03-21 11:04:59,869 - INFO - Engine Load Sensor is healthy
2026-03-21 11:05:04,871 - INFO - Temperature Sensor is healthy
2026-03-21 11:05:04,872 - INFO - Pressure Sensor is healthy
2026-03-21 11:05:04,872 - INFO - Vibration Sensor is healthy
2026-03-21 11:05:04,873 - ERROR - Fuel Flow Sensor FAILED - Fuel flow interrupted
2026-03-21 11:05:04,873 - INFO - Voltage Sensor is healthy
2026-03-21 11:05:04,875 - INFO - Speed Sensor is healthy
2026-03-21 11:05:04,876 - INFO - Brake Pressure Sensor is healthy
2026-03-21 11:05:04,877 - INFO - Humidity Sensor is healthy
2026-03-21 11:05:04,878 - INFO - Track Alignment Sensor is healthy
2026-03-21 11:05:04,881 - INFO - Engine Load Sensor is healthy
2026-03-21 11:05:09,882 - INFO - Temperature Sensor is healthy
2026-03-21 11:05:09,883 - INFO - Pressure Sensor is healthy
2026-03-21 11:05:09,884 - INFO - Vibration Sensor is healthy
2026-03-21 11:05:09,885 - ERROR - Fuel Flow Sensor FAILED - Fuel flow interrupted
2026-03-21 11:05:09,886 - INFO - Voltage Sensor is healthy
2026-03-21 11:05:09,887 - INFO - Speed Sensor is healthy
2026-03-21 11:05:09,887 - INFO - Brake Pressure Sensor is healthy
2026-03-21 11:05:09,888 - INFO - Humidity Sensor is healthy
2026-03-21 11:05:09,888 - INFO - Track Alignment Sensor is healthy
2026-03-21 11:05:09,889 - INFO - Engine Load Sensor is healthy
2026-03-21 11:05:14,890 - INFO - Temperature Sensor is healthy
2026-03-21 11:05:14,891 - INFO - Pressure Sensor is healthy
2026-03-21 11:05:14,891 - INFO - Vibration Sensor is healthy
2026-03-21 11:05:14,891 - ERROR - Fuel Flow Sensor FAILED - Fuel flow interrupted
2026-03-21 11:05:14,892 - INFO - Voltage Sensor is healthy
2026-03-21 11:05:14,892 - INFO - Speed Sensor is healthy
2026-03-21 11:05:14,892 - INFO - Brake Pressure Sensor is healthy
2026-03-21 11:05:14,893 - INFO - Humidity Sensor is healthy
2026-03-21 11:05:14,893 - INFO - Track Alignment Sensor is healthy
2026-03-21 11:05:14,893 - INFO - Engine Load Sensor is healthy
2026-03-21 11:05:19,894 - INFO - Temperature Sensor is healthy
2026-03-21 11:05:19,895 - INFO - Pressure Sensor is healthy
2026-03-21 11:05:19,895 - INFO - Vibration Sensor is healthy
2026-03-21 11:05:19,896 - ERROR - Fuel Flow Sensor FAILED - Fuel flow interrupted
2026-03-21 11:05:19,896 - INFO - Voltage Sensor is healthy
2026-03-21 11:05:19,896 - INFO - Speed Sensor is healthy
2026-03-21 11:05:19,896 - INFO - Brake Pressure Sensor is healthy
2026-03-21 11:05:19,897 - INFO - Humidity Sensor is healthy
2026-03-21 11:05:19,897 - INFO - Track Alignment Sensor is healthy
2026-03-21 11:05:19,897 - INFO - Engine Load Sensor is healthy
2026-03-21 11:05:24,898 - INFO - Temperature Sensor is healthy
2026-03-21 11:05:24,899 - INFO - Pressure Sensor is healthy
2026-03-21 11:05:24,899 - INFO - Vibration Sensor is healthy
2026-03-21 11:05:24,900 - ERROR - Fuel Flow Sensor FAILED - Fuel flow interrupted
2026-03-21 11:05:24,900 - INFO - Voltage Sensor is healthy
2026-03-21 11:05:24,900 - INFO - Speed Sensor is healthy
2026-03-21 11:05:24,900 - INFO - Brake Pressure Sensor is healthy
2026-03-21 11:05:24,901 - INFO - Humidity Sensor is healthy
2026-03-21 11:05:24,901 - INFO - Track Alignment Sensor is healthy
2026-03-21 11:05:24,901 - INFO - Engine Load Sensor is healthy
2026-03-21 11:05:29,902 - INFO - Temperature Sensor is healthy
2026-03-21 11:05:29,902 - INFO - Pressure Sensor is healthy
2026-03-21 11:05:29,903 - INFO - Vibration Sensor is healthy
2026-03-21 11:05:29,903 - ERROR - Fuel Flow Sensor FAILED - Fuel flow interrupted
2026-03-21 11:05:29,904 - INFO - Voltage Sensor is healthy
2026-03-21 11:05:29,904 - INFO - Speed Sensor is healthy
2026-03-21 11:05:29,905 - INFO - Brake Pressure Sensor is healthy
2026-03-21 11:05:29,905 - INFO - Humidity Sensor is healthy
2026-03-21 11:05:29,906 - INFO - Track Alignment Sensor is healthy
2026-03-21 11:05:29,907 - INFO - Engine Load Sensor is healthy
2026-03-21 11:05:34,908 - INFO - Temperature Sensor is healthy
2026-03-21 11:05:34,908 - INFO - Pressure Sensor is healthy
2026-03-21 11:05:34,908 - INFO - Vibration Sensor is healthy
2026-03-21 11:05:34,909 - ERROR - Fuel Flow Sensor FAILED - Fuel flow interrupted
2026-03-21 11:05:34,910 - INFO - Voltage Sensor is healthy
2026-03-21 11:05:34,910 - INFO - Speed Sensor is healthy
2026-03-21 11:05:34,911 - INFO - Brake Pressure Sensor is healthy
2026-03-21 11:05:34,911 - INFO - Humidity Sensor is healthy
2026-03-21 11:05:34,912 - INFO - Track Alignment Sensor is healthy
2026-03-21 11:05:34,912 - INFO - Engine Load Sensor is healthy
2026-03-21 11:05:39,913 - INFO - Temperature Sensor is healthy
2026-03-21 11:05:39,913 - INFO - Pressure Sensor is healthy
2026-03-21 11:05:39,914 - INFO - Vibration Sensor is healthy
2026-03-21 11:05:39,914 - ERROR - Fuel Flow Sensor FAILED - Fuel flow interrupted
2026-03-21 11:05:39,915 - INFO - Voltage Sensor is healthy
2026-03-21 11:05:39,916 - INFO - Speed Sensor is healthy
2026-03-21 11:05:39,916 - INFO - Brake Pressure Sensor is healthy
2026-03-21 11:05:39,917 - INFO - Humidity Sensor is healthy
2026-03-21 11:05:39,918 - INFO - Track Alignment Sensor is healthy
2026-03-21 11:05:39,918 - INFO - Engine Load Sensor is healthy
2026-03-21 11:05:44,919 - INFO - Temperature Sensor is healthy
2026-03-21 11:05:44,920 - INFO - Pressure Sensor is healthy
2026-03-21 11:05:44,920 - INFO - Vibration Sensor is healthy
2026-03-21 11:05:44,921 - ERROR - Fuel Flow Sensor FAILED - Fuel flow interrupted
2026-03-21 11:05:44,921 - INFO - Voltage Sensor is healthy
2026-03-21 11:05:44,921 - INFO - Speed Sensor is healthy
2026-03-21 11:05:44,922 - INFO - Brake Pressure Sensor is healthy
2026-03-21 11:05:44,922 - INFO - Humidity Sensor is healthy
2026-03-21 11:05:44,923 - INFO - Track Alignment Sensor is healthy
2026-03-21 11:05:44,923 - INFO - Engine Load Sensor is healthy
2026-03-21 11:05:49,924 - INFO - Temperature Sensor is healthy
2026-03-21 11:05:49,925 - INFO - Pressure Sensor is healthy
2026-03-21 11:05:49,925 - INFO - Vibration Sensor is healthy
2026-03-21 11:05:49,925 - ERROR - Fuel Flow Sensor FAILED - Fuel flow interrupted
2026-03-21 11:05:49,925 - INFO - Voltage Sensor is healthy
2026-03-21 11:05:49,926 - INFO - Speed Sensor is healthy
2026-03-21 11:05:49,926 - INFO - Brake Pressure Sensor is healthy
2026-03-21 11:05:49,926 - INFO - Humidity Sensor is healthy
2026-03-21 11:05:49,927 - INFO - Track Alignment Sensor is healthy
2026-03-21 11:05:49,927 - INFO - Engine Load Sensor is healthy
2026-03-21 11:05:54,928 - INFO - Temperature Sensor is healthy
2026-03-21 11:05:54,929 - INFO - Pressure Sensor is healthy
2026-03-21 11:05:54,929 - INFO - Vibration Sensor is healthy
2026-03-21 11:05:54,929 - ERROR - Fuel Flow Sensor FAILED - Fuel flow interrupted
2026-03-21 11:05:54,929 - INFO - Voltage Sensor is healthy
2026-03-21 11:05:54,930 - INFO - Speed Sensor is healthy
2026-03-21 11:05:54,930 - INFO - Brake Pressure Sensor is healthy
2026-03-21 11:05:54,930 - INFO - Humidity Sensor is healthy
2026-03-21 11:05:54,931 - INFO - Track Alignment Sensor is healthy
2026-03-21 11:05:54,931 - INFO - Engine Load Sensor is healthy
2026-03-21 11:05:59,932 - INFO - Temperature Sensor is healthy
2026-03-21 11:05:59,933 - INFO - Pressure Sensor is healthy
2026-03-21 11:05:59,933 - INFO - Vibration Sensor is healthy
2026-03-21 11:05:59,934 - ERROR - Fuel Flow Sensor FAILED - Fuel flow interrupted
2026-03-21 11:05:59,934 - INFO - Voltage Sensor is healthy
2026-03-21 11:05:59,934 - INFO - Speed Sensor is healthy
2026-03-21 11:05:59,935 - INFO - Brake Pressure Sensor is healthy
2026-03-21 11:05:59,935 - INFO - Humidity Sensor is healthy
2026-03-21 11:05:59,935 - INFO - Track Alignment Sensor is healthy
2026-03-21 11:05:59,936 - INFO - Engine Load Sensor is healthy
2026-03-21 11:06:04,937 - INFO - Temperature Sensor is healthy
2026-03-21 11:06:04,938 - INFO - Pressure Sensor is healthy
2026-03-21 11:06:04,938 - INFO - Vibration Sensor is healthy
2026-03-21 11:06:04,939 - ERROR - Fuel Flow Sensor FAILED - Fuel flow interrupted
2026-03-21 11:06:04,939 - INFO - Voltage Sensor is healthy
2026-03-21 11:06:04,939 - INFO - Speed Sensor is healthy
2026-03-21 11:06:04,940 - INFO - Brake Pressure Sensor is healthy
2026-03-21 11:06:04,940 - INFO - Humidity Sensor is healthy
2026-03-21 11:06:04,940 - INFO - Track Alignment Sensor is healthy
2026-03-21 11:06:04,941 - INFO - Engine Load Sensor is healthy
2026-03-21 11:06:09,941 - INFO - Temperature Sensor is healthy
2026-03-21 11:06:09,942 - INFO - Pressure Sensor is healthy
2026-03-21 11:06:09,942 - INFO - Vibration Sensor is healthy
2026-03-21 11:06:09,942 - ERROR - Fuel Flow Sensor FAILED - Fuel flow interrupted
2026-03-21 11:06:09,943 - INFO - Voltage Sensor is healthy
2026-03-21 11:06:09,945 - INFO - Speed Sensor is healthy
2026-03-21 11:06:09,945 - INFO - Brake Pressure Sensor is healthy
2026-03-21 11:06:09,946 - INFO - Humidity Sensor is healthy
2026-03-21 11:06:09,946 - INFO - Track Alignment Sensor is healthy
2026-03-21 11:06:09,946 - INFO - Engine Load Sensor is healthy
2026-03-21 11:06:14,948 - INFO - Temperature Sensor is healthy
2026-03-21 11:06:14,949 - INFO - Pressure Sensor is healthy
2026-03-21 11:06:14,949 - INFO - Vibration Sensor is healthy
2026-03-21 11:06:14,949 - ERROR - Fuel Flow Sensor FAILED - Fuel flow interrupted
2026-03-21 11:06:14,950 - INFO - Voltage Sensor is healthy
2026-03-21 11:06:14,950 - INFO - Speed Sensor is healthy
2026-03-21 11:06:14,951 - INFO - Brake Pressure Sensor is healthy
2026-03-21 11:06:14,951 - INFO - Humidity Sensor is healthy
2026-03-21 11:06:14,951 - INFO - Track Alignment Sensor is healthy
2026-03-21 11:06:14,952 - INFO - Engine Load Sensor is healthy
2026-03-21 11:06:19,953 - INFO - Temperature Sensor is healthy
2026-03-21 11:06:19,953 - INFO - Pressure Sensor is healthy
2026-03-21 11:06:19,954 - INFO - Vibration Sensor is healthy
2026-03-21 11:06:19,954 - ERROR - Fuel Flow Sensor FAILED - Fuel flow interrupted
2026-03-21 11:06:19,955 - INFO - Voltage Sensor is healthy
2026-03-21 11:06:19,955 - INFO - Speed Sensor is healthy
2026-03-21 11:06:19,955 - INFO - Brake Pressure Sensor is healthy
2026-03-21 11:06:19,956 - INFO - Humidity Sensor is healthy
2026-03-21 11:06:19,956 - INFO - Track Alignment Sensor is healthy
2026-03-21 11:06:19,957 - INFO - Engine Load Sensor is healthy
2026-03-21 11:06:24,960 - INFO - Temperature Sensor is healthy
2026-03-21 11:06:24,962 - INFO - Pressure Sensor is healthy
2026-03-21 11:06:24,966 - INFO - Vibration Sensor is healthy
2026-03-21 11:06:24,967 - ERROR - Fuel Flow Sensor FAILED - Fuel flow interrupted
2026-03-21 11:06:24,967 - INFO - Voltage Sensor is healthy
2026-03-21 11:06:24,967 - INFO - Speed Sensor is healthy
2026-03-21 11:06:24,968 - INFO - Brake Pressure Sensor is healthy
2026-03-21 11:06:24,968 - INFO - Humidity Sensor is healthy
2026-03-21 11:06:24,969 - INFO - Track Alignment Sensor is healthy
2026-03-21 11:06:24,969 - INFO - Engine Load Sensor is healthy
2026-03-21 11:06:29,970 - INFO - Temperature Sensor is healthy
2026-03-21 11:06:29,971 - INFO - Pressure Sensor is healthy
2026-03-21 11:06:29,971 - INFO - Vibration Sensor is healthy
2026-03-21 11:06:29,971 - ERROR - Fuel Flow Sensor FAILED - Fuel flow interrupted
2026-03-21 11:06:29,972 - INFO - Voltage Sensor is healthy
2026-03-21 11:06:29,973 - INFO - Speed Sensor is healthy
2026-03-21 11:06:29,973 - INFO - Brake Pressure Sensor is healthy
2026-03-21 11:06:29,974 - INFO - Humidity Sensor is healthy
2026-03-21 11:06:29,974 - INFO - Track Alignment Sensor is healthy
2026-03-21 11:06:29,974 - INFO - Engine Load Sensor is healthy
2026-03-21 11:06:34,975 - INFO - Temperature Sensor is healthy
2026-03-21 11:06:34,976 - INFO - Pressure Sensor is healthy
2026-03-21 11:06:34,976 - INFO - Vibration Sensor is healthy
2026-03-21 11:06:34,977 - ERROR - Fuel Flow Sensor FAILED - Fuel flow interrupted
2026-03-21 11:06:34,978 - INFO - Voltage Sensor is healthy
2026-03-21 11:06:34,979 - INFO - Speed Sensor is healthy
2026-03-21 11:06:34,979 - INFO - Brake Pressure Sensor is healthy
2026-03-21 11:06:34,980 - INFO - Humidity Sensor is healthy
2026-03-21 11:06:34,980 - INFO - Track Alignment Sensor is healthy
2026-03-21 11:06:34,981 - INFO - Engine Load Sensor is healthy
2026-03-21 11:06:39,982 - INFO - Temperature Sensor is healthy
2026-03-21 11:06:39,983 - INFO - Pressure Sensor is healthy
2026-03-21 11:06:39,983 - INFO - Vibration Sensor is healthy
2026-03-21 11:06:39,986 - ERROR - Fuel Flow Sensor FAILED - Fuel flow interrupted
2026-03-21 11:06:39,986 - INFO - Voltage Sensor is healthy
2026-03-21 11:06:39,987 - INFO - Speed Sensor is healthy
2026-03-21 11:06:39,987 - INFO - Brake Pressure Sensor is healthy
2026-03-21 11:06:39,988 - INFO - Humidity Sensor is healthy
2026-03-21 11:06:39,988 - INFO - Track Alignment Sensor is healthy
2026-03-21 11:06:39,989 - INFO - Engine Load Sensor is healthy
2026-03-21 11:06:44,991 - INFO - Temperature Sensor is healthy
2026-03-21 11:06:44,991 - INFO - Pressure Sensor is healthy
2026-03-21 11:06:44,992 - INFO - Vibration Sensor is healthy
2026-03-21 11:06:44,992 - ERROR - Fuel Flow Sensor FAILED - Fuel flow interrupted
2026-03-21 11:06:44,992 - INFO - Voltage Sensor is healthy
2026-03-21 11:06:44,993 - INFO - Speed Sensor is healthy
2026-03-21 11:06:44,993 - INFO - Brake Pressure Sensor is healthy
2026-03-21 11:06:44,994 - INFO - Humidity Sensor is healthy
2026-03-21 11:06:44,995 - INFO - Track Alignment Sensor is healthy
2026-03-21 11:06:44,995 - INFO - Engine Load Sensor is healthy
2026-03-21 11:06:49,996 - INFO - Temperature Sensor is healthy
2026-03-21 11:06:49,997 - INFO - Pressure Sensor is healthy
2026-03-21 11:06:49,997 - INFO - Vibration Sensor is healthy
2026-03-21 11:06:49,998 - ERROR - Fuel Flow Sensor FAILED - Fuel flow interrupted
2026-03-21 11:06:49,999 - INFO - Voltage Sensor is healthy
2026-03-21 11:06:50,000 - INFO - Speed Sensor is healthy
2026-03-21 11:06:50,001 - INFO - Brake Pressure Sensor is healthy
2026-03-21 11:06:50,001 - INFO - Humidity Sensor is healthy
2026-03-21 11:06:50,002 - INFO - Track Alignment Sensor is healthy
2026-03-21 11:06:50,002 - INFO - Engine Load Sensor is healthy
2026-03-21 11:06:55,003 - INFO - Temperature Sensor is healthy
2026-03-21 11:06:55,004 - INFO - Pressure Sensor is healthy
2026-03-21 11:06:55,004 - INFO - Vibration Sensor is healthy
2026-03-21 11:06:55,005 - ERROR - Fuel Flow Sensor FAILED - Fuel flow interrupted
2026-03-21 11:06:55,005 - INFO - Voltage Sensor is healthy
2026-03-21 11:06:55,006 - INFO - Speed Sensor is healthy
2026-03-21 11:06:55,007 - INFO - Brake Pressure Sensor is healthy
2026-03-21 11:06:55,007 - INFO - Humidity Sensor is healthy
2026-03-21 11:06:55,008 - INFO - Track Alignment Sensor is healthy
2026-03-21 11:06:55,008 - INFO - Engine Load Sensor is healthy
2026-03-21 11:07:00,009 - INFO - Temperature Sensor is healthy
2026-03-21 11:07:00,010 - INFO - Pressure Sensor is healthy
2026-03-21 11:07:00,011 - INFO - Vibration Sensor is healthy
2026-03-21 11:07:00,013 - ERROR - Fuel Flow Sensor FAILED - Fuel flow interrupted
2026-03-21 11:07:00,013 - INFO - Voltage Sensor is healthy
2026-03-21 11:07:00,015 - INFO - Speed Sensor is healthy
2026-03-21 11:07:00,015 - INFO - Brake Pressure Sensor is healthy
2026-03-21 11:07:00,016 - INFO - Humidity Sensor is healthy
2026-03-21 11:07:00,016 - INFO - Track Alignment Sensor is healthy
2026-03-21 11:07:00,017 - INFO - Engine Load Sensor is healthy
2026-03-21 11:07:05,018 - INFO - Temperature Sensor is healthy
2026-03-21 11:07:05,019 - INFO - Pressure Sensor is healthy
2026-03-21 11:07:05,019 - INFO - Vibration Sensor is healthy
2026-03-21 11:07:05,019 - ERROR - Fuel Flow Sensor FAILED - Fuel flow interrupted
2026-03-21 11:07:05,020 - INFO - Voltage Sensor is healthy
2026-03-21 11:07:05,020 - INFO - Speed Sensor is healthy
2026-03-21 11:07:05,021 - INFO - Brake Pressure Sensor is healthy
2026-03-21 11:07:05,021 - INFO - Humidity Sensor is healthy
2026-03-21 11:07:05,022 - INFO - Track Alignment Sensor is healthy
2026-03-21 11:07:05,022 - INFO - Engine Load Sensor is healthy
2026-03-21 11:07:10,023 - INFO - Temperature Sensor is healthy
2026-03-21 11:07:10,024 - INFO - Pressure Sensor is healthy
2026-03-21 11:07:10,024 - INFO - Vibration Sensor is healthy
2026-03-21 11:07:10,025 - ERROR - Fuel Flow Sensor FAILED - Fuel flow interrupted
2026-03-21 11:07:10,025 - INFO - Voltage Sensor is healthy
2026-03-21 11:07:10,026 - INFO - Speed Sensor is healthy
2026-03-21 11:07:10,026 - INFO - Brake Pressure Sensor is healthy
2026-03-21 11:07:10,027 - INFO - Humidity Sensor is healthy
2026-03-21 11:07:10,028 - INFO - Track Alignment Sensor is healthy
2026-03-21 11:07:10,028 - INFO - Engine Load Sensor is healthy
2026-03-21 11:07:15,029 - INFO - Temperature Sensor is healthy
2026-03-21 11:07:15,029 - INFO - Pressure Sensor is healthy
2026-03-21 11:07:15,030 - INFO - Vibration Sensor is healthy
2026-03-21 11:07:15,031 - ERROR - Fuel Flow Sensor FAILED - Fuel flow interrupted
2026-03-21 11:07:15,031 - INFO - Voltage Sensor is healthy
2026-03-21 11:07:15,031 - INFO - Speed Sensor is healthy
2026-03-21 11:07:15,032 - INFO - Brake Pressure Sensor is healthy
2026-03-21 11:07:15,032 - INFO - Humidity Sensor is healthy
2026-03-21 11:07:15,032 - INFO - Track Alignment Sensor is healthy
2026-03-21 11:07:15,033 - INFO - Engine Load Sensor is healthy
2026-03-21 11:07:20,035 - INFO - Temperature Sensor is healthy
2026-03-21 11:07:20,035 - INFO - Pressure Sensor is healthy
2026-03-21 11:07:20,035 - INFO - Vibration Sensor is healthy
2026-03-21 11:07:20,036 - ERROR - Fuel Flow Sensor FAILED - Fuel flow interrupted
2026-03-21 11:07:20,036 - INFO - Voltage Sensor is healthy
2026-03-21 11:07:20,037 - INFO - Speed Sensor is healthy
2026-03-21 11:07:20,037 - INFO - Brake Pressure Sensor is healthy
2026-03-21 11:07:20,037 - INFO - Humidity Sensor is healthy
2026-03-21 11:07:20,038 - INFO - Track Alignment Sensor is healthy
2026-03-21 11:07:20,038 - INFO - Engine Load Sensor is healthy
2026-03-21 11:07:25,039 - INFO - Temperature Sensor is healthy
2026-03-21 11:07:25,040 - INFO - Pressure Sensor is healthy
2026-03-21 11:07:25,040 - INFO - Vibration Sensor is healthy
2026-03-21 11:07:25,041 - ERROR - Fuel Flow Sensor FAILED - Fuel flow interrupted
2026-03-21 11:07:25,041 - INFO - Voltage Sensor is healthy
2026-03-21 11:07:25,042 - INFO - Speed Sensor is healthy
2026-03-21 11:07:25,042 - INFO - Brake Pressure Sensor is healthy
2026-03-21 11:07:25,043 - INFO - Humidity Sensor is healthy
2026-03-21 11:07:25,043 - INFO - Track Alignment Sensor is healthy
2026-03-21 11:07:25,044 - INFO - Engine Load Sensor is healthy
2026-03-21 11:07:30,045 - INFO - Temperature Sensor is healthy
2026-03-21 11:07:30,046 - INFO - Pressure Sensor is healthy
2026-03-21 11:07:30,046 - INFO - Vibration Sensor is healthy
2026-03-21 11:07:30,046 - ERROR - Fuel Flow Sensor FAILED - Fuel flow interrupted
2026-03-21 11:07:30,047 - INFO - Voltage Sensor is healthy
2026-03-21 11:07:30,047 - INFO - Speed Sensor is healthy
2026-03-21 11:07:30,048 - INFO - Brake Pressure Sensor is healthy
2026-03-21 11:07:30,049 - INFO - Humidity Sensor is healthy
2026-03-21 11:07:30,050 - INFO - Track Alignment Sensor is healthy
2026-03-21 11:07:30,050 - INFO - Engine Load Sensor is healthy
2026-03-21 11:07:35,051 - INFO - Temperature Sensor is healthy
2026-03-21 11:07:35,052 - INFO - Pressure Sensor is healthy
2026-03-21 11:07:35,053 - INFO - Vibration Sensor is healthy
2026-03-21 11:07:35,053 - ERROR - Fuel Flow Sensor FAILED - Fuel flow interrupted
2026-03-21 11:07:35,054 - INFO - Voltage Sensor is healthy
2026-03-21 11:07:35,055 - INFO - Speed Sensor is healthy
2026-03-21 11:07:35,056 - INFO - Brake Pressure Sensor is healthy
2026-03-21 11:07:35,056 - INFO - Humidity Sensor is healthy
2026-03-21 11:07:35,057 - INFO - Track Alignment Sensor is healthy
2026-03-21 11:07:35,057 - INFO - Engine Load Sensor is healthy
2026-03-21 11:07:40,059 - INFO - Temperature Sensor is healthy
2026-03-21 11:07:40,060 - INFO - Pressure Sensor is healthy
2026-03-21 11:07:40,060 - INFO - Vibration Sensor is healthy
2026-03-21 11:07:40,061 - ERROR - Fuel Flow Sensor FAILED - Fuel flow interrupted
2026-03-21 11:07:40,062 - INFO - Voltage Sensor is healthy
2026-03-21 11:07:40,063 - INFO - Speed Sensor is healthy
2026-03-21 11:07:40,063 - INFO - Brake Pressure Sensor is healthy
2026-03-21 11:07:40,064 - INFO - Humidity Sensor is healthy
2026-03-21 11:07:40,065 - INFO - Track Alignment Sensor is healthy
2026-03-21 11:07:40,065 - INFO - Engine Load Sensor is healthy
2026-03-21 11:07:45,066 - INFO - Temperature Sensor is healthy
2026-03-21 11:07:45,067 - INFO - Pressure Sensor is healthy
2026-03-21 11:07:45,068 - INFO - Vibration Sensor is healthy
2026-03-21 11:07:45,068 - ERROR - Fuel Flow Sensor FAILED - Fuel flow interrupted
2026-03-21 11:07:45,069 - INFO - Voltage Sensor is healthy
2026-03-21 11:07:45,070 - INFO - Speed Sensor is healthy
2026-03-21 11:07:45,070 - INFO - Brake Pressure Sensor is healthy
2026-03-21 11:07:45,071 - INFO - Humidity Sensor is healthy
2026-03-21 11:07:45,071 - INFO - Track Alignment Sensor is healthy
2026-03-21 11:07:45,072 - INFO - Engine Load Sensor is healthy
2026-03-21 11:07:50,073 - INFO - Temperature Sensor is healthy
2026-03-21 11:07:50,074 - INFO - Pressure Sensor is healthy
2026-03-21 11:07:50,074 - INFO - Vibration Sensor is healthy
2026-03-21 11:07:50,075 - ERROR - Fuel Flow Sensor FAILED - Fuel flow interrupted
2026-03-21 11:07:50,075 - INFO - Voltage Sensor is healthy
2026-03-21 11:07:50,075 - INFO - Speed Sensor is healthy
2026-03-21 11:07:50,076 - INFO - Brake Pressure Sensor is healthy
2026-03-21 11:07:50,076 - INFO - Humidity Sensor is healthy
2026-03-21 11:07:50,076 - INFO - Track Alignment Sensor is healthy
2026-03-21 11:07:50,076 - INFO - Engine Load Sensor is healthy
2026-03-21 11:07:55,077 - INFO - Temperature Sensor is healthy
2026-03-21 11:07:55,078 - INFO - Pressure Sensor is healthy
2026-03-21 11:07:55,079 - INFO - Vibration Sensor is healthy
2026-03-21 11:07:55,079 - ERROR - Fuel Flow Sensor FAILED - Fuel flow interrupted
2026-03-21 11:07:55,080 - INFO - Voltage Sensor is healthy
2026-03-21 11:07:55,080 - INFO - Speed Sensor is healthy
2026-03-21 11:07:55,080 - INFO - Brake Pressure Sensor is healthy
2026-03-21 11:07:55,081 - INFO - Humidity Sensor is healthy
2026-03-21 11:07:55,081 - INFO - Track Alignment Sensor is healthy
2026-03-21 11:07:55,081 - INFO - Engine Load Sensor is healthy
2026-03-21 11:08:00,083 - INFO - Temperature Sensor is healthy
2026-03-21 11:08:00,084 - INFO - Pressure Sensor is healthy
2026-03-21 11:08:00,085 - INFO - Vibration Sensor is healthy
2026-03-21 11:08:00,085 - ERROR - Fuel Flow Sensor FAILED - Fuel flow interrupted
2026-03-21 11:08:00,085 - INFO - Voltage Sensor is healthy
2026-03-21 11:08:00,086 - INFO - Speed Sensor is healthy
2026-03-21 11:08:00,086 - INFO - Brake Pressure Sensor is healthy
2026-03-21 11:08:00,087 - INFO - Humidity Sensor is healthy
2026-03-21 11:08:00,087 - INFO - Track Alignment Sensor is healthy
2026-03-21 11:08:00,087 - INFO - Engine Load Sensor is healthy
2026-03-21 11:08:05,088 - INFO - Temperature Sensor is healthy
2026-03-21 11:08:05,089 - INFO - Pressure Sensor is healthy
2026-03-21 11:08:05,090 - INFO - Vibration Sensor is healthy
2026-03-21 11:08:05,090 - ERROR - Fuel Flow Sensor FAILED - Fuel flow interrupted
2026-03-21 11:08:05,091 - INFO - Voltage Sensor is healthy
2026-03-21 11:08:05,091 - INFO - Speed Sensor is healthy
2026-03-21 11:08:05,091 - INFO - Brake Pressure Sensor is healthy
2026-03-21 11:08:05,092 - INFO - Humidity Sensor is healthy
2026-03-21 11:08:05,092 - INFO - Track Alignment Sensor is healthy
2026-03-21 11:08:05,092 - INFO - Engine Load Sensor is healthy
2026-03-21 11:08:10,093 - INFO - Temperature Sensor is healthy
2026-03-21 11:08:10,094 - INFO - Pressure Sensor is healthy
2026-03-21 11:08:10,094 - INFO - Vibration Sensor is healthy
2026-03-21 11:08:10,095 - ERROR - Fuel Flow Sensor FAILED - Fuel flow interrupted
2026-03-21 11:08:10,098 - INFO - Voltage Sensor is healthy
2026-03-21 11:08:10,100 - INFO - Speed Sensor is healthy
2026-03-21 11:08:10,102 - INFO - Brake Pressure Sensor is healthy
2026-03-21 11:08:10,107 - INFO - Humidity Sensor is healthy
2026-03-21 11:08:10,108 - INFO - Track Alignment Sensor is healthy
2026-03-21 11:08:10,111 - INFO - Engine Load Sensor is healthy
2026-03-21 11:08:15,112 - INFO - Temperature Sensor is healthy
2026-03-21 11:08:15,113 - INFO - Pressure Sensor is healthy
2026-03-21 11:08:15,114 - INFO - Vibration Sensor is healthy
2026-03-21 11:08:15,115 - ERROR - Fuel Flow Sensor FAILED - Fuel flow interrupted
2026-03-21 11:08:15,116 - INFO - Voltage Sensor is healthy
2026-03-21 11:08:15,116 - INFO - Speed Sensor is healthy
2026-03-21 11:08:15,117 - INFO - Brake Pressure Sensor is healthy
2026-03-21 11:08:15,118 - INFO - Humidity Sensor is healthy
2026-03-21 11:08:15,118 - INFO - Track Alignment Sensor is healthy
2026-03-21 11:08:15,119 - INFO - Engine Load Sensor is healthy
2026-03-21 11:08:20,120 - INFO - Temperature Sensor is healthy
2026-03-21 11:08:20,120 - INFO - Pressure Sensor is healthy
2026-03-21 11:08:20,121 - INFO - Vibration Sensor is healthy
2026-03-21 11:08:20,121 - ERROR - Fuel Flow Sensor FAILED - Fuel flow interrupted
2026-03-21 11:08:20,121 - INFO - Voltage Sensor is healthy
2026-03-21 11:08:20,122 - INFO - Speed Sensor is healthy
2026-03-21 11:08:20,122 - INFO - Brake Pressure Sensor is healthy
2026-03-21 11:08:20,122 - INFO - Humidity Sensor is healthy
2026-03-21 11:08:20,122 - INFO - Track Alignment Sensor is healthy
2026-03-21 11:08:20,123 - INFO - Engine Load Sensor is healthy
2026-03-21 11:08:25,123 - INFO - Temperature Sensor is healthy
2026-03-21 11:08:25,124 - INFO - Pressure Sensor is healthy
2026-03-21 11:08:25,125 - INFO - Vibration Sensor is healthy
2026-03-21 11:08:25,126 - ERROR - Fuel Flow Sensor FAILED - Fuel flow interrupted
2026-03-21 11:08:25,126 - INFO - Voltage Sensor is healthy
2026-03-21 11:08:25,126 - INFO - Speed Sensor is healthy
2026-03-21 11:08:25,127 - INFO - Brake Pressure Sensor is healthy
2026-03-21 11:08:25,127 - INFO - Humidity Sensor is healthy
2026-03-21 11:08:25,128 - INFO - Track Alignment Sensor is healthy
2026-03-21 11:08:25,128 - INFO - Engine Load Sensor is healthy
2026-03-21 11:08:30,130 - INFO - Temperature Sensor is healthy
2026-03-21 11:08:30,130 - INFO - Pressure Sensor is healthy
2026-03-21 11:08:30,131 - INFO - Vibration Sensor is healthy
2026-03-21 11:08:30,131 - ERROR - Fuel Flow Sensor FAILED - Fuel flow interrupted
2026-03-21 11:08:30,131 - INFO - Voltage Sensor is healthy
2026-03-21 11:08:30,132 - INFO - Speed Sensor is healthy
2026-03-21 11:08:30,132 - INFO - Brake Pressure Sensor is healthy
2026-03-21 11:08:30,132 - INFO - Humidity Sensor is healthy
2026-03-21 11:08:30,133 - INFO - Track Alignment Sensor is healthy
2026-03-21 11:08:30,133 - INFO - Engine Load Sensor is healthy
2026-03-21 11:08:35,135 - INFO - Temperature Sensor is healthy
2026-03-21 11:08:35,135 - INFO - Pressure Sensor is healthy
2026-03-21 11:08:35,136 - INFO - Vibration Sensor is healthy
2026-03-21 11:08:35,136 - ERROR - Fuel Flow Sensor FAILED - Fuel flow interrupted
2026-03-21 11:08:35,136 - INFO - Voltage Sensor is healthy
2026-03-21 11:08:35,137 - INFO - Speed Sensor is healthy
2026-03-21 11:08:35,137 - INFO - Brake Pressure Sensor is healthy
2026-03-21 11:08:35,138 - INFO - Humidity Sensor is healthy
2026-03-21 11:08:35,138 - INFO - Track Alignment Sensor is healthy
2026-03-21 11:08:35,139 - INFO - Engine Load Sensor is healthy
2026-03-21 11:08:40,139 - INFO - Temperature Sensor is healthy
2026-03-21 11:08:40,140 - INFO - Pressure Sensor is healthy
2026-03-21 11:08:40,141 - INFO - Vibration Sensor is healthy
2026-03-21 11:08:40,141 - ERROR - Fuel Flow Sensor FAILED - Fuel flow interrupted
2026-03-21 11:08:40,142 - INFO - Voltage Sensor is healthy
2026-03-21 11:08:40,143 - INFO - Speed Sensor is healthy
2026-03-21 11:08:40,143 - INFO - Brake Pressure Sensor is healthy
2026-03-21 11:08:40,143 - INFO - Humidity Sensor is healthy
2026-03-21 11:08:40,144 - INFO - Track Alignment Sensor is healthy
2026-03-21 11:08:40,145 - INFO - Engine Load Sensor is healthy
2026-03-21 11:08:45,145 - INFO - Temperature Sensor is healthy
2026-03-21 11:08:45,146 - INFO - Pressure Sensor is healthy
2026-03-21 11:08:45,147 - INFO - Vibration Sensor is healthy
2026-03-21 11:08:45,147 - ERROR - Fuel Flow Sensor FAILED - Fuel flow interrupted
2026-03-21 11:08:45,148 - INFO - Voltage Sensor is healthy
2026-03-21 11:08:45,148 - INFO - Speed Sensor is healthy
2026-03-21 11:08:45,148 - INFO - Brake Pressure Sensor is healthy
2026-03-21 11:08:45,149 - INFO - Humidity Sensor is healthy
2026-03-21 11:08:45,149 - INFO - Track Alignment Sensor is healthy
2026-03-21 11:08:45,150 - INFO - Engine Load Sensor is healthy
2026-03-21 11:08:50,151 - INFO - Temperature Sensor is healthy
2026-03-21 11:08:50,152 - INFO - Pressure Sensor is healthy
2026-03-21 11:08:50,152 - INFO - Vibration Sensor is healthy
2026-03-21 11:08:50,152 - ERROR - Fuel Flow Sensor FAILED - Fuel flow interrupted
2026-03-21 11:08:50,153 - INFO - Voltage Sensor is healthy
2026-03-21 11:08:50,153 - INFO - Speed Sensor is healthy
2026-03-21 11:08:50,154 - INFO - Brake Pressure Sensor is healthy
2026-03-21 11:08:50,155 - INFO - Humidity Sensor is healthy
2026-03-21 11:08:50,155 - INFO - Track Alignment Sensor is healthy
2026-03-21 11:08:50,155 - INFO - Engine Load Sensor is healthy
2026-03-21 11:08:55,156 - INFO - Temperature Sensor is healthy
2026-03-21 11:08:55,157 - INFO - Pressure Sensor is healthy
2026-03-21 11:08:55,157 - INFO - Vibration Sensor is healthy
2026-03-21 11:08:55,158 - ERROR - Fuel Flow Sensor FAILED - Fuel flow interrupted
2026-03-21 11:08:55,158 - INFO - Voltage Sensor is healthy
2026-03-21 11:08:55,159 - INFO - Speed Sensor is healthy
2026-03-21 11:08:55,159 - INFO - Brake Pressure Sensor is healthy
2026-03-21 11:08:55,160 - INFO - Humidity Sensor is healthy
2026-03-21 11:08:55,160 - INFO - Track Alignment Sensor is healthy
2026-03-21 11:08:55,161 - INFO - Engine Load Sensor is healthy
2026-03-21 11:09:00,162 - INFO - Temperature Sensor is healthy
2026-03-21 11:09:00,163 - INFO - Pressure Sensor is healthy
2026-03-21 11:09:00,163 - INFO - Vibration Sensor is healthy
2026-03-21 11:09:00,163 - ERROR - Fuel Flow Sensor FAILED - Fuel flow interrupted
2026-03-21 11:09:00,164 - INFO - Voltage Sensor is healthy
2026-03-21 11:09:00,164 - INFO - Speed Sensor is healthy
2026-03-21 11:09:00,165 - INFO - Brake Pressure Sensor is healthy
2026-03-21 11:09:00,165 - INFO - Humidity Sensor is healthy
2026-03-21 11:09:00,166 - INFO - Track Alignment Sensor is healthy
2026-03-21 11:09:00,167 - INFO - Engine Load Sensor is healthy
2026-03-21 11:09:05,168 - INFO - Temperature Sensor is healthy
2026-03-21 11:09:05,168 - INFO - Pressure Sensor is healthy
2026-03-21 11:09:05,169 - INFO - Vibration Sensor is healthy
2026-03-21 11:09:05,169 - ERROR - Fuel Flow Sensor FAILED - Fuel flow interrupted
2026-03-21 11:09:05,170 - INFO - Voltage Sensor is healthy
2026-03-21 11:09:05,171 - INFO - Speed Sensor is healthy
2026-03-21 11:09:05,172 - INFO - Brake Pressure Sensor is healthy
2026-03-21 11:09:05,173 - INFO - Humidity Sensor is healthy
2026-03-21 11:09:05,173 - INFO - Track Alignment Sensor is healthy
2026-03-21 11:09:05,177 - INFO - Engine Load Sensor is healthy
2026-03-21 11:09:10,178 - INFO - Temperature Sensor is healthy
2026-03-21 11:09:10,179 - INFO - Pressure Sensor is healthy
2026-03-21 11:09:10,180 - INFO - Vibration Sensor is healthy
2026-03-21 11:09:10,181 - ERROR - Fuel Flow Sensor FAILED - Fuel flow interrupted
2026-03-21 11:09:10,182 - INFO - Voltage Sensor is healthy
2026-03-21 11:09:10,182 - INFO - Speed Sensor is healthy
2026-03-21 11:09:10,183 - INFO - Brake Pressure Sensor is healthy
2026-03-21 11:09:10,183 - INFO - Humidity Sensor is healthy
2026-03-21 11:09:10,183 - INFO - Track Alignment Sensor is healthy
2026-03-21 11:09:10,184 - INFO - Engine Load Sensor is healthy
2026-03-21 11:09:15,185 - INFO - Temperature Sensor is healthy
2026-03-21 11:09:15,186 - INFO - Pressure Sensor is healthy
2026-03-21 11:09:15,186 - INFO - Vibration Sensor is healthy
2026-03-21 11:09:15,186 - ERROR - Fuel Flow Sensor FAILED - Fuel flow interrupted
2026-03-21 11:09:15,187 - INFO - Voltage Sensor is healthy
2026-03-21 11:09:15,187 - INFO - Speed Sensor is healthy
2026-03-21 11:09:15,188 - INFO - Brake Pressure Sensor is healthy
2026-03-21 11:09:15,188 - INFO - Humidity Sensor is healthy
2026-03-21 11:09:15,189 - INFO - Track Alignment Sensor is healthy
2026-03-21 11:09:15,189 - INFO - Engine Load Sensor is healthy
2026-03-21 11:09:20,190 - INFO - Temperature Sensor is healthy
2026-03-21 11:09:20,190 - INFO - Pressure Sensor is healthy
2026-03-21 11:09:20,190 - INFO - Vibration Sensor is healthy
2026-03-21 11:09:20,191 - ERROR - Fuel Flow Sensor FAILED - Fuel flow interrupted
2026-03-21 11:09:20,192 - INFO - Voltage Sensor is healthy
2026-03-21 11:09:20,192 - INFO - Speed Sensor is healthy
2026-03-21 11:09:20,193 - INFO - Brake Pressure Sensor is healthy
2026-03-21 11:09:20,193 - INFO - Humidity Sensor is healthy
2026-03-21 11:09:20,194 - INFO - Track Alignment Sensor is healthy
2026-03-21 11:09:20,195 - INFO - Engine Load Sensor is healthy
2026-03-21 11:09:25,195 - INFO - Temperature Sensor is healthy
2026-03-21 11:09:25,196 - INFO - Pressure Sensor is healthy
2026-03-21 11:09:25,197 - INFO - Vibration Sensor is healthy
2026-03-21 11:09:25,197 - ERROR - Fuel Flow Sensor FAILED - Fuel flow interrupted
2026-03-21 11:09:25,198 - INFO - Voltage Sensor is healthy
2026-03-21 11:09:25,198 - INFO - Speed Sensor is healthy
2026-03-21 11:09:25,198 - INFO - Brake Pressure Sensor is healthy
2026-03-21 11:09:25,199 - INFO - Humidity Sensor is healthy
2026-03-21 11:09:25,199 - INFO - Track Alignment Sensor is healthy
2026-03-21 11:09:25,200 - INFO - Engine Load Sensor is healthy
2026-03-21 11:09:30,201 - INFO - Temperature Sensor is healthy
2026-03-21 11:09:30,202 - INFO - Pressure Sensor is healthy
2026-03-21 11:09:30,203 - INFO - Vibration Sensor is healthy
2026-03-21 11:09:30,203 - ERROR - Fuel Flow Sensor FAILED - Fuel flow interrupted
2026-03-21 11:09:30,203 - INFO - Voltage Sensor is healthy
2026-03-21 11:09:30,204 - INFO - Speed Sensor is healthy
2026-03-21 11:09:30,204 - INFO - Brake Pressure Sensor is healthy
2026-03-21 11:09:30,204 - INFO - Humidity Sensor is healthy
2026-03-21 11:09:30,205 - INFO - Track Alignment Sensor is healthy
2026-03-21 11:09:30,205 - INFO - Engine Load Sensor is healthy
2026-03-21 11:09:35,206 - INFO - Temperature Sensor is healthy
2026-03-21 11:09:35,207 - INFO - Pressure Sensor is healthy
2026-03-21 11:09:35,207 - INFO - Vibration Sensor is healthy
2026-03-21 11:09:35,208 - ERROR - Fuel Flow Sensor FAILED - Fuel flow interrupted
2026-03-21 11:09:35,208 - INFO - Voltage Sensor is healthy
2026-03-21 11:09:35,209 - INFO - Speed Sensor is healthy
2026-03-21 11:09:35,209 - INFO - Brake Pressure Sensor is healthy
2026-03-21 11:09:35,210 - INFO - Humidity Sensor is healthy
2026-03-21 11:09:35,210 - INFO - Track Alignment Sensor is healthy
2026-03-21 11:09:35,211 - INFO - Engine Load Sensor is healthy
2026-03-21 11:09:40,212 - INFO - Temperature Sensor is healthy
2026-03-21 11:09:40,213 - INFO - Pressure Sensor is healthy
2026-03-21 11:09:40,214 - INFO - Vibration Sensor is healthy
2026-03-21 11:09:40,214 - ERROR - Fuel Flow Sensor FAILED - Fuel flow interrupted
2026-03-21 11:09:40,215 - INFO - Voltage Sensor is healthy
2026-03-21 11:09:40,215 - INFO - Speed Sensor is healthy
2026-03-21 11:09:40,215 - INFO - Brake Pressure Sensor is healthy
2026-03-21 11:09:40,216 - INFO - Humidity Sensor is healthy
2026-03-21 11:09:40,216 - INFO - Track Alignment Sensor is healthy
2026-03-21 11:09:40,216 - INFO - Engine Load Sensor is healthy
2026-03-21 11:09:45,217 - INFO - Temperature Sensor is healthy
2026-03-21 11:09:45,218 - INFO - Pressure Sensor is healthy
2026-03-21 11:09:45,218 - INFO - Vibration Sensor is healthy
2026-03-21 11:09:45,219 - ERROR - Fuel Flow Sensor FAILED - Fuel flow interrupted
2026-03-21 11:09:45,220 - INFO - Voltage Sensor is healthy
2026-03-21 11:09:45,220 - INFO - Speed Sensor is healthy
2026-03-21 11:09:45,221 - INFO - Brake Pressure Sensor is healthy
2026-03-21 11:09:45,221 - INFO - Humidity Sensor is healthy
2026-03-21 11:09:45,222 - INFO - Track Alignment Sensor is healthy
2026-03-21 11:09:45,222 - INFO - Engine Load Sensor is healthy
2026-03-21 11:09:50,223 - INFO - Temperature Sensor is healthy
2026-03-21 11:09:50,224 - INFO - Pressure Sensor is healthy
2026-03-21 11:09:50,225 - INFO - Vibration Sensor is healthy
2026-03-21 11:09:50,225 - ERROR - Fuel Flow Sensor FAILED - Fuel flow interrupted
2026-03-21 11:09:50,226 - INFO - Voltage Sensor is healthy
2026-03-21 11:09:50,226 - INFO - Speed Sensor is healthy
2026-03-21 11:09:50,227 - INFO - Brake Pressure Sensor is healthy
2026-03-21 11:09:50,227 - INFO - Humidity Sensor is healthy
2026-03-21 11:09:50,228 - INFO - Track Alignment Sensor is healthy
2026-03-21 11:09:50,229 - INFO - Engine Load Sensor is healthy
2026-03-21 11:09:55,230 - INFO - Temperature Sensor is healthy
2026-03-21 11:09:55,231 - INFO - Pressure Sensor is healthy
2026-03-21 11:09:55,232 - INFO - Vibration Sensor is healthy
2026-03-21 11:09:55,232 - ERROR - Fuel Flow Sensor FAILED - Fuel flow interrupted
2026-03-21 11:09:55,233 - INFO - Voltage Sensor is healthy
2026-03-21 11:09:55,233 - INFO - Speed Sensor is healthy
2026-03-21 11:09:55,234 - INFO - Brake Pressure Sensor is healthy
2026-03-21 11:09:55,234 - INFO - Humidity Sensor is healthy
2026-03-21 11:09:55,235 - INFO - Track Alignment Sensor is healthy
2026-03-21 11:09:55,235 - INFO - Engine Load Sensor is healthy
2026-03-21 11:10:00,237 - INFO - Temperature Sensor is healthy
2026-03-21 11:10:00,237 - INFO - Pressure Sensor is healthy
2026-03-21 11:10:00,238 - INFO - Vibration Sensor is healthy
2026-03-21 11:10:00,238 - ERROR - Fuel Flow Sensor FAILED - Fuel flow interrupted
2026-03-21 11:10:00,239 - INFO - Voltage Sensor is healthy
2026-03-21 11:10:00,239 - INFO - Speed Sensor is healthy
2026-03-21 11:10:00,240 - INFO - Brake Pressure Sensor is healthy
2026-03-21 11:10:00,240 - INFO - Humidity Sensor is healthy
2026-03-21 11:10:00,241 - INFO - Track Alignment Sensor is healthy
2026-03-21 11:10:00,241 - INFO - Engine Load Sensor is healthy
2026-03-21 11:10:05,242 - INFO - Temperature Sensor is healthy
2026-03-21 11:10:05,243 - INFO - Pressure Sensor is healthy
2026-03-21 11:10:05,244 - INFO - Vibration Sensor is healthy
2026-03-21 11:10:05,245 - ERROR - Fuel Flow Sensor FAILED - Fuel flow interrupted
2026-03-21 11:10:05,245 - INFO - Voltage Sensor is healthy
2026-03-21 11:10:05,246 - INFO - Speed Sensor is healthy
2026-03-21 11:10:05,246 - INFO - Brake Pressure Sensor is healthy
2026-03-21 11:10:05,246 - INFO - Humidity Sensor is healthy
2026-03-21 11:10:05,247 - INFO - Track Alignment Sensor is healthy
2026-03-21 11:10:05,247 - INFO - Engine Load Sensor is healthy
2026-03-21 11:10:10,249 - INFO - Temperature Sensor is healthy
2026-03-21 11:10:10,250 - INFO - Pressure Sensor is healthy
2026-03-21 11:10:10,250 - INFO - Vibration Sensor is healthy
2026-03-21 11:10:10,251 - ERROR - Fuel Flow Sensor FAILED - Fuel flow interrupted
2026-03-21 11:10:10,251 - INFO - Voltage Sensor is healthy
2026-03-21 11:10:10,251 - INFO - Speed Sensor is healthy
2026-03-21 11:10:10,252 - INFO - Brake Pressure Sensor is healthy
2026-03-21 11:10:10,252 - INFO - Humidity Sensor is healthy
2026-03-21 11:10:10,252 - INFO - Track Alignment Sensor is healthy
2026-03-21 11:10:10,253 - INFO - Engine Load Sensor is healthy
2026-03-21 11:10:15,254 - INFO - Temperature Sensor is healthy
2026-03-21 11:10:15,255 - INFO - Pressure Sensor is healthy
2026-03-21 11:10:15,255 - INFO - Vibration Sensor is healthy
2026-03-21 11:10:15,256 - ERROR - Fuel Flow Sensor FAILED - Fuel flow interrupted
2026-03-21 11:10:15,257 - INFO - Voltage Sensor is healthy
2026-03-21 11:10:15,257 - INFO - Speed Sensor is healthy
2026-03-21 11:10:15,258 - INFO - Brake Pressure Sensor is healthy
2026-03-21 11:10:15,258 - INFO - Humidity Sensor is healthy
2026-03-21 11:10:15,258 - INFO - Track Alignment Sensor is healthy
2026-03-21 11:10:15,259 - INFO - Engine Load Sensor is healthy
2026-03-21 11:10:20,260 - INFO - Temperature Sensor is healthy
2026-03-21 11:10:20,260 - INFO - Pressure Sensor is healthy
2026-03-21 11:10:20,261 - INFO - Vibration Sensor is healthy
2026-03-21 11:10:20,261 - ERROR - Fuel Flow Sensor FAILED - Fuel flow interrupted
2026-03-21 11:10:20,262 - INFO - Voltage Sensor is healthy
2026-03-21 11:10:20,262 - INFO - Speed Sensor is healthy
2026-03-21 11:10:20,262 - INFO - Brake Pressure Sensor is healthy
2026-03-21 11:10:20,263 - INFO - Humidity Sensor is healthy
2026-03-21 11:10:20,263 - INFO - Track Alignment Sensor is healthy
2026-03-21 11:10:20,264 - INFO - Engine Load Sensor is healthy
2026-03-21 11:10:25,265 - INFO - Temperature Sensor is healthy
2026-03-21 11:10:25,266 - INFO - Pressure Sensor is healthy
2026-03-21 11:10:25,267 - INFO - Vibration Sensor is healthy
2026-03-21 11:10:25,268 - ERROR - Fuel Flow Sensor FAILED - Fuel flow interrupted
2026-03-21 11:10:25,269 - INFO - Voltage Sensor is healthy
2026-03-21 11:10:25,272 - INFO - Speed Sensor is healthy
2026-03-21 11:10:25,276 - INFO - Brake Pressure Sensor is healthy
2026-03-21 11:10:25,290 - INFO - Humidity Sensor is healthy
2026-03-21 11:10:25,291 - INFO - Track Alignment Sensor is healthy
2026-03-21 11:10:25,291 - INFO - Engine Load Sensor is healthy
2026-03-21 11:10:30,293 - INFO - Temperature Sensor is healthy
2026-03-21 11:10:30,294 - INFO - Pressure Sensor is healthy
2026-03-21 11:10:30,294 - INFO - Vibration Sensor is healthy
2026-03-21 11:10:30,295 - ERROR - Fuel Flow Sensor FAILED - Fuel flow interrupted
2026-03-21 11:10:30,295 - INFO - Voltage Sensor is healthy
2026-03-21 11:10:30,295 - INFO - Speed Sensor is healthy
2026-03-21 11:10:30,296 - INFO - Brake Pressure Sensor is healthy
2026-03-21 11:10:30,296 - INFO - Humidity Sensor is healthy
2026-03-21 11:10:30,296 - INFO - Track Alignment Sensor is healthy
2026-03-21 11:10:30,297 - INFO - Engine Load Sensor is healthy
2026-03-21 11:10:35,298 - INFO - Temperature Sensor is healthy
2026-03-21 11:10:35,299 - INFO - Pressure Sensor is healthy
2026-03-21 11:10:35,299 - INFO - Vibration Sensor is healthy
2026-03-21 11:10:35,300 - ERROR - Fuel Flow Sensor FAILED - Fuel flow interrupted
2026-03-21 11:10:35,301 - INFO - Voltage Sensor is healthy
2026-03-21 11:10:35,302 - INFO - Speed Sensor is healthy
2026-03-21 11:10:35,302 - INFO - Brake Pressure Sensor is healthy
2026-03-21 11:10:35,303 - INFO - Humidity Sensor is healthy
2026-03-21 11:10:35,305 - INFO - Track Alignment Sensor is healthy
2026-03-21 11:10:35,306 - INFO - Engine Load Sensor is healthy
2026-03-21 11:10:40,308 - INFO - Temperature Sensor is healthy
2026-03-21 11:10:40,312 - INFO - Pressure Sensor is healthy
2026-03-21 11:10:40,314 - INFO - Vibration Sensor is healthy
2026-03-21 11:10:40,315 - ERROR - Fuel Flow Sensor FAILED - Fuel flow interrupted
2026-03-21 11:10:40,316 - INFO - Voltage Sensor is healthy
2026-03-21 11:10:40,318 - INFO - Speed Sensor is healthy
2026-03-21 11:10:40,320 - INFO - Brake Pressure Sensor is healthy
2026-03-21 11:10:40,321 - INFO - Humidity Sensor is healthy
2026-03-21 11:10:40,322 - INFO - Track Alignment Sensor is healthy
2026-03-21 11:10:40,323 - INFO - Engine Load Sensor is healthy
2026-03-21 11:10:45,324 - INFO - Temperature Sensor is healthy
2026-03-21 11:10:45,324 - INFO - Pressure Sensor is healthy
2026-03-21 11:10:45,325 - INFO - Vibration Sensor is healthy
2026-03-21 11:10:45,325 - ERROR - Fuel Flow Sensor FAILED - Fuel flow interrupted
2026-03-21 11:10:45,326 - INFO - Voltage Sensor is healthy
2026-03-21 11:10:45,326 - INFO - Speed Sensor is healthy
2026-03-21 11:10:45,326 - INFO - Brake Pressure Sensor is healthy
2026-03-21 11:10:45,327 - INFO - Humidity Sensor is healthy
2026-03-21 11:10:45,327 - INFO - Track Alignment Sensor is healthy
2026-03-21 11:10:45,328 - INFO - Engine Load Sensor is healthy
2026-03-21 11:10:50,329 - INFO - Temperature Sensor is healthy
2026-03-21 11:10:50,330 - INFO - Pressure Sensor is healthy
2026-03-21 11:10:50,330 - INFO - Vibration Sensor is healthy
2026-03-21 11:10:50,331 - ERROR - Fuel Flow Sensor FAILED - Fuel flow interrupted
2026-03-21 11:10:50,332 - INFO - Voltage Sensor is healthy
2026-03-21 11:10:50,332 - INFO - Speed Sensor is healthy
2026-03-21 11:10:50,333 - INFO - Brake Pressure Sensor is healthy
2026-03-21 11:10:50,334 - INFO - Humidity Sensor is healthy
2026-03-21 11:10:50,335 - INFO - Track Alignment Sensor is healthy
2026-03-21 11:10:50,335 - INFO - Engine Load Sensor is healthy
2026-03-21 11:10:55,336 - INFO - Temperature Sensor is healthy
2026-03-21 11:10:55,337 - INFO - Pressure Sensor is healthy
2026-03-21 11:10:55,338 - INFO - Vibration Sensor is healthy
2026-03-21 11:10:55,338 - ERROR - Fuel Flow Sensor FAILED - Fuel flow interrupted
2026-03-21 11:10:55,339 - INFO - Voltage Sensor is healthy
2026-03-21 11:10:55,339 - INFO - Speed Sensor is healthy
2026-03-21 11:10:55,339 - INFO - Brake Pressure Sensor is healthy
2026-03-21 11:10:55,340 - INFO - Humidity Sensor is healthy
2026-03-21 11:10:55,340 - INFO - Track Alignment Sensor is healthy
2026-03-21 11:10:55,341 - INFO - Engine Load Sensor is healthy
2026-03-21 11:11:00,342 - INFO - Temperature Sensor is healthy
2026-03-21 11:11:00,342 - INFO - Pressure Sensor is healthy
2026-03-21 11:11:00,343 - INFO - Vibration Sensor is healthy
2026-03-21 11:11:00,343 - ERROR - Fuel Flow Sensor FAILED - Fuel flow interrupted
2026-03-21 11:11:00,343 - INFO - Voltage Sensor is healthy
2026-03-21 11:11:00,344 - INFO - Speed Sensor is healthy
2026-03-21 11:11:00,344 - INFO - Brake Pressure Sensor is healthy
2026-03-21 11:11:00,345 - INFO - Humidity Sensor is healthy
2026-03-21 11:11:00,346 - INFO - Track Alignment Sensor is healthy
2026-03-21 11:11:00,346 - INFO - Engine Load Sensor is healthy
2026-03-21 11:11:05,347 - INFO - Temperature Sensor is healthy
2026-03-21 11:11:05,348 - INFO - Pressure Sensor is healthy
2026-03-21 11:11:05,348 - INFO - Vibration Sensor is healthy
2026-03-21 11:11:05,349 - ERROR - Fuel Flow Sensor FAILED - Fuel flow interrupted
2026-03-21 11:11:05,349 - INFO - Voltage Sensor is healthy
2026-03-21 11:11:05,349 - INFO - Speed Sensor is healthy
2026-03-21 11:11:05,349 - INFO - Brake Pressure Sensor is healthy
2026-03-21 11:11:05,350 - INFO - Humidity Sensor is healthy
2026-03-21 11:11:05,350 - INFO - Track Alignment Sensor is healthy
2026-03-21 11:11:05,350 - INFO - Engine Load Sensor is healthy
2026-03-21 11:11:10,351 - INFO - Temperature Sensor is healthy
2026-03-21 11:11:10,351 - INFO - Pressure Sensor is healthy
2026-03-21 11:11:10,352 - INFO - Vibration Sensor is healthy
2026-03-21 11:11:10,352 - ERROR - Fuel Flow Sensor FAILED - Fuel flow interrupted
2026-03-21 11:11:10,352 - INFO - Voltage Sensor is healthy
2026-03-21 11:11:10,353 - INFO - Speed Sensor is healthy
2026-03-21 11:11:10,353 - INFO - Brake Pressure Sensor is healthy
2026-03-21 11:11:10,353 - INFO - Humidity Sensor is healthy
2026-03-21 11:11:10,354 - INFO - Track Alignment Sensor is healthy
2026-03-21 11:11:10,354 - INFO - Engine Load Sensor is healthy
2026-03-21 11:11:15,354 - INFO - Temperature Sensor is healthy
2026-03-21 11:11:15,355 - INFO - Pressure Sensor is healthy
2026-03-21 11:11:15,356 - INFO - Vibration Sensor is healthy
2026-03-21 11:11:15,357 - ERROR - Fuel Flow Sensor FAILED - Fuel flow interrupted
2026-03-21 11:11:15,358 - INFO - Voltage Sensor is healthy
2026-03-21 11:11:15,358 - INFO - Speed Sensor is healthy
2026-03-21 11:11:15,360 - INFO - Brake Pressure Sensor is healthy
2026-03-21 11:11:15,361 - INFO - Humidity Sensor is healthy
2026-03-21 11:11:15,361 - INFO - Track Alignment Sensor is healthy
2026-03-21 11:11:15,362 - INFO - Engine Load Sensor is healthy
2026-03-21 11:11:20,364 - INFO - Temperature Sensor is healthy
2026-03-21 11:11:20,365 - INFO - Pressure Sensor is healthy
2026-03-21 11:11:20,365 - INFO - Vibration Sensor is healthy
2026-03-21 11:11:20,366 - ERROR - Fuel Flow Sensor FAILED - Fuel flow interrupted
2026-03-21 11:11:20,367 - INFO - Voltage Sensor is healthy
2026-03-21 11:11:20,367 - INFO - Speed Sensor is healthy
2026-03-21 11:11:20,368 - INFO - Brake Pressure Sensor is healthy
2026-03-21 11:11:20,368 - INFO - Humidity Sensor is healthy
2026-03-21 11:11:20,369 - INFO - Track Alignment Sensor is healthy
2026-03-21 11:11:20,370 - INFO - Engine Load Sensor is healthy
2026-03-21 11:11:25,372 - INFO - Temperature Sensor is healthy
2026-03-21 11:11:25,373 - INFO - Pressure Sensor is healthy
2026-03-21 11:11:25,373 - INFO - Vibration Sensor is healthy
2026-03-21 11:11:25,374 - ERROR - Fuel Flow Sensor FAILED - Fuel flow interrupted
2026-03-21 11:11:25,374 - INFO - Voltage Sensor is healthy
2026-03-21 11:11:25,375 - INFO - Speed Sensor is healthy
2026-03-21 11:11:25,376 - INFO - Brake Pressure Sensor is healthy
2026-03-21 11:11:25,376 - INFO - Humidity Sensor is healthy
2026-03-21 11:11:25,377 - INFO - Track Alignment Sensor is healthy
2026-03-21 11:11:25,377 - INFO - Engine Load Sensor is healthy
2026-03-21 11:11:30,378 - INFO - Temperature Sensor is healthy
2026-03-21 11:11:30,379 - INFO - Pressure Sensor is healthy
2026-03-21 11:11:30,379 - INFO - Vibration Sensor is healthy
2026-03-21 11:11:30,380 - ERROR - Fuel Flow Sensor FAILED - Fuel flow interrupted
2026-03-21 11:11:30,380 - INFO - Voltage Sensor is healthy
2026-03-21 11:11:30,380 - INFO - Speed Sensor is healthy
2026-03-21 11:11:30,381 - INFO - Brake Pressure Sensor is healthy
2026-03-21 11:11:30,381 - INFO - Humidity Sensor is healthy
2026-03-21 11:11:30,382 - INFO - Track Alignment Sensor is healthy
2026-03-21 11:11:30,382 - INFO - Engine Load Sensor is healthy
2026-03-21 11:11:35,383 - INFO - Temperature Sensor is healthy
2026-03-21 11:11:35,384 - INFO - Pressure Sensor is healthy
2026-03-21 11:11:35,384 - INFO - Vibration Sensor is healthy
2026-03-21 11:11:35,385 - ERROR - Fuel Flow Sensor FAILED - Fuel flow interrupted
2026-03-21 11:11:35,386 - INFO - Voltage Sensor is healthy
2026-03-21 11:11:35,386 - INFO - Speed Sensor is healthy
2026-03-21 11:11:35,387 - INFO - Brake Pressure Sensor is healthy
2026-03-21 11:11:35,387 - INFO - Humidity Sensor is healthy
2026-03-21 11:11:35,388 - INFO - Track Alignment Sensor is healthy
2026-03-21 11:11:35,389 - INFO - Engine Load Sensor is healthy
2026-03-21 11:11:40,389 - INFO - Temperature Sensor is healthy
2026-03-21 11:11:40,390 - INFO - Pressure Sensor is healthy
2026-03-21 11:11:40,390 - INFO - Vibration Sensor is healthy
2026-03-21 11:11:40,391 - ERROR - Fuel Flow Sensor FAILED - Fuel flow interrupted
2026-03-21 11:11:40,391 - INFO - Voltage Sensor is healthy
2026-03-21 11:11:40,392 - INFO - Speed Sensor is healthy
2026-03-21 11:11:40,392 - INFO - Brake Pressure Sensor is healthy
2026-03-21 11:11:40,393 - INFO - Humidity Sensor is healthy
2026-03-21 11:11:40,393 - INFO - Track Alignment Sensor is healthy
2026-03-21 11:11:40,393 - INFO - Engine Load Sensor is healthy
2026-03-21 11:11:45,394 - INFO - Temperature Sensor is healthy
2026-03-21 11:11:45,395 - INFO - Pressure Sensor is healthy
2026-03-21 11:11:45,395 - INFO - Vibration Sensor is healthy
2026-03-21 11:11:45,396 - ERROR - Fuel Flow Sensor FAILED - Fuel flow interrupted
2026-03-21 11:11:45,397 - INFO - Voltage Sensor is healthy
2026-03-21 11:11:45,397 - INFO - Speed Sensor is healthy
2026-03-21 11:11:45,398 - INFO - Brake Pressure Sensor is healthy
2026-03-21 11:11:45,399 - INFO - Humidity Sensor is healthy
2026-03-21 11:11:45,399 - INFO - Track Alignment Sensor is healthy
2026-03-21 11:11:45,400 - INFO - Engine Load Sensor is healthy
2026-03-21 11:11:50,402 - INFO - Temperature Sensor is healthy
2026-03-21 11:11:50,403 - INFO - Pressure Sensor is healthy
2026-03-21 11:11:50,403 - INFO - Vibration Sensor is healthy
2026-03-21 11:11:50,404 - ERROR - Fuel Flow Sensor FAILED - Fuel flow interrupted
2026-03-21 11:11:50,404 - INFO - Voltage Sensor is healthy
2026-03-21 11:11:50,405 - INFO - Speed Sensor is healthy
2026-03-21 11:11:50,406 - INFO - Brake Pressure Sensor is healthy
2026-03-21 11:11:50,406 - INFO - Humidity Sensor is healthy
2026-03-21 11:11:50,408 - INFO - Track Alignment Sensor is healthy
2026-03-21 11:11:50,409 - INFO - Engine Load Sensor is healthy
2026-03-21 11:11:55,410 - INFO - Temperature Sensor is healthy
2026-03-21 11:11:55,411 - INFO - Pressure Sensor is healthy
2026-03-21 11:11:55,412 - INFO - Vibration Sensor is healthy
2026-03-21 11:11:55,412 - ERROR - Fuel Flow Sensor FAILED - Fuel flow interrupted
2026-03-21 11:11:55,413 - INFO - Voltage Sensor is healthy
2026-03-21 11:11:55,413 - INFO - Speed Sensor is healthy
2026-03-21 11:11:55,413 - INFO - Brake Pressure Sensor is healthy
2026-03-21 11:11:55,414 - INFO - Humidity Sensor is healthy
2026-03-21 11:11:55,414 - INFO - Track Alignment Sensor is healthy
2026-03-21 11:11:55,415 - INFO - Engine Load Sensor is healthy
2026-03-21 11:12:00,415 - INFO - Temperature Sensor is healthy
2026-03-21 11:12:00,416 - INFO - Pressure Sensor is healthy
2026-03-21 11:12:00,417 - INFO - Vibration Sensor is healthy
2026-03-21 11:12:00,418 - ERROR - Fuel Flow Sensor FAILED - Fuel flow interrupted
2026-03-21 11:12:00,418 - INFO - Voltage Sensor is healthy
2026-03-21 11:12:00,419 - INFO - Speed Sensor is healthy
2026-03-21 11:12:00,419 - INFO - Brake Pressure Sensor is healthy
2026-03-21 11:12:00,420 - INFO - Humidity Sensor is healthy
2026-03-21 11:12:00,420 - INFO - Track Alignment Sensor is healthy
2026-03-21 11:12:00,421 - INFO - Engine Load Sensor is healthy
2026-03-21 11:12:05,422 - INFO - Temperature Sensor is healthy
2026-03-21 11:12:05,423 - INFO - Pressure Sensor is healthy
2026-03-21 11:12:05,423 - INFO - Vibration Sensor is healthy
2026-03-21 11:12:05,424 - ERROR - Fuel Flow Sensor FAILED - Fuel flow interrupted
2026-03-21 11:12:05,425 - INFO - Voltage Sensor is healthy
2026-03-21 11:12:05,425 - INFO - Speed Sensor is healthy
2026-03-21 11:12:05,426 - INFO - Brake Pressure Sensor is healthy
2026-03-21 11:12:05,426 - INFO - Humidity Sensor is healthy
2026-03-21 11:12:05,426 - INFO - Track Alignment Sensor is healthy
2026-03-21 11:12:05,427 - INFO - Engine Load Sensor is healthy
2026-03-21 11:12:10,428 - INFO - Temperature Sensor is healthy
2026-03-21 11:12:10,429 - INFO - Pressure Sensor is healthy
2026-03-21 11:12:10,430 - INFO - Vibration Sensor is healthy
2026-03-21 11:12:10,431 - ERROR - Fuel Flow Sensor FAILED - Fuel flow interrupted
2026-03-21 11:12:10,431 - INFO - Voltage Sensor is healthy
2026-03-21 11:12:10,432 - INFO - Speed Sensor is healthy
2026-03-21 11:12:10,433 - INFO - Brake Pressure Sensor is healthy
2026-03-21 11:12:10,433 - INFO - Humidity Sensor is healthy
2026-03-21 11:12:10,434 - INFO - Track Alignment Sensor is healthy
2026-03-21 11:12:10,435 - INFO - Engine Load Sensor is healthy
2026-03-21 11:14:41,607 - INFO - Temperature Sensor is healthy
2026-03-21 11:14:41,720 - INFO - Pressure Sensor is healthy
2026-03-21 11:14:41,734 - INFO - Vibration Sensor is healthy
2026-03-21 11:14:41,742 - ERROR - Fuel Flow Sensor FAILED - Fuel flow interrupted
2026-03-21 11:14:41,755 - INFO - Voltage Sensor is healthy
2026-03-21 11:14:41,761 - INFO - Speed Sensor is healthy
2026-03-21 11:14:41,766 - INFO - Brake Pressure Sensor is healthy
2026-03-21 11:14:41,771 - INFO - Humidity Sensor is healthy
2026-03-21 11:14:41,798 - INFO - Track Alignment Sensor is healthy
2026-03-21 11:14:41,814 - INFO - Engine Load Sensor is healthy
2026-03-21 11:14:46,832 - INFO - Temperature Sensor is healthy
2026-03-21 11:14:46,832 - INFO - Pressure Sensor is healthy
2026-03-21 11:14:46,833 - INFO - Vibration Sensor is healthy
2026-03-21 11:14:46,833 - ERROR - Fuel Flow Sensor FAILED - Fuel flow interrupted
2026-03-21 11:14:46,834 - INFO - Voltage Sensor is healthy
2026-03-21 11:14:46,834 - INFO - Speed Sensor is healthy
2026-03-21 11:14:46,834 - INFO - Brake Pressure Sensor is healthy
2026-03-21 11:14:46,834 - INFO - Humidity Sensor is healthy
2026-03-21 11:14:46,835 - INFO - Track Alignment Sensor is healthy
2026-03-21 11:14:46,835 - INFO - Engine Load Sensor is healthy
2026-03-21 11:14:51,836 - INFO - Temperature Sensor is healthy
2026-03-21 11:14:51,837 - INFO - Pressure Sensor is healthy
2026-03-21 11:14:51,837 - INFO - Vibration Sensor is healthy
2026-03-21 11:14:51,837 - ERROR - Fuel Flow Sensor FAILED - Fuel flow interrupted
2026-03-21 11:14:51,837 - INFO - Voltage Sensor is healthy
2026-03-21 11:14:51,838 - INFO - Speed Sensor is healthy
2026-03-21 11:14:51,838 - INFO - Brake Pressure Sensor is healthy
2026-03-21 11:14:51,838 - INFO - Humidity Sensor is healthy
2026-03-21 11:14:51,841 - INFO - Track Alignment Sensor is healthy
2026-03-21 11:14:51,841 - INFO - Engine Load Sensor is healthy
2026-03-21 11:14:56,842 - INFO - Temperature Sensor is healthy
2026-03-21 11:14:56,843 - INFO - Pressure Sensor is healthy
2026-03-21 11:14:56,843 - INFO - Vibration Sensor is healthy
2026-03-21 11:14:56,869 - ERROR - Fuel Flow Sensor FAILED - Fuel flow interrupted
2026-03-21 11:14:56,869 - INFO - Voltage Sensor is healthy
2026-03-21 11:14:56,869 - INFO - Speed Sensor is healthy
2026-03-21 11:14:56,870 - INFO - Brake Pressure Sensor is healthy
2026-03-21 11:14:56,870 - INFO - Humidity Sensor is healthy
2026-03-21 11:14:56,871 - INFO - Track Alignment Sensor is healthy
2026-03-21 11:14:56,871 - INFO - Engine Load Sensor is healthy
2026-03-21 11:15:01,872 - INFO - Temperature Sensor is healthy
2026-03-21 11:15:01,874 - INFO - Pressure Sensor is healthy
2026-03-21 11:15:01,879 - INFO - Vibration Sensor is healthy
2026-03-21 11:15:01,880 - ERROR - Fuel Flow Sensor FAILED - Fuel flow interrupted
2026-03-21 11:15:01,880 - INFO - Voltage Sensor is healthy
2026-03-21 11:15:01,888 - INFO - Speed Sensor is healthy
2026-03-21 11:15:01,891 - INFO - Brake Pressure Sensor is healthy
2026-03-21 11:15:01,906 - INFO - Humidity Sensor is healthy
2026-03-21 11:15:01,914 - INFO - Track Alignment Sensor is healthy
2026-03-21 11:15:01,931 - INFO - Engine Load Sensor is healthy
2026-03-21 11:15:06,933 - INFO - Temperature Sensor is healthy
2026-03-21 11:15:06,934 - INFO - Pressure Sensor is healthy
2026-03-21 11:15:06,935 - INFO - Vibration Sensor is healthy
2026-03-21 11:15:06,935 - ERROR - Fuel Flow Sensor FAILED - Fuel flow interrupted
2026-03-21 11:15:06,936 - INFO - Voltage Sensor is healthy
2026-03-21 11:15:06,936 - INFO - Speed Sensor is healthy
2026-03-21 11:15:06,936 - INFO - Brake Pressure Sensor is healthy
2026-03-21 11:15:06,937 - INFO - Humidity Sensor is healthy
2026-03-21 11:15:06,937 - INFO - Track Alignment Sensor is healthy
2026-03-21 11:15:06,937 - INFO - Engine Load Sensor is healthy
2026-03-21 11:15:11,938 - INFO - Temperature Sensor is healthy
2026-03-21 11:15:11,939 - INFO - Pressure Sensor is healthy
2026-03-21 11:15:11,939 - INFO - Vibration Sensor is healthy
2026-03-21 11:15:11,939 - ERROR - Fuel Flow Sensor FAILED - Fuel flow interrupted
2026-03-21 11:15:11,940 - INFO - Voltage Sensor is healthy
2026-03-21 11:15:11,940 - INFO - Speed Sensor is healthy
2026-03-21 11:15:11,941 - INFO - Brake Pressure Sensor is healthy
2026-03-21 11:15:11,941 - INFO - Humidity Sensor is healthy
2026-03-21 11:15:11,941 - INFO - Track Alignment Sensor is healthy
2026-03-21 11:15:11,942 - INFO - Engine Load Sensor is healthy
2026-03-21 11:15:16,943 - INFO - Temperature Sensor is healthy
2026-03-21 11:15:16,943 - INFO - Pressure Sensor is healthy
2026-03-21 11:15:16,944 - INFO - Vibration Sensor is healthy
2026-03-21 11:15:16,944 - ERROR - Fuel Flow Sensor FAILED - Fuel flow interrupted
2026-03-21 11:15:16,944 - INFO - Voltage Sensor is healthy
2026-03-21 11:15:16,945 - INFO - Speed Sensor is healthy
2026-03-21 11:15:16,945 - INFO - Brake Pressure Sensor is healthy
2026-03-21 11:15:16,945 - INFO - Humidity Sensor is healthy
2026-03-21 11:15:16,946 - INFO - Track Alignment Sensor is healthy
2026-03-21 11:15:16,946 - INFO - Engine Load Sensor is healthy
2026-03-21 11:15:21,946 - INFO - Temperature Sensor is healthy
2026-03-21 11:15:21,947 - INFO - Pressure Sensor is healthy
2026-03-21 11:15:21,948 - INFO - Vibration Sensor is healthy
2026-03-21 11:15:21,948 - ERROR - Fuel Flow Sensor FAILED - Fuel flow interrupted
2026-03-21 11:15:21,949 - INFO - Voltage Sensor is healthy
2026-03-21 11:15:21,949 - INFO - Speed Sensor is healthy
2026-03-21 11:15:21,949 - INFO - Brake Pressure Sensor is healthy
2026-03-21 11:15:21,950 - INFO - Humidity Sensor is healthy
2026-03-21 11:15:21,950 - INFO - Track Alignment Sensor is healthy
2026-03-21 11:15:21,952 - INFO - Engine Load Sensor is healthy
2026-03-21 11:15:26,954 - INFO - Temperature Sensor is healthy
2026-03-21 11:15:26,956 - INFO - Pressure Sensor is healthy
2026-03-21 11:15:26,956 - INFO - Vibration Sensor is healthy
2026-03-21 11:15:26,957 - ERROR - Fuel Flow Sensor FAILED - Fuel flow interrupted
2026-03-21 11:15:26,957 - INFO - Voltage Sensor is healthy
2026-03-21 11:15:26,959 - INFO - Speed Sensor is healthy
2026-03-21 11:15:26,960 - INFO - Brake Pressure Sensor is healthy
2026-03-21 11:15:26,960 - INFO - Humidity Sensor is healthy
2026-03-21 11:15:26,961 - INFO - Track Alignment Sensor is healthy
2026-03-21 11:15:26,961 - INFO - Engine Load Sensor is healthy
2026-03-21 11:15:31,962 - INFO - Temperature Sensor is healthy
2026-03-21 11:15:31,963 - INFO - Pressure Sensor is healthy
2026-03-21 11:15:31,963 - INFO - Vibration Sensor is healthy
2026-03-21 11:15:31,964 - ERROR - Fuel Flow Sensor FAILED - Fuel flow interrupted
2026-03-21 11:15:31,964 - INFO - Voltage Sensor is healthy
2026-03-21 11:15:31,965 - INFO - Speed Sensor is healthy
2026-03-21 11:15:31,965 - INFO - Brake Pressure Sensor is healthy
2026-03-21 11:15:31,966 - INFO - Humidity Sensor is healthy
2026-03-21 11:15:31,966 - INFO - Track Alignment Sensor is healthy
2026-03-21 11:15:31,967 - INFO - Engine Load Sensor is healthy
2026-03-21 11:15:36,969 - INFO - Temperature Sensor is healthy
2026-03-21 11:15:36,970 - INFO - Pressure Sensor is healthy
2026-03-21 11:15:36,971 - INFO - Vibration Sensor is healthy
2026-03-21 11:15:36,972 - ERROR - Fuel Flow Sensor FAILED - Fuel flow interrupted
2026-03-21 11:15:36,972 - INFO - Voltage Sensor is healthy
2026-03-21 11:15:36,972 - INFO - Speed Sensor is healthy
2026-03-21 11:15:36,973 - INFO - Brake Pressure Sensor is healthy
2026-03-21 11:15:36,973 - INFO - Humidity Sensor is healthy
2026-03-21 11:15:36,973 - INFO - Track Alignment Sensor is healthy
2026-03-21 11:15:36,973 - INFO - Engine Load Sensor is healthy
2026-03-21 11:15:41,974 - INFO - Temperature Sensor is healthy
2026-03-21 11:15:41,975 - INFO - Pressure Sensor is healthy
2026-03-21 11:15:41,976 - INFO - Vibration Sensor is healthy
2026-03-21 11:15:41,976 - ERROR - Fuel Flow Sensor FAILED - Fuel flow interrupted
2026-03-21 11:15:41,976 - INFO - Voltage Sensor is healthy
2026-03-21 11:15:41,977 - INFO - Speed Sensor is healthy
2026-03-21 11:15:41,977 - INFO - Brake Pressure Sensor is healthy
2026-03-21 11:15:41,977 - INFO - Humidity Sensor is healthy
2026-03-21 11:15:41,978 - INFO - Track Alignment Sensor is healthy
2026-03-21 11:15:41,978 - INFO - Engine Load Sensor is healthy
2026-03-21 11:15:46,979 - INFO - Temperature Sensor is healthy
2026-03-21 11:15:46,980 - INFO - Pressure Sensor is healthy
2026-03-21 11:15:46,981 - INFO - Vibration Sensor is healthy
2026-03-21 11:15:46,982 - ERROR - Fuel Flow Sensor FAILED - Fuel flow interrupted
2026-03-21 11:15:46,983 - INFO - Voltage Sensor is healthy
2026-03-21 11:15:46,983 - INFO - Speed Sensor is healthy
2026-03-21 11:15:46,984 - INFO - Brake Pressure Sensor is healthy
2026-03-21 11:15:46,986 - INFO - Humidity Sensor is healthy
2026-03-21 11:15:46,987 - INFO - Track Alignment Sensor is healthy
2026-03-21 11:15:46,988 - INFO - Engine Load Sensor is healthy
2026-03-21 11:15:51,990 - INFO - Temperature Sensor is healthy
2026-03-21 11:15:51,992 - INFO - Pressure Sensor is healthy
2026-03-21 11:15:51,992 - INFO - Vibration Sensor is healthy
2026-03-21 11:15:51,993 - ERROR - Fuel Flow Sensor FAILED - Fuel flow interrupted
2026-03-21 11:15:51,993 - INFO - Voltage Sensor is healthy
2026-03-21 11:15:51,993 - INFO - Speed Sensor is healthy
2026-03-21 11:15:51,994 - INFO - Brake Pressure Sensor is healthy
2026-03-21 11:15:51,994 - INFO - Humidity Sensor is healthy
2026-03-21 11:15:51,994 - INFO - Track Alignment Sensor is healthy
2026-03-21 11:15:51,994 - INFO - Engine Load Sensor is healthy
2026-03-21 11:15:56,995 - INFO - Temperature Sensor is healthy
2026-03-21 11:15:56,996 - INFO - Pressure Sensor is healthy
2026-03-21 11:15:56,997 - INFO - Vibration Sensor is healthy
2026-03-21 11:15:56,997 - ERROR - Fuel Flow Sensor FAILED - Fuel flow interrupted
2026-03-21 11:15:56,997 - INFO - Voltage Sensor is healthy
2026-03-21 11:15:56,998 - INFO - Speed Sensor is healthy
2026-03-21 11:15:56,998 - INFO - Brake Pressure Sensor is healthy
2026-03-21 11:15:56,998 - INFO - Humidity Sensor is healthy
2026-03-21 11:15:56,999 - INFO - Track Alignment Sensor is healthy
2026-03-21 11:15:57,000 - INFO - Engine Load Sensor is healthy
2026-03-21 11:16:02,000 - INFO - Temperature Sensor is healthy
2026-03-21 11:16:02,001 - INFO - Pressure Sensor is healthy
2026-03-21 11:16:02,001 - INFO - Vibration Sensor is healthy
2026-03-21 11:16:02,003 - ERROR - Fuel Flow Sensor FAILED - Fuel flow interrupted
2026-03-21 11:16:02,003 - INFO - Voltage Sensor is healthy
2026-03-21 11:16:02,004 - INFO - Speed Sensor is healthy
2026-03-21 11:16:02,005 - INFO - Brake Pressure Sensor is healthy
2026-03-21 11:16:02,005 - INFO - Humidity Sensor is healthy
2026-03-21 11:16:02,006 - INFO - Track Alignment Sensor is healthy
2026-03-21 11:16:02,006 - INFO - Engine Load Sensor is healthy
2026-03-21 11:16:07,007 - INFO - Temperature Sensor is healthy
2026-03-21 11:16:07,008 - INFO - Pressure Sensor is healthy
2026-03-21 11:16:07,008 - INFO - Vibration Sensor is healthy
2026-03-21 11:16:07,009 - ERROR - Fuel Flow Sensor FAILED - Fuel flow interrupted
2026-03-21 11:16:07,009 - INFO - Voltage Sensor is healthy
2026-03-21 11:16:07,009 - INFO - Speed Sensor is healthy
2026-03-21 11:16:07,010 - INFO - Brake Pressure Sensor is healthy
2026-03-21 11:16:07,010 - INFO - Humidity Sensor is healthy
2026-03-21 11:16:07,011 - INFO - Track Alignment Sensor is healthy
2026-03-21 11:16:07,011 - INFO - Engine Load Sensor is healthy
2026-03-21 11:16:12,012 - INFO - Temperature Sensor is healthy
2026-03-21 11:16:12,013 - INFO - Pressure Sensor is healthy
2026-03-21 11:16:12,014 - INFO - Vibration Sensor is healthy
2026-03-21 11:16:12,014 - ERROR - Fuel Flow Sensor FAILED - Fuel flow interrupted
2026-03-21 11:16:12,015 - INFO - Voltage Sensor is healthy
2026-03-21 11:16:12,015 - INFO - Speed Sensor is healthy
2026-03-21 11:16:12,015 - INFO - Brake Pressure Sensor is healthy
2026-03-21 11:16:12,016 - INFO - Humidity Sensor is healthy
2026-03-21 11:16:12,016 - INFO - Track Alignment Sensor is healthy
2026-03-21 11:16:12,017 - INFO - Engine Load Sensor is healthy
2026-03-21 11:16:17,018 - INFO - Temperature Sensor is healthy
2026-03-21 11:16:17,019 - INFO - Pressure Sensor is healthy
2026-03-21 11:16:17,019 - INFO - Vibration Sensor is healthy
2026-03-21 11:16:17,020 - ERROR - Fuel Flow Sensor FAILED - Fuel flow interrupted
2026-03-21 11:16:17,020 - INFO - Voltage Sensor is healthy
2026-03-21 11:16:17,020 - INFO - Speed Sensor is healthy
2026-03-21 11:16:17,021 - INFO - Brake Pressure Sensor is healthy
2026-03-21 11:16:17,021 - INFO - Humidity Sensor is healthy
2026-03-21 11:16:17,021 - INFO - Track Alignment Sensor is healthy
2026-03-21 11:16:17,022 - INFO - Engine Load Sensor is healthy
2026-03-21 11:16:22,023 - INFO - Temperature Sensor is healthy
2026-03-21 11:16:22,024 - INFO - Pressure Sensor is healthy
2026-03-21 11:16:22,024 - INFO - Vibration Sensor is healthy
2026-03-21 11:16:22,025 - ERROR - Fuel Flow Sensor FAILED - Fuel flow interrupted
2026-03-21 11:16:22,026 - INFO - Voltage Sensor is healthy
2026-03-21 11:16:22,026 - INFO - Speed Sensor is healthy
2026-03-21 11:16:22,027 - INFO - Brake Pressure Sensor is healthy
2026-03-21 11:16:22,027 - INFO - Humidity Sensor is healthy
2026-03-21 11:16:22,028 - INFO - Track Alignment Sensor is healthy
2026-03-21 11:16:22,028 - INFO - Engine Load Sensor is healthy
2026-03-21 11:16:27,030 - INFO - Temperature Sensor is healthy
2026-03-21 11:16:27,030 - INFO - Pressure Sensor is healthy
2026-03-21 11:16:27,031 - INFO - Vibration Sensor is healthy
2026-03-21 11:16:27,031 - ERROR - Fuel Flow Sensor FAILED - Fuel flow interrupted
2026-03-21 11:16:27,032 - INFO - Voltage Sensor is healthy
2026-03-21 11:16:27,032 - INFO - Speed Sensor is healthy
2026-03-21 11:16:27,033 - INFO - Brake Pressure Sensor is healthy
2026-03-21 11:16:27,033 - INFO - Humidity Sensor is healthy
2026-03-21 11:16:27,034 - INFO - Track Alignment Sensor is healthy
2026-03-21 11:16:27,034 - INFO - Engine Load Sensor is healthy
2026-03-21 11:16:32,035 - INFO - Temperature Sensor is healthy
2026-03-21 11:16:32,036 - INFO - Pressure Sensor is healthy
2026-03-21 11:16:32,036 - INFO - Vibration Sensor is healthy
2026-03-21 11:16:32,036 - ERROR - Fuel Flow Sensor FAILED - Fuel flow interrupted
2026-03-21 11:16:32,037 - INFO - Voltage Sensor is healthy
2026-03-21 11:16:32,037 - INFO - Speed Sensor is healthy
2026-03-21 11:16:32,037 - INFO - Brake Pressure Sensor is healthy
2026-03-21 11:16:32,038 - INFO - Humidity Sensor is healthy
2026-03-21 11:16:32,038 - INFO - Track Alignment Sensor is healthy
2026-03-21 11:16:32,038 - INFO - Engine Load Sensor is healthy
2026-03-21 11:16:37,039 - INFO - Temperature Sensor is healthy
2026-03-21 11:16:37,040 - INFO - Pressure Sensor is healthy
2026-03-21 11:16:37,041 - INFO - Vibration Sensor is healthy
2026-03-21 11:16:37,042 - ERROR - Fuel Flow Sensor FAILED - Fuel flow interrupted
2026-03-21 11:16:37,042 - INFO - Voltage Sensor is healthy
2026-03-21 11:16:37,043 - INFO - Speed Sensor is healthy
2026-03-21 11:16:37,044 - INFO - Brake Pressure Sensor is healthy
2026-03-21 11:16:37,044 - INFO - Humidity Sensor is healthy
2026-03-21 11:16:37,044 - INFO - Track Alignment Sensor is healthy
2026-03-21 11:16:37,045 - INFO - Engine Load Sensor is healthy
2026-03-21 11:16:42,046 - INFO - Temperature Sensor is healthy
2026-03-21 11:16:42,046 - INFO - Pressure Sensor is healthy
2026-03-21 11:16:42,047 - INFO - Vibration Sensor is healthy
2026-03-21 11:16:42,047 - ERROR - Fuel Flow Sensor FAILED - Fuel flow interrupted
2026-03-21 11:16:42,048 - INFO - Voltage Sensor is healthy
2026-03-21 11:16:42,048 - INFO - Speed Sensor is healthy
2026-03-21 11:16:42,048 - INFO - Brake Pressure Sensor is healthy
2026-03-21 11:16:42,048 - INFO - Humidity Sensor is healthy
2026-03-21 11:16:42,049 - INFO - Track Alignment Sensor is healthy
2026-03-21 11:16:42,049 - INFO - Engine Load Sensor is healthy
2026-03-21 11:16:47,050 - INFO - Temperature Sensor is healthy
2026-03-21 11:16:47,051 - INFO - Pressure Sensor is healthy
2026-03-21 11:16:47,051 - INFO - Vibration Sensor is healthy
2026-03-21 11:16:47,053 - ERROR - Fuel Flow Sensor FAILED - Fuel flow interrupted
2026-03-21 11:16:47,053 - INFO - Voltage Sensor is healthy
2026-03-21 11:16:47,054 - INFO - Speed Sensor is healthy
2026-03-21 11:16:47,055 - INFO - Brake Pressure Sensor is healthy
2026-03-21 11:16:47,055 - INFO - Humidity Sensor is healthy
2026-03-21 11:16:47,055 - INFO - Track Alignment Sensor is healthy
2026-03-21 11:16:47,056 - INFO - Engine Load Sensor is healthy
2026-03-21 11:16:52,057 - INFO - Temperature Sensor is healthy
2026-03-21 11:16:52,057 - INFO - Pressure Sensor is healthy
2026-03-21 11:16:52,058 - INFO - Vibration Sensor is healthy
2026-03-21 11:16:52,058 - ERROR - Fuel Flow Sensor FAILED - Fuel flow interrupted
2026-03-21 11:16:52,059 - INFO - Voltage Sensor is healthy
2026-03-21 11:16:52,059 - INFO - Speed Sensor is healthy
2026-03-21 11:16:52,060 - INFO - Brake Pressure Sensor is healthy
2026-03-21 11:16:52,060 - INFO - Humidity Sensor is healthy
2026-03-21 11:16:52,061 - INFO - Track Alignment Sensor is healthy
2026-03-21 11:16:52,061 - INFO - Engine Load Sensor is healthy
2026-03-21 11:16:57,063 - INFO - Temperature Sensor is healthy
2026-03-21 11:16:57,064 - INFO - Pressure Sensor is healthy
2026-03-21 11:16:57,064 - INFO - Vibration Sensor is healthy
2026-03-21 11:16:57,065 - ERROR - Fuel Flow Sensor FAILED - Fuel flow interrupted
2026-03-21 11:16:57,065 - INFO - Voltage Sensor is healthy
2026-03-21 11:16:57,066 - INFO - Speed Sensor is healthy
2026-03-21 11:16:57,066 - INFO - Brake Pressure Sensor is healthy
2026-03-21 11:16:57,067 - INFO - Humidity Sensor is healthy
2026-03-21 11:16:57,067 - INFO - Track Alignment Sensor is healthy
2026-03-21 11:16:57,067 - INFO - Engine Load Sensor is healthy
2026-03-21 11:17:02,068 - INFO - Temperature Sensor is healthy
2026-03-21 11:17:02,069 - INFO - Pressure Sensor is healthy
2026-03-21 11:17:02,069 - INFO - Vibration Sensor is healthy
2026-03-21 11:17:02,070 - ERROR - Fuel Flow Sensor FAILED - Fuel flow interrupted
2026-03-21 11:17:02,071 - INFO - Voltage Sensor is healthy
2026-03-21 11:17:02,071 - INFO - Speed Sensor is healthy
2026-03-21 11:17:02,072 - INFO - Brake Pressure Sensor is healthy
2026-03-21 11:17:02,072 - INFO - Humidity Sensor is healthy
2026-03-21 11:17:02,073 - INFO - Track Alignment Sensor is healthy
2026-03-21 11:17:02,073 - INFO - Engine Load Sensor is healthy
2026-03-21 11:17:07,074 - INFO - Temperature Sensor is healthy
2026-03-21 11:17:07,075 - INFO - Pressure Sensor is healthy
2026-03-21 11:17:07,075 - INFO - Vibration Sensor is healthy
2026-03-21 11:17:07,075 - ERROR - Fuel Flow Sensor FAILED - Fuel flow interrupted
2026-03-21 11:17:07,076 - INFO - Voltage Sensor is healthy
2026-03-21 11:17:07,076 - INFO - Speed Sensor is healthy
2026-03-21 11:17:07,077 - INFO - Brake Pressure Sensor is healthy
2026-03-21 11:17:07,077 - INFO - Humidity Sensor is healthy
2026-03-21 11:17:07,077 - INFO - Track Alignment Sensor is healthy
2026-03-21 11:17:07,078 - INFO - Engine Load Sensor is healthy
2026-03-21 11:17:12,079 - INFO - Temperature Sensor is healthy
2026-03-21 11:17:12,079 - INFO - Pressure Sensor is healthy
2026-03-21 11:17:12,080 - INFO - Vibration Sensor is healthy
2026-03-21 11:17:12,080 - ERROR - Fuel Flow Sensor FAILED - Fuel flow interrupted
2026-03-21 11:17:12,081 - INFO - Voltage Sensor is healthy
2026-03-21 11:17:12,081 - INFO - Speed Sensor is healthy
2026-03-21 11:17:12,081 - INFO - Brake Pressure Sensor is healthy
2026-03-21 11:17:12,082 - INFO - Humidity Sensor is healthy
2026-03-21 11:17:12,082 - INFO - Track Alignment Sensor is healthy
2026-03-21 11:17:12,082 - INFO - Engine Load Sensor is healthy
2026-03-21 11:17:17,083 - INFO - Temperature Sensor is healthy
2026-03-21 11:17:17,084 - INFO - Pressure Sensor is healthy
2026-03-21 11:17:17,084 - INFO - Vibration Sensor is healthy
2026-03-21 11:17:17,085 - ERROR - Fuel Flow Sensor FAILED - Fuel flow interrupted
2026-03-21 11:17:17,085 - INFO - Voltage Sensor is healthy
2026-03-21 11:17:17,085 - INFO - Speed Sensor is healthy
2026-03-21 11:17:17,086 - INFO - Brake Pressure Sensor is healthy
2026-03-21 11:17:17,086 - INFO - Humidity Sensor is healthy
2026-03-21 11:17:17,086 - INFO - Track Alignment Sensor is healthy
2026-03-21 11:17:17,087 - INFO - Engine Load Sensor is healthy
2026-03-21 11:17:22,088 - INFO - Temperature Sensor is healthy
2026-03-21 11:17:22,089 - INFO - Pressure Sensor is healthy
2026-03-21 11:17:22,089 - INFO - Vibration Sensor is healthy
2026-03-21 11:17:22,089 - ERROR - Fuel Flow Sensor FAILED - Fuel flow interrupted
2026-03-21 11:17:22,090 - INFO - Voltage Sensor is healthy
2026-03-21 11:17:22,090 - INFO - Speed Sensor is healthy
2026-03-21 11:17:22,090 - INFO - Brake Pressure Sensor is healthy
2026-03-21 11:17:22,091 - INFO - Humidity Sensor is healthy
2026-03-21 11:17:22,091 - INFO - Track Alignment Sensor is healthy
2026-03-21 11:17:22,092 - INFO - Engine Load Sensor is healthy
2026-03-21 11:17:27,093 - INFO - Temperature Sensor is healthy
2026-03-21 11:17:27,093 - INFO - Pressure Sensor is healthy
2026-03-21 11:17:27,094 - INFO - Vibration Sensor is healthy
2026-03-21 11:17:27,095 - ERROR - Fuel Flow Sensor FAILED - Fuel flow interrupted
2026-03-21 11:17:27,096 - INFO - Voltage Sensor is healthy
2026-03-21 11:17:27,096 - INFO - Speed Sensor is healthy
2026-03-21 11:17:27,097 - INFO - Brake Pressure Sensor is healthy
2026-03-21 11:17:27,097 - INFO - Humidity Sensor is healthy
2026-03-21 11:17:27,098 - INFO - Track Alignment Sensor is healthy
2026-03-21 11:17:27,098 - INFO - Engine Load Sensor is healthy
2026-03-21 11:17:32,099 - INFO - Temperature Sensor is healthy
2026-03-21 11:17:32,099 - INFO - Pressure Sensor is healthy
2026-03-21 11:17:32,100 - INFO - Vibration Sensor is healthy
2026-03-21 11:17:32,100 - ERROR - Fuel Flow Sensor FAILED - Fuel flow interrupted
2026-03-21 11:17:32,101 - INFO - Voltage Sensor is healthy
2026-03-21 11:17:32,102 - INFO - Speed Sensor is healthy
2026-03-21 11:17:32,102 - INFO - Brake Pressure Sensor is healthy
2026-03-21 11:17:32,103 - INFO - Humidity Sensor is healthy
2026-03-21 11:17:32,104 - INFO - Track Alignment Sensor is healthy
2026-03-21 11:17:32,105 - INFO - Engine Load Sensor is healthy
2026-03-21 11:17:37,106 - INFO - Temperature Sensor is healthy
2026-03-21 11:17:37,107 - INFO - Pressure Sensor is healthy
2026-03-21 11:17:37,110 - INFO - Vibration Sensor is healthy
2026-03-21 11:17:37,111 - ERROR - Fuel Flow Sensor FAILED - Fuel flow interrupted
2026-03-21 11:17:37,111 - INFO - Voltage Sensor is healthy
2026-03-21 11:17:37,112 - INFO - Speed Sensor is healthy
2026-03-21 11:17:37,112 - INFO - Brake Pressure Sensor is healthy
2026-03-21 11:17:37,112 - INFO - Humidity Sensor is healthy
2026-03-21 11:17:37,113 - INFO - Track Alignment Sensor is healthy
2026-03-21 11:17:37,114 - INFO - Engine Load Sensor is healthy
2026-03-21 11:17:42,117 - INFO - Temperature Sensor is healthy
2026-03-21 11:17:42,118 - INFO - Pressure Sensor is healthy
2026-03-21 11:17:42,119 - INFO - Vibration Sensor is healthy
2026-03-21 11:17:42,120 - ERROR - Fuel Flow Sensor FAILED - Fuel flow interrupted
2026-03-21 11:17:42,120 - INFO - Voltage Sensor is healthy
2026-03-21 11:17:42,121 - INFO - Speed Sensor is healthy
2026-03-21 11:17:42,122 - INFO - Brake Pressure Sensor is healthy
2026-03-21 11:17:42,122 - INFO - Humidity Sensor is healthy
2026-03-21 11:17:42,123 - INFO - Track Alignment Sensor is healthy
2026-03-21 11:17:42,123 - INFO - Engine Load Sensor is healthy
2026-03-21 11:17:47,124 - INFO - Temperature Sensor is healthy
2026-03-21 11:17:47,125 - INFO - Pressure Sensor is healthy
2026-03-21 11:17:47,125 - INFO - Vibration Sensor is healthy
2026-03-21 11:17:47,126 - ERROR - Fuel Flow Sensor FAILED - Fuel flow interrupted
2026-03-21 11:17:47,126 - INFO - Voltage Sensor is healthy
2026-03-21 11:17:47,127 - INFO - Speed Sensor is healthy
2026-03-21 11:17:47,127 - INFO - Brake Pressure Sensor is healthy
2026-03-21 11:17:47,128 - INFO - Humidity Sensor is healthy
2026-03-21 11:17:47,128 - INFO - Track Alignment Sensor is healthy
2026-03-21 11:17:47,129 - INFO - Engine Load Sensor is healthy
2026-03-21 11:17:52,130 - INFO - Temperature Sensor is healthy
2026-03-21 11:17:52,131 - INFO - Pressure Sensor is healthy
2026-03-21 11:17:52,131 - INFO - Vibration Sensor is healthy
2026-03-21 11:17:52,131 - ERROR - Fuel Flow Sensor FAILED - Fuel flow interrupted
2026-03-21 11:17:52,132 - INFO - Voltage Sensor is healthy
2026-03-21 11:17:52,132 - INFO - Speed Sensor is healthy
2026-03-21 11:17:52,133 - INFO - Brake Pressure Sensor is healthy
2026-03-21 11:17:52,134 - INFO - Humidity Sensor is healthy
2026-03-21 11:17:52,134 - INFO - Track Alignment Sensor is healthy
2026-03-21 11:17:52,134 - INFO - Engine Load Sensor is healthy
2026-03-21 11:17:57,136 - INFO - Temperature Sensor is healthy
2026-03-21 11:17:57,137 - INFO - Pressure Sensor is healthy
2026-03-21 11:17:57,138 - INFO - Vibration Sensor is healthy
2026-03-21 11:17:57,139 - ERROR - Fuel Flow Sensor FAILED - Fuel flow interrupted
2026-03-21 11:17:57,140 - INFO - Voltage Sensor is healthy
2026-03-21 11:17:57,141 - INFO - Speed Sensor is healthy
2026-03-21 11:17:57,142 - INFO - Brake Pressure Sensor is healthy
2026-03-21 11:17:57,142 - INFO - Humidity Sensor is healthy
2026-03-21 11:17:57,143 - INFO - Track Alignment Sensor is healthy
2026-03-21 11:17:57,143 - INFO - Engine Load Sensor is healthy
2026-03-21 11:18:02,144 - INFO - Temperature Sensor is healthy
2026-03-21 11:18:02,145 - INFO - Pressure Sensor is healthy
2026-03-21 11:18:02,145 - INFO - Vibration Sensor is healthy
2026-03-21 11:18:02,146 - ERROR - Fuel Flow Sensor FAILED - Fuel flow interrupted
2026-03-21 11:18:02,146 - INFO - Voltage Sensor is healthy
2026-03-21 11:18:02,147 - INFO - Speed Sensor is healthy
2026-03-21 11:18:02,147 - INFO - Brake Pressure Sensor is healthy
2026-03-21 11:18:02,148 - INFO - Humidity Sensor is healthy
2026-03-21 11:18:02,150 - INFO - Track Alignment Sensor is healthy
2026-03-21 11:18:02,150 - INFO - Engine Load Sensor is healthy
2026-03-21 11:18:07,152 - INFO - Temperature Sensor is healthy
2026-03-21 11:18:07,153 - INFO - Pressure Sensor is healthy
2026-03-21 11:18:07,154 - INFO - Vibration Sensor is healthy
2026-03-21 11:18:07,154 - ERROR - Fuel Flow Sensor FAILED - Fuel flow interrupted
2026-03-21 11:18:07,155 - INFO - Voltage Sensor is healthy
2026-03-21 11:18:07,155 - INFO - Speed Sensor is healthy
2026-03-21 11:18:07,155 - INFO - Brake Pressure Sensor is healthy
2026-03-21 11:18:07,156 - INFO - Humidity Sensor is healthy
2026-03-21 11:18:07,158 - INFO - Track Alignment Sensor is healthy
2026-03-21 11:18:07,159 - INFO - Engine Load Sensor is healthy
2026-03-21 11:18:12,160 - INFO - Temperature Sensor is healthy
2026-03-21 11:18:12,160 - INFO - Pressure Sensor is healthy
2026-03-21 11:18:12,161 - INFO - Vibration Sensor is healthy
2026-03-21 11:18:12,161 - ERROR - Fuel Flow Sensor FAILED - Fuel flow interrupted
2026-03-21 11:18:12,162 - INFO - Voltage Sensor is healthy
2026-03-21 11:18:12,162 - INFO - Speed Sensor is healthy
2026-03-21 11:18:12,164 - INFO - Brake Pressure Sensor is healthy
2026-03-21 11:18:12,165 - INFO - Humidity Sensor is healthy
2026-03-21 11:18:12,165 - INFO - Track Alignment Sensor is healthy
2026-03-21 11:18:12,166 - INFO - Engine Load Sensor is healthy
2026-03-21 11:18:17,167 - INFO - Temperature Sensor is healthy
2026-03-21 11:18:17,168 - INFO - Pressure Sensor is healthy
2026-03-21 11:18:17,168 - INFO - Vibration Sensor is healthy
2026-03-21 11:18:17,168 - ERROR - Fuel Flow Sensor FAILED - Fuel flow interrupted
2026-03-21 11:18:17,169 - INFO - Voltage Sensor is healthy
2026-03-21 11:18:17,169 - INFO - Speed Sensor is healthy
2026-03-21 11:18:17,169 - INFO - Brake Pressure Sensor is healthy
2026-03-21 11:18:17,170 - INFO - Humidity Sensor is healthy
2026-03-21 11:18:17,170 - INFO - Track Alignment Sensor is healthy
2026-03-21 11:18:17,170 - INFO - Engine Load Sensor is healthy
2026-03-21 11:18:22,172 - INFO - Temperature Sensor is healthy
2026-03-21 11:18:22,173 - INFO - Pressure Sensor is healthy
2026-03-21 11:18:22,173 - INFO - Vibration Sensor is healthy
2026-03-21 11:18:22,173 - ERROR - Fuel Flow Sensor FAILED - Fuel flow interrupted
2026-03-21 11:18:22,174 - INFO - Voltage Sensor is healthy
2026-03-21 11:18:22,174 - INFO - Speed Sensor is healthy
2026-03-21 11:18:22,174 - INFO - Brake Pressure Sensor is healthy
2026-03-21 11:18:22,174 - INFO - Humidity Sensor is healthy
2026-03-21 11:18:22,175 - INFO - Track Alignment Sensor is healthy
2026-03-21 11:18:22,175 - INFO - Engine Load Sensor is healthy
2026-03-21 11:18:27,176 - INFO - Temperature Sensor is healthy
2026-03-21 11:18:27,177 - INFO - Pressure Sensor is healthy
2026-03-21 11:18:27,177 - INFO - Vibration Sensor is healthy
2026-03-21 11:18:27,178 - ERROR - Fuel Flow Sensor FAILED - Fuel flow interrupted
2026-03-21 11:18:27,178 - INFO - Voltage Sensor is healthy
2026-03-21 11:18:27,180 - INFO - Speed Sensor is healthy
2026-03-21 11:18:27,180 - INFO - Brake Pressure Sensor is healthy
2026-03-21 11:18:27,181 - INFO - Humidity Sensor is healthy
2026-03-21 11:18:27,181 - INFO - Track Alignment Sensor is healthy
2026-03-21 11:18:27,182 - INFO - Engine Load Sensor is healthy
2026-03-21 11:18:32,183 - INFO - Temperature Sensor is healthy
2026-03-21 11:18:32,183 - INFO - Pressure Sensor is healthy
2026-03-21 11:18:32,184 - INFO - Vibration Sensor is healthy
2026-03-21 11:18:32,184 - ERROR - Fuel Flow Sensor FAILED - Fuel flow interrupted
2026-03-21 11:18:32,185 - INFO - Voltage Sensor is healthy
2026-03-21 11:18:32,185 - INFO - Speed Sensor is healthy
2026-03-21 11:18:32,185 - INFO - Brake Pressure Sensor is healthy
2026-03-21 11:18:32,186 - INFO - Humidity Sensor is healthy
2026-03-21 11:18:32,186 - INFO - Track Alignment Sensor is healthy
2026-03-21 11:18:32,187 - INFO - Engine Load Sensor is healthy
2026-03-21 11:18:37,188 - INFO - Temperature Sensor is healthy
2026-03-21 11:18:37,189 - INFO - Pressure Sensor is healthy
2026-03-21 11:18:37,189 - INFO - Vibration Sensor is healthy
2026-03-21 11:18:37,190 - ERROR - Fuel Flow Sensor FAILED - Fuel flow interrupted
2026-03-21 11:18:37,190 - INFO - Voltage Sensor is healthy
2026-03-21 11:18:37,190 - INFO - Speed Sensor is healthy
2026-03-21 11:18:37,191 - INFO - Brake Pressure Sensor is healthy
2026-03-21 11:18:37,191 - INFO - Humidity Sensor is healthy
2026-03-21 11:18:37,191 - INFO - Track Alignment Sensor is healthy
2026-03-21 11:18:37,191 - INFO - Engine Load Sensor is healthy
2026-03-21 11:18:42,192 - INFO - Temperature Sensor is healthy
2026-03-21 11:18:42,193 - INFO - Pressure Sensor is healthy
2026-03-21 11:18:42,193 - INFO - Vibration Sensor is healthy
2026-03-21 11:18:42,194 - ERROR - Fuel Flow Sensor FAILED - Fuel flow interrupted
2026-03-21 11:18:42,194 - INFO - Voltage Sensor is healthy
2026-03-21 11:18:42,194 - INFO - Speed Sensor is healthy
2026-03-21 11:18:42,195 - INFO - Brake Pressure Sensor is healthy
2026-03-21 11:18:42,195 - INFO - Humidity Sensor is healthy
2026-03-21 11:18:42,195 - INFO - Track Alignment Sensor is healthy
2026-03-21 11:18:42,196 - INFO - Engine Load Sensor is healthy
2026-03-21 11:18:47,196 - INFO - Temperature Sensor is healthy
2026-03-21 11:18:47,197 - INFO - Pressure Sensor is healthy
2026-03-21 11:18:47,198 - INFO - Vibration Sensor is healthy
2026-03-21 11:18:47,198 - ERROR - Fuel Flow Sensor FAILED - Fuel flow interrupted
2026-03-21 11:18:47,199 - INFO - Voltage Sensor is healthy
2026-03-21 11:18:47,199 - INFO - Speed Sensor is healthy
2026-03-21 11:18:47,200 - INFO - Brake Pressure Sensor is healthy
2026-03-21 11:18:47,200 - INFO - Humidity Sensor is healthy
2026-03-21 11:18:47,200 - INFO - Track Alignment Sensor is healthy
2026-03-21 11:18:47,201 - INFO - Engine Load Sensor is healthy
2026-03-21 11:18:52,202 - INFO - Temperature Sensor is healthy
2026-03-21 11:18:52,203 - INFO - Pressure Sensor is healthy
2026-03-21 11:18:52,204 - INFO - Vibration Sensor is healthy
2026-03-21 11:18:52,204 - ERROR - Fuel Flow Sensor FAILED - Fuel flow interrupted
2026-03-21 11:18:52,205 - INFO - Voltage Sensor is healthy
2026-03-21 11:18:52,205 - INFO - Speed Sensor is healthy
2026-03-21 11:18:52,206 - INFO - Brake Pressure Sensor is healthy
2026-03-21 11:18:52,207 - INFO - Humidity Sensor is healthy
2026-03-21 11:18:52,207 - INFO - Track Alignment Sensor is healthy
2026-03-21 11:18:52,208 - INFO - Engine Load Sensor is healthy
2026-03-21 11:18:57,209 - INFO - Temperature Sensor is healthy
2026-03-21 11:18:57,211 - INFO - Pressure Sensor is healthy
2026-03-21 11:18:57,211 - INFO - Vibration Sensor is healthy
2026-03-21 11:18:57,214 - ERROR - Fuel Flow Sensor FAILED - Fuel flow interrupted
2026-03-21 11:18:57,215 - INFO - Voltage Sensor is healthy
2026-03-21 11:18:57,223 - INFO - Speed Sensor is healthy
2026-03-21 11:18:57,225 - INFO - Brake Pressure Sensor is healthy
2026-03-21 11:18:57,226 - INFO - Humidity Sensor is healthy
2026-03-21 11:18:57,229 - INFO - Track Alignment Sensor is healthy
2026-03-21 11:18:57,230 - INFO - Engine Load Sensor is healthy
2026-03-21 11:19:02,234 - INFO - Temperature Sensor is healthy
2026-03-21 11:19:02,234 - INFO - Pressure Sensor is healthy
2026-03-21 11:19:02,235 - INFO - Vibration Sensor is healthy
2026-03-21 11:19:02,235 - ERROR - Fuel Flow Sensor FAILED - Fuel flow interrupted
2026-03-21 11:19:02,235 - INFO - Voltage Sensor is healthy
2026-03-21 11:19:02,236 - INFO - Speed Sensor is healthy
2026-03-21 11:19:02,236 - INFO - Brake Pressure Sensor is healthy
2026-03-21 11:19:02,236 - INFO - Humidity Sensor is healthy
2026-03-21 11:19:02,236 - INFO - Track Alignment Sensor is healthy
2026-03-21 11:19:02,237 - INFO - Engine Load Sensor is healthy
2026-03-21 11:19:07,239 - INFO - Temperature Sensor is healthy
2026-03-21 11:19:07,240 - INFO - Pressure Sensor is healthy
2026-03-21 11:19:07,240 - INFO - Vibration Sensor is healthy
2026-03-21 11:19:07,241 - ERROR - Fuel Flow Sensor FAILED - Fuel flow interrupted
2026-03-21 11:19:07,241 - INFO - Voltage Sensor is healthy
2026-03-21 11:19:07,242 - INFO - Speed Sensor is healthy
2026-03-21 11:19:07,242 - INFO - Brake Pressure Sensor is healthy
2026-03-21 11:19:07,243 - INFO - Humidity Sensor is healthy
2026-03-21 11:19:07,243 - INFO - Track Alignment Sensor is healthy
2026-03-21 11:19:07,243 - INFO - Engine Load Sensor is healthy
2026-03-21 11:19:12,244 - INFO - Temperature Sensor is healthy
2026-03-21 11:19:12,245 - INFO - Pressure Sensor is healthy
2026-03-21 11:19:12,246 - INFO - Vibration Sensor is healthy
2026-03-21 11:19:12,246 - ERROR - Fuel Flow Sensor FAILED - Fuel flow interrupted
2026-03-21 11:19:12,247 - INFO - Voltage Sensor is healthy
2026-03-21 11:19:12,248 - INFO - Speed Sensor is healthy
2026-03-21 11:19:12,248 - INFO - Brake Pressure Sensor is healthy
2026-03-21 11:19:12,249 - INFO - Humidity Sensor is healthy
2026-03-21 11:19:12,249 - INFO - Track Alignment Sensor is healthy
2026-03-21 11:19:12,250 - INFO - Engine Load Sensor is healthy
2026-03-21 11:19:17,251 - INFO - Temperature Sensor is healthy
2026-03-21 11:19:17,251 - INFO - Pressure Sensor is healthy
2026-03-21 11:19:17,252 - INFO - Vibration Sensor is healthy
2026-03-21 11:19:17,252 - ERROR - Fuel Flow Sensor FAILED - Fuel flow interrupted
2026-03-21 11:19:17,252 - INFO - Voltage Sensor is healthy
2026-03-21 11:19:17,253 - INFO - Speed Sensor is healthy
2026-03-21 11:19:17,253 - INFO - Brake Pressure Sensor is healthy
2026-03-21 11:19:17,253 - INFO - Humidity Sensor is healthy
2026-03-21 11:19:17,254 - INFO - Track Alignment Sensor is healthy
2026-03-21 11:19:17,254 - INFO - Engine Load Sensor is healthy
2026-03-21 11:19:22,255 - INFO - Temperature Sensor is healthy
2026-03-21 11:19:22,256 - INFO - Pressure Sensor is healthy
2026-03-21 11:19:22,256 - INFO - Vibration Sensor is healthy
2026-03-21 11:19:22,257 - ERROR - Fuel Flow Sensor FAILED - Fuel flow interrupted
2026-03-21 11:19:22,257 - INFO - Voltage Sensor is healthy
2026-03-21 11:19:22,258 - INFO - Speed Sensor is healthy
2026-03-21 11:19:22,258 - INFO - Brake Pressure Sensor is healthy
2026-03-21 11:19:22,259 - INFO - Humidity Sensor is healthy
2026-03-21 11:19:22,259 - INFO - Track Alignment Sensor is healthy
2026-03-21 11:19:22,260 - INFO - Engine Load Sensor is healthy
2026-03-21 11:19:27,261 - INFO - Temperature Sensor is healthy
2026-03-21 11:19:27,262 - INFO - Pressure Sensor is healthy
2026-03-21 11:19:27,263 - INFO - Vibration Sensor is healthy
2026-03-21 11:19:27,263 - ERROR - Fuel Flow Sensor FAILED - Fuel flow interrupted
2026-03-21 11:19:27,264 - INFO - Voltage Sensor is healthy
2026-03-21 11:19:27,264 - INFO - Speed Sensor is healthy
2026-03-21 11:19:27,265 - INFO - Brake Pressure Sensor is healthy
2026-03-21 11:19:27,265 - INFO - Humidity Sensor is healthy
2026-03-21 11:19:27,265 - INFO - Track Alignment Sensor is healthy
2026-03-21 11:19:27,266 - INFO - Engine Load Sensor is healthy
2026-03-21 11:19:32,267 - INFO - Temperature Sensor is healthy
2026-03-21 11:19:32,268 - INFO - Pressure Sensor is healthy
2026-03-21 11:19:32,268 - INFO - Vibration Sensor is healthy
2026-03-21 11:19:32,269 - ERROR - Fuel Flow Sensor FAILED - Fuel flow interrupted
2026-03-21 11:19:32,269 - INFO - Voltage Sensor is healthy
2026-03-21 11:19:32,270 - INFO - Speed Sensor is healthy
2026-03-21 11:19:32,270 - INFO - Brake Pressure Sensor is healthy
2026-03-21 11:19:32,271 - INFO - Humidity Sensor is healthy
2026-03-21 11:19:32,271 - INFO - Track Alignment Sensor is healthy
2026-03-21 11:19:32,272 - INFO - Engine Load Sensor is healthy
2026-03-21 11:19:37,273 - INFO - Temperature Sensor is healthy
2026-03-21 11:19:37,274 - INFO - Pressure Sensor is healthy
2026-03-21 11:19:37,274 - INFO - Vibration Sensor is healthy
2026-03-21 11:19:37,275 - ERROR - Fuel Flow Sensor FAILED - Fuel flow interrupted
2026-03-21 11:19:37,275 - INFO - Voltage Sensor is healthy
2026-03-21 11:19:37,275 - INFO - Speed Sensor is healthy
2026-03-21 11:19:37,276 - INFO - Brake Pressure Sensor is healthy
2026-03-21 11:19:37,276 - INFO - Humidity Sensor is healthy
2026-03-21 11:19:37,277 - INFO - Track Alignment Sensor is healthy
2026-03-21 11:19:37,277 - INFO - Engine Load Sensor is healthy
2026-03-21 11:19:42,278 - INFO - Temperature Sensor is healthy
2026-03-21 11:19:42,279 - INFO - Pressure Sensor is healthy
2026-03-21 11:19:42,280 - INFO - Vibration Sensor is healthy
2026-03-21 11:19:42,280 - ERROR - Fuel Flow Sensor FAILED - Fuel flow interrupted
2026-03-21 11:19:42,281 - INFO - Voltage Sensor is healthy
2026-03-21 11:19:42,281 - INFO - Speed Sensor is healthy
2026-03-21 11:19:42,282 - INFO - Brake Pressure Sensor is healthy
2026-03-21 11:19:42,282 - INFO - Humidity Sensor is healthy
2026-03-21 11:19:42,282 - INFO - Track Alignment Sensor is healthy
2026-03-21 11:19:42,283 - INFO - Engine Load Sensor is healthy
2026-03-21 11:19:47,284 - INFO - Temperature Sensor is healthy
2026-03-21 11:19:47,285 - INFO - Pressure Sensor is healthy
2026-03-21 11:19:47,285 - INFO - Vibration Sensor is healthy
2026-03-21 11:19:47,285 - ERROR - Fuel Flow Sensor FAILED - Fuel flow interrupted
2026-03-21 11:19:47,286 - INFO - Voltage Sensor is healthy
2026-03-21 11:19:47,286 - INFO - Speed Sensor is healthy
2026-03-21 11:19:47,287 - INFO - Brake Pressure Sensor is healthy
2026-03-21 11:19:47,287 - INFO - Humidity Sensor is healthy
2026-03-21 11:19:47,288 - INFO - Track Alignment Sensor is healthy
2026-03-21 11:19:47,288 - INFO - Engine Load Sensor is healthy
2026-03-21 11:19:52,288 - INFO - Temperature Sensor is healthy
2026-03-21 11:19:52,289 - INFO - Pressure Sensor is healthy
2026-03-21 11:19:52,290 - INFO - Vibration Sensor is healthy
2026-03-21 11:19:52,292 - ERROR - Fuel Flow Sensor FAILED - Fuel flow interrupted
2026-03-21 11:19:52,292 - INFO - Voltage Sensor is healthy
2026-03-21 11:19:52,293 - INFO - Speed Sensor is healthy
2026-03-21 11:19:52,294 - INFO - Brake Pressure Sensor is healthy
2026-03-21 11:19:52,295 - INFO - Humidity Sensor is healthy
2026-03-21 11:19:52,296 - INFO - Track Alignment Sensor is healthy
2026-03-21 11:19:52,297 - INFO - Engine Load Sensor is healthy
2026-03-21 11:19:57,298 - INFO - Temperature Sensor is healthy
2026-03-21 11:19:57,299 - INFO - Pressure Sensor is healthy
2026-03-21 11:19:57,299 - INFO - Vibration Sensor is healthy
2026-03-21 11:19:57,299 - ERROR - Fuel Flow Sensor FAILED - Fuel flow interrupted
2026-03-21 11:19:57,300 - INFO - Voltage Sensor is healthy
2026-03-21 11:19:57,301 - INFO - Speed Sensor is healthy
2026-03-21 11:19:57,301 - INFO - Brake Pressure Sensor is healthy
2026-03-21 11:19:57,302 - INFO - Humidity Sensor is healthy
2026-03-21 11:19:57,302 - INFO - Track Alignment Sensor is healthy
2026-03-21 11:19:57,302 - INFO - Engine Load Sensor is healthy
2026-03-21 11:20:02,303 - INFO - Temperature Sensor is healthy
2026-03-21 11:20:02,304 - INFO - Pressure Sensor is healthy
2026-03-21 11:20:02,304 - INFO - Vibration Sensor is healthy
2026-03-21 11:20:02,305 - ERROR - Fuel Flow Sensor FAILED - Fuel flow interrupted
2026-03-21 11:20:02,305 - INFO - Voltage Sensor is healthy
2026-03-21 11:20:02,305 - INFO - Speed Sensor is healthy
2026-03-21 11:20:02,306 - INFO - Brake Pressure Sensor is healthy
2026-03-21 11:20:02,306 - INFO - Humidity Sensor is healthy
2026-03-21 11:20:02,307 - INFO - Track Alignment Sensor is healthy
2026-03-21 11:20:02,307 - INFO - Engine Load Sensor is healthy
2026-03-21 11:20:07,309 - INFO - Temperature Sensor is healthy
2026-03-21 11:20:07,310 - INFO - Pressure Sensor is healthy
2026-03-21 11:20:07,310 - INFO - Vibration Sensor is healthy
2026-03-21 11:20:07,311 - ERROR - Fuel Flow Sensor FAILED - Fuel flow interrupted
2026-03-21 11:20:07,311 - INFO - Voltage Sensor is healthy
2026-03-21 11:20:07,312 - INFO - Speed Sensor is healthy
2026-03-21 11:20:07,312 - INFO - Brake Pressure Sensor is healthy
2026-03-21 11:20:07,313 - INFO - Humidity Sensor is healthy
2026-03-21 11:20:07,313 - INFO - Track Alignment Sensor is healthy
2026-03-21 11:20:07,313 - INFO - Engine Load Sensor is healthy
2026-03-21 11:20:12,314 - INFO - Temperature Sensor is healthy
2026-03-21 11:20:12,315 - INFO - Pressure Sensor is healthy
2026-03-21 11:20:12,315 - INFO - Vibration Sensor is healthy
2026-03-21 11:20:12,316 - ERROR - Fuel Flow Sensor FAILED - Fuel flow interrupted
2026-03-21 11:20:12,316 - INFO - Voltage Sensor is healthy
2026-03-21 11:20:12,316 - INFO - Speed Sensor is healthy
2026-03-21 11:20:12,317 - INFO - Brake Pressure Sensor is healthy
2026-03-21 11:20:12,317 - INFO - Humidity Sensor is healthy
2026-03-21 11:20:12,318 - INFO - Track Alignment Sensor is healthy
2026-03-21 11:20:12,318 - INFO - Engine Load Sensor is healthy
2026-03-21 11:20:17,319 - INFO - Temperature Sensor is healthy
2026-03-21 11:20:17,320 - INFO - Pressure Sensor is healthy
2026-03-21 11:20:17,320 - INFO - Vibration Sensor is healthy
2026-03-21 11:20:17,320 - ERROR - Fuel Flow Sensor FAILED - Fuel flow interrupted
2026-03-21 11:20:17,321 - INFO - Voltage Sensor is healthy
2026-03-21 11:20:17,322 - INFO - Speed Sensor is healthy
2026-03-21 11:20:17,322 - INFO - Brake Pressure Sensor is healthy
2026-03-21 11:20:17,322 - INFO - Humidity Sensor is healthy
2026-03-21 11:20:17,323 - INFO - Track Alignment Sensor is healthy
2026-03-21 11:20:17,323 - INFO - Engine Load Sensor is healthy
2026-03-21 11:20:22,324 - INFO - Temperature Sensor is healthy
2026-03-21 11:20:22,325 - INFO - Pressure Sensor is healthy
2026-03-21 11:20:22,325 - INFO - Vibration Sensor is healthy
2026-03-21 11:20:22,326 - ERROR - Fuel Flow Sensor FAILED - Fuel flow interrupted
2026-03-21 11:20:22,327 - INFO - Voltage Sensor is healthy
2026-03-21 11:20:22,328 - INFO - Speed Sensor is healthy
2026-03-21 11:20:22,328 - INFO - Brake Pressure Sensor is healthy
2026-03-21 11:20:22,328 - INFO - Humidity Sensor is healthy
2026-03-21 11:20:22,329 - INFO - Track Alignment Sensor is healthy
2026-03-21 11:20:22,329 - INFO - Engine Load Sensor is healthy
2026-03-21 11:20:27,330 - INFO - Temperature Sensor is healthy
2026-03-21 11:20:27,331 - INFO - Pressure Sensor is healthy
2026-03-21 11:20:27,332 - INFO - Vibration Sensor is healthy
2026-03-21 11:20:27,332 - ERROR - Fuel Flow Sensor FAILED - Fuel flow interrupted
2026-03-21 11:20:27,332 - INFO - Voltage Sensor is healthy
2026-03-21 11:20:27,333 - INFO - Speed Sensor is healthy
2026-03-21 11:20:27,333 - INFO - Brake Pressure Sensor is healthy
2026-03-21 11:20:27,334 - INFO - Humidity Sensor is healthy
2026-03-21 11:20:27,335 - INFO - Track Alignment Sensor is healthy
2026-03-21 11:20:27,336 - INFO - Engine Load Sensor is healthy
2026-03-21 11:20:32,337 - INFO - Temperature Sensor is healthy
2026-03-21 11:20:32,338 - INFO - Pressure Sensor is healthy
2026-03-21 11:20:32,339 - INFO - Vibration Sensor is healthy
2026-03-21 11:20:32,339 - ERROR - Fuel Flow Sensor FAILED - Fuel flow interrupted
2026-03-21 11:20:32,339 - INFO - Voltage Sensor is healthy
2026-03-21 11:20:32,340 - INFO - Speed Sensor is healthy
2026-03-21 11:20:32,341 - INFO - Brake Pressure Sensor is healthy
2026-03-21 11:20:32,341 - INFO - Humidity Sensor is healthy
2026-03-21 11:20:32,342 - INFO - Track Alignment Sensor is healthy
2026-03-21 11:20:32,343 - INFO - Engine Load Sensor is healthy
2026-03-21 11:20:37,343 - INFO - Temperature Sensor is healthy
2026-03-21 11:20:37,344 - INFO - Pressure Sensor is healthy
2026-03-21 11:20:37,344 - INFO - Vibration Sensor is healthy
2026-03-21 11:20:37,345 - ERROR - Fuel Flow Sensor FAILED - Fuel flow interrupted
2026-03-21 11:20:37,345 - INFO - Voltage Sensor is healthy
2026-03-21 11:20:37,345 - INFO - Speed Sensor is healthy
2026-03-21 11:20:37,346 - INFO - Brake Pressure Sensor is healthy
2026-03-21 11:20:37,346 - INFO - Humidity Sensor is healthy
2026-03-21 11:20:37,346 - INFO - Track Alignment Sensor is healthy
2026-03-21 11:20:37,346 - INFO - Engine Load Sensor is healthy
2026-03-21 11:20:42,348 - INFO - Temperature Sensor is healthy
2026-03-21 11:20:42,349 - INFO - Pressure Sensor is healthy
2026-03-21 11:20:42,349 - INFO - Vibration Sensor is healthy
2026-03-21 11:20:42,350 - ERROR - Fuel Flow Sensor FAILED - Fuel flow interrupted
2026-03-21 11:20:42,350 - INFO - Voltage Sensor is healthy
2026-03-21 11:20:42,351 - INFO - Speed Sensor is healthy
2026-03-21 11:20:42,353 - INFO - Brake Pressure Sensor is healthy
2026-03-21 11:20:42,354 - INFO - Humidity Sensor is healthy
2026-03-21 11:20:42,354 - INFO - Track Alignment Sensor is healthy
2026-03-21 11:20:42,356 - INFO - Engine Load Sensor is healthy
2026-03-21 11:20:47,357 - INFO - Temperature Sensor is healthy
2026-03-21 11:20:47,358 - INFO - Pressure Sensor is healthy
2026-03-21 11:20:47,358 - INFO - Vibration Sensor is healthy
2026-03-21 11:20:47,359 - ERROR - Fuel Flow Sensor FAILED - Fuel flow interrupted
2026-03-21 11:20:47,360 - INFO - Voltage Sensor is healthy
2026-03-21 11:20:47,360 - INFO - Speed Sensor is healthy
2026-03-21 11:20:47,361 - INFO - Brake Pressure Sensor is healthy
2026-03-21 11:20:47,363 - INFO - Humidity Sensor is healthy
2026-03-21 11:20:47,369 - INFO - Track Alignment Sensor is healthy
2026-03-21 11:20:47,371 - INFO - Engine Load Sensor is healthy
2026-03-21 11:20:52,374 - INFO - Temperature Sensor is healthy
2026-03-21 11:20:52,375 - INFO - Pressure Sensor is healthy
2026-03-21 11:20:52,375 - INFO - Vibration Sensor is healthy
2026-03-21 11:20:52,376 - ERROR - Fuel Flow Sensor FAILED - Fuel flow interrupted
2026-03-21 11:20:52,376 - INFO - Voltage Sensor is healthy
2026-03-21 11:20:52,378 - INFO - Speed Sensor is healthy
2026-03-21 11:20:52,378 - INFO - Brake Pressure Sensor is healthy
2026-03-21 11:20:52,379 - INFO - Humidity Sensor is healthy
2026-03-21 11:20:52,380 - INFO - Track Alignment Sensor is healthy
2026-03-21 11:20:52,381 - INFO - Engine Load Sensor is healthy
2026-03-21 11:20:57,382 - INFO - Temperature Sensor is healthy
2026-03-21 11:20:57,383 - INFO - Pressure Sensor is healthy
2026-03-21 11:20:57,384 - INFO - Vibration Sensor is healthy
2026-03-21 11:20:57,384 - ERROR - Fuel Flow Sensor FAILED - Fuel flow interrupted
2026-03-21 11:20:57,384 - INFO - Voltage Sensor is healthy
2026-03-21 11:20:57,385 - INFO - Speed Sensor is healthy
2026-03-21 11:20:57,385 - INFO - Brake Pressure Sensor is healthy
2026-03-21 11:20:57,386 - INFO - Humidity Sensor is healthy
2026-03-21 11:20:57,386 - INFO - Track Alignment Sensor is healthy
2026-03-21 11:20:57,387 - INFO - Engine Load Sensor is healthy
2026-03-21 11:21:02,388 - INFO - Temperature Sensor is healthy
2026-03-21 11:21:02,389 - INFO - Pressure Sensor is healthy
2026-03-21 11:21:02,389 - INFO - Vibration Sensor is healthy
2026-03-21 11:21:02,390 - ERROR - Fuel Flow Sensor FAILED - Fuel flow interrupted
2026-03-21 11:21:02,390 - INFO - Voltage Sensor is healthy
2026-03-21 11:21:02,390 - INFO - Speed Sensor is healthy
2026-03-21 11:21:02,391 - INFO - Brake Pressure Sensor is healthy
2026-03-21 11:21:02,391 - INFO - Humidity Sensor is healthy
2026-03-21 11:21:02,392 - INFO - Track Alignment Sensor is healthy
2026-03-21 11:21:02,392 - INFO - Engine Load Sensor is healthy
2026-03-21 11:21:07,393 - INFO - Temperature Sensor is healthy
2026-03-21 11:21:07,394 - INFO - Pressure Sensor is healthy
2026-03-21 11:21:07,394 - INFO - Vibration Sensor is healthy
2026-03-21 11:21:07,394 - ERROR - Fuel Flow Sensor FAILED - Fuel flow interrupted
2026-03-21 11:21:07,394 - INFO - Voltage Sensor is healthy
2026-03-21 11:21:07,395 - INFO - Speed Sensor is healthy
2026-03-21 11:21:07,395 - INFO - Brake Pressure Sensor is healthy
2026-03-21 11:21:07,395 - INFO - Humidity Sensor is healthy
2026-03-21 11:21:07,414 - INFO - Track Alignment Sensor is healthy
2026-03-21 11:21:07,414 - INFO - Engine Load Sensor is healthy
2026-03-21 11:21:12,415 - INFO - Temperature Sensor is healthy
2026-03-21 11:21:12,416 - INFO - Pressure Sensor is healthy
2026-03-21 11:21:12,417 - INFO - Vibration Sensor is healthy
2026-03-21 11:21:12,417 - ERROR - Fuel Flow Sensor FAILED - Fuel flow interrupted
2026-03-21 11:21:12,418 - INFO - Voltage Sensor is healthy
2026-03-21 11:21:12,418 - INFO - Speed Sensor is healthy
2026-03-21 11:21:12,419 - INFO - Brake Pressure Sensor is healthy
2026-03-21 11:21:12,419 - INFO - Humidity Sensor is healthy
2026-03-21 11:21:12,420 - INFO - Track Alignment Sensor is healthy
2026-03-21 11:21:12,420 - INFO - Engine Load Sensor is healthy
2026-03-21 11:21:17,422 - INFO - Temperature Sensor is healthy
2026-03-21 11:21:17,430 - INFO - Pressure Sensor is healthy
2026-03-21 11:21:17,431 - INFO - Vibration Sensor is healthy
2026-03-21 11:21:17,431 - ERROR - Fuel Flow Sensor FAILED - Fuel flow interrupted
2026-03-21 11:21:17,432 - INFO - Voltage Sensor is healthy
2026-03-21 11:21:17,432 - INFO - Speed Sensor is healthy
2026-03-21 11:21:17,434 - INFO - Brake Pressure Sensor is healthy
2026-03-21 11:21:17,435 - INFO - Humidity Sensor is healthy
2026-03-21 11:21:17,438 - INFO - Track Alignment Sensor is healthy
2026-03-21 11:21:17,440 - INFO - Engine Load Sensor is healthy
2026-03-21 11:21:22,441 - INFO - Temperature Sensor is healthy
2026-03-21 11:21:22,442 - INFO - Pressure Sensor is healthy
2026-03-21 11:21:22,442 - INFO - Vibration Sensor is healthy
2026-03-21 11:21:22,443 - ERROR - Fuel Flow Sensor FAILED - Fuel flow interrupted
2026-03-21 11:21:22,444 - INFO - Voltage Sensor is healthy
2026-03-21 11:21:22,444 - INFO - Speed Sensor is healthy
2026-03-21 11:21:22,445 - INFO - Brake Pressure Sensor is healthy
2026-03-21 11:21:22,446 - INFO - Humidity Sensor is healthy
2026-03-21 11:21:22,447 - INFO - Track Alignment Sensor is healthy
2026-03-21 11:21:22,448 - INFO - Engine Load Sensor is healthy
2026-03-21 11:21:27,449 - INFO - Temperature Sensor is healthy
2026-03-21 11:21:27,449 - INFO - Pressure Sensor is healthy
2026-03-21 11:21:27,450 - INFO - Vibration Sensor is healthy
2026-03-21 11:21:27,451 - ERROR - Fuel Flow Sensor FAILED - Fuel flow interrupted
2026-03-21 11:21:27,453 - INFO - Voltage Sensor is healthy
2026-03-21 11:21:27,454 - INFO - Speed Sensor is healthy
2026-03-21 11:21:27,455 - INFO - Brake Pressure Sensor is healthy
2026-03-21 11:21:27,455 - INFO - Humidity Sensor is healthy
2026-03-21 11:21:27,455 - INFO - Track Alignment Sensor is healthy
2026-03-21 11:21:27,456 - INFO - Engine Load Sensor is healthy
2026-03-21 11:21:32,457 - INFO - Temperature Sensor is healthy
2026-03-21 11:21:32,458 - INFO - Pressure Sensor is healthy
2026-03-21 11:21:32,458 - INFO - Vibration Sensor is healthy
2026-03-21 11:21:32,459 - ERROR - Fuel Flow Sensor FAILED - Fuel flow interrupted
2026-03-21 11:21:32,459 - INFO - Voltage Sensor is healthy
2026-03-21 11:21:32,459 - INFO - Speed Sensor is healthy
2026-03-21 11:21:32,460 - INFO - Brake Pressure Sensor is healthy
2026-03-21 11:21:32,460 - INFO - Humidity Sensor is healthy
2026-03-21 11:21:32,460 - INFO - Track Alignment Sensor is healthy
2026-03-21 11:21:32,460 - INFO - Engine Load Sensor is healthy
2026-03-21 11:21:37,462 - INFO - Temperature Sensor is healthy
2026-03-21 11:21:37,463 - INFO - Pressure Sensor is healthy
2026-03-21 11:21:37,463 - INFO - Vibration Sensor is healthy
2026-03-21 11:21:37,464 - ERROR - Fuel Flow Sensor FAILED - Fuel flow interrupted
2026-03-21 11:21:37,465 - INFO - Voltage Sensor is healthy
2026-03-21 11:21:37,465 - INFO - Speed Sensor is healthy
2026-03-21 11:21:37,466 - INFO - Brake Pressure Sensor is healthy
2026-03-21 11:21:37,467 - INFO - Humidity Sensor is healthy
2026-03-21 11:21:37,467 - INFO - Track Alignment Sensor is healthy
2026-03-21 11:21:37,468 - INFO - Engine Load Sensor is healthy
2026-03-21 11:21:42,470 - INFO - Temperature Sensor is healthy
2026-03-21 11:21:42,470 - INFO - Pressure Sensor is healthy
2026-03-21 11:21:42,470 - INFO - Vibration Sensor is healthy
2026-03-21 11:21:42,471 - ERROR - Fuel Flow Sensor FAILED - Fuel flow interrupted
2026-03-21 11:21:42,471 - INFO - Voltage Sensor is healthy
2026-03-21 11:21:42,472 - INFO - Speed Sensor is healthy
2026-03-21 11:21:42,473 - INFO - Brake Pressure Sensor is healthy
2026-03-21 11:21:42,473 - INFO - Humidity Sensor is healthy
2026-03-21 11:21:42,474 - INFO - Track Alignment Sensor is healthy
2026-03-21 11:21:42,474 - INFO - Engine Load Sensor is healthy
2026-03-21 11:21:47,475 - INFO - Temperature Sensor is healthy
2026-03-21 11:21:47,476 - INFO - Pressure Sensor is healthy
2026-03-21 11:21:47,476 - INFO - Vibration Sensor is healthy
2026-03-21 11:21:47,477 - ERROR - Fuel Flow Sensor FAILED - Fuel flow interrupted
2026-03-21 11:21:47,477 - INFO - Voltage Sensor is healthy
2026-03-21 11:21:47,478 - INFO - Speed Sensor is healthy
2026-03-21 11:21:47,478 - INFO - Brake Pressure Sensor is healthy
2026-03-21 11:21:47,478 - INFO - Humidity Sensor is healthy
2026-03-21 11:21:47,479 - INFO - Track Alignment Sensor is healthy
2026-03-21 11:21:47,479 - INFO - Engine Load Sensor is healthy
2026-03-21 11:21:52,480 - INFO - Temperature Sensor is healthy
2026-03-21 11:21:52,481 - INFO - Pressure Sensor is healthy
2026-03-21 11:21:52,481 - INFO - Vibration Sensor is healthy
2026-03-21 11:21:52,482 - ERROR - Fuel Flow Sensor FAILED - Fuel flow interrupted
2026-03-21 11:21:52,483 - INFO - Voltage Sensor is healthy
2026-03-21 11:21:52,483 - INFO - Speed Sensor is healthy
2026-03-21 11:21:52,484 - INFO - Brake Pressure Sensor is healthy
2026-03-21 11:21:52,484 - INFO - Humidity Sensor is healthy
2026-03-21 11:21:52,485 - INFO - Track Alignment Sensor is healthy
2026-03-21 11:21:52,485 - INFO - Engine Load Sensor is healthy
2026-03-21 11:21:57,486 - INFO - Temperature Sensor is healthy
2026-03-21 11:21:57,487 - INFO - Pressure Sensor is healthy
2026-03-21 11:21:57,487 - INFO - Vibration Sensor is healthy
2026-03-21 11:21:57,488 - ERROR - Fuel Flow Sensor FAILED - Fuel flow interrupted
2026-03-21 11:21:57,488 - INFO - Voltage Sensor is healthy
2026-03-21 11:21:57,488 - INFO - Speed Sensor is healthy
2026-03-21 11:21:57,489 - INFO - Brake Pressure Sensor is healthy
2026-03-21 11:21:57,489 - INFO - Humidity Sensor is healthy
2026-03-21 11:21:57,489 - INFO - Track Alignment Sensor is healthy
2026-03-21 11:21:57,490 - INFO - Engine Load Sensor is healthy
2026-03-21 11:22:02,490 - INFO - Temperature Sensor is healthy
2026-03-21 11:22:02,491 - INFO - Pressure Sensor is healthy
2026-03-21 11:22:02,491 - INFO - Vibration Sensor is healthy
2026-03-21 11:22:02,492 - ERROR - Fuel Flow Sensor FAILED - Fuel flow interrupted
2026-03-21 11:22:02,492 - INFO - Voltage Sensor is healthy
2026-03-21 11:22:02,492 - INFO - Speed Sensor is healthy
2026-03-21 11:22:02,493 - INFO - Brake Pressure Sensor is healthy
2026-03-21 11:22:02,493 - INFO - Humidity Sensor is healthy
2026-03-21 11:22:02,493 - INFO - Track Alignment Sensor is healthy
2026-03-21 11:22:02,493 - INFO - Engine Load Sensor is healthy
2026-03-21 11:22:07,494 - INFO - Temperature Sensor is healthy
2026-03-21 11:22:07,495 - INFO - Pressure Sensor is healthy
2026-03-21 11:22:07,495 - INFO - Vibration Sensor is healthy
2026-03-21 11:22:07,496 - ERROR - Fuel Flow Sensor FAILED - Fuel flow interrupted
2026-03-21 11:22:07,496 - INFO - Voltage Sensor is healthy
2026-03-21 11:22:07,497 - INFO - Speed Sensor is healthy
2026-03-21 11:22:07,498 - INFO - Brake Pressure Sensor is healthy
2026-03-21 11:22:07,498 - INFO - Humidity Sensor is healthy
2026-03-21 11:22:07,498 - INFO - Track Alignment Sensor is healthy
2026-03-21 11:22:07,499 - INFO - Engine Load Sensor is healthy
2026-03-21 11:22:12,499 - INFO - Temperature Sensor is healthy
2026-03-21 11:22:12,500 - INFO - Pressure Sensor is healthy
2026-03-21 11:22:12,501 - INFO - Vibration Sensor is healthy
2026-03-21 11:22:12,501 - ERROR - Fuel Flow Sensor FAILED - Fuel flow interrupted
2026-03-21 11:22:12,502 - INFO - Voltage Sensor is healthy
2026-03-21 11:22:12,502 - INFO - Speed Sensor is healthy
2026-03-21 11:22:12,502 - INFO - Brake Pressure Sensor is healthy
2026-03-21 11:22:12,503 - INFO - Humidity Sensor is healthy
2026-03-21 11:22:12,503 - INFO - Track Alignment Sensor is healthy
2026-03-21 11:22:12,504 - INFO - Engine Load Sensor is healthy
2026-03-21 11:22:17,505 - INFO - Temperature Sensor is healthy
2026-03-21 11:22:17,505 - INFO - Pressure Sensor is healthy
2026-03-21 11:22:17,506 - INFO - Vibration Sensor is healthy
2026-03-21 11:22:17,506 - ERROR - Fuel Flow Sensor FAILED - Fuel flow interrupted
2026-03-21 11:22:17,507 - INFO - Voltage Sensor is healthy
2026-03-21 11:22:17,507 - INFO - Speed Sensor is healthy
2026-03-21 11:22:17,507 - INFO - Brake Pressure Sensor is healthy
2026-03-21 11:22:17,508 - INFO - Humidity Sensor is healthy
2026-03-21 11:22:17,508 - INFO - Track Alignment Sensor is healthy
2026-03-21 11:22:17,509 - INFO - Engine Load Sensor is healthy
2026-03-21 11:22:22,509 - INFO - Temperature Sensor is healthy
2026-03-21 11:22:22,510 - INFO - Pressure Sensor is healthy
2026-03-21 11:22:22,511 - INFO - Vibration Sensor is healthy
2026-03-21 11:22:22,512 - ERROR - Fuel Flow Sensor FAILED - Fuel flow interrupted
2026-03-21 11:22:22,512 - INFO - Voltage Sensor is healthy
2026-03-21 11:22:22,513 - INFO - Speed Sensor is healthy
2026-03-21 11:22:22,513 - INFO - Brake Pressure Sensor is healthy
2026-03-21 11:22:22,514 - INFO - Humidity Sensor is healthy
2026-03-21 11:22:22,514 - INFO - Track Alignment Sensor is healthy
2026-03-21 11:22:22,514 - INFO - Engine Load Sensor is healthy
2026-03-21 11:22:27,516 - INFO - Temperature Sensor is healthy
2026-03-21 11:22:27,516 - INFO - Pressure Sensor is healthy
2026-03-21 11:22:27,517 - INFO - Vibration Sensor is healthy
2026-03-21 11:22:27,517 - ERROR - Fuel Flow Sensor FAILED - Fuel flow interrupted
2026-03-21 11:22:27,517 - INFO - Voltage Sensor is healthy
2026-03-21 11:22:27,518 - INFO - Speed Sensor is healthy
2026-03-21 11:22:27,518 - INFO - Brake Pressure Sensor is healthy
2026-03-21 11:22:27,518 - INFO - Humidity Sensor is healthy
2026-03-21 11:22:27,519 - INFO - Track Alignment Sensor is healthy
2026-03-21 11:22:27,519 - INFO - Engine Load Sensor is healthy
2026-03-21 11:22:32,519 - INFO - Temperature Sensor is healthy
2026-03-21 11:22:32,520 - INFO - Pressure Sensor is healthy
2026-03-21 11:22:32,521 - INFO - Vibration Sensor is healthy
2026-03-21 11:22:32,522 - ERROR - Fuel Flow Sensor FAILED - Fuel flow interrupted
2026-03-21 11:22:32,522 - INFO - Voltage Sensor is healthy
2026-03-21 11:22:32,523 - INFO - Speed Sensor is healthy
2026-03-21 11:22:32,523 - INFO - Brake Pressure Sensor is healthy
2026-03-21 11:22:32,524 - INFO - Humidity Sensor is healthy
2026-03-21 11:22:32,524 - INFO - Track Alignment Sensor is healthy
2026-03-21 11:22:32,524 - INFO - Engine Load Sensor is healthy
2026-03-21 11:22:37,525 - INFO - Temperature Sensor is healthy
2026-03-21 11:22:37,526 - INFO - Pressure Sensor is healthy
2026-03-21 11:22:37,526 - INFO - Vibration Sensor is healthy
2026-03-21 11:22:37,526 - ERROR - Fuel Flow Sensor FAILED - Fuel flow interrupted
2026-03-21 11:22:37,527 - INFO - Voltage Sensor is healthy
2026-03-21 11:22:37,527 - INFO - Speed Sensor is healthy
2026-03-21 11:22:37,527 - INFO - Brake Pressure Sensor is healthy
2026-03-21 11:22:37,528 - INFO - Humidity Sensor is healthy
2026-03-21 11:22:37,528 - INFO - Track Alignment Sensor is healthy
2026-03-21 11:22:37,528 - INFO - Engine Load Sensor is healthy
2026-03-21 11:22:42,529 - INFO - Temperature Sensor is healthy
2026-03-21 11:22:42,531 - INFO - Pressure Sensor is healthy
2026-03-21 11:22:42,534 - INFO - Vibration Sensor is healthy
2026-03-21 11:22:42,535 - ERROR - Fuel Flow Sensor FAILED - Fuel flow interrupted
2026-03-21 11:22:42,536 - INFO - Voltage Sensor is healthy
2026-03-21 11:22:42,537 - INFO - Speed Sensor is healthy
2026-03-21 11:22:42,538 - INFO - Brake Pressure Sensor is healthy
2026-03-21 11:22:42,538 - INFO - Humidity Sensor is healthy
2026-03-21 11:22:42,539 - INFO - Track Alignment Sensor is healthy
2026-03-21 11:22:42,540 - INFO - Engine Load Sensor is healthy
2026-03-21 11:22:47,541 - INFO - Temperature Sensor is healthy
2026-03-21 11:22:47,541 - INFO - Pressure Sensor is healthy
2026-03-21 11:22:47,542 - INFO - Vibration Sensor is healthy
2026-03-21 11:22:47,542 - ERROR - Fuel Flow Sensor FAILED - Fuel flow interrupted
2026-03-21 11:22:47,543 - INFO - Voltage Sensor is healthy
2026-03-21 11:22:47,543 - INFO - Speed Sensor is healthy
2026-03-21 11:22:47,544 - INFO - Brake Pressure Sensor is healthy
2026-03-21 11:22:47,544 - INFO - Humidity Sensor is healthy
2026-03-21 11:22:47,545 - INFO - Track Alignment Sensor is healthy
2026-03-21 11:22:47,545 - INFO - Engine Load Sensor is healthy
2026-03-21 11:22:52,546 - INFO - Temperature Sensor is healthy
2026-03-21 11:22:52,547 - INFO - Pressure Sensor is healthy
2026-03-21 11:22:52,547 - INFO - Vibration Sensor is healthy
2026-03-21 11:22:52,548 - ERROR - Fuel Flow Sensor FAILED - Fuel flow interrupted
2026-03-21 11:22:52,548 - INFO - Voltage Sensor is healthy
2026-03-21 11:22:52,548 - INFO - Speed Sensor is healthy
2026-03-21 11:22:52,549 - INFO - Brake Pressure Sensor is healthy
2026-03-21 11:22:52,549 - INFO - Humidity Sensor is healthy
2026-03-21 11:22:52,549 - INFO - Track Alignment Sensor is healthy
2026-03-21 11:22:52,550 - INFO - Engine Load Sensor is healthy
2026-03-21 11:22:57,552 - INFO - Temperature Sensor is healthy
2026-03-21 11:22:57,553 - INFO - Pressure Sensor is healthy
2026-03-21 11:22:57,553 - INFO - Vibration Sensor is healthy
2026-03-21 11:22:57,554 - ERROR - Fuel Flow Sensor FAILED - Fuel flow interrupted
2026-03-21 11:22:57,556 - INFO - Voltage Sensor is healthy
2026-03-21 11:22:57,556 - INFO - Speed Sensor is healthy
2026-03-21 11:22:57,557 - INFO - Brake Pressure Sensor is healthy
2026-03-21 11:22:57,558 - INFO - Humidity Sensor is healthy
2026-03-21 11:22:57,558 - INFO - Track Alignment Sensor is healthy
2026-03-21 11:22:57,559 - INFO - Engine Load Sensor is healthy
2026-03-21 11:23:02,560 - INFO - Temperature Sensor is healthy
2026-03-21 11:23:02,560 - INFO - Pressure Sensor is healthy
2026-03-21 11:23:02,561 - INFO - Vibration Sensor is healthy
2026-03-21 11:23:02,561 - ERROR - Fuel Flow Sensor FAILED - Fuel flow interrupted
2026-03-21 11:23:02,562 - INFO - Voltage Sensor is healthy
2026-03-21 11:23:02,562 - INFO - Speed Sensor is healthy
2026-03-21 11:23:02,562 - INFO - Brake Pressure Sensor is healthy
2026-03-21 11:23:02,562 - INFO - Humidity Sensor is healthy
2026-03-21 11:23:02,563 - INFO - Track Alignment Sensor is healthy
2026-03-21 11:23:02,563 - INFO - Engine Load Sensor is healthy
2026-03-21 11:23:07,564 - INFO - Temperature Sensor is healthy
2026-03-21 11:23:07,565 - INFO - Pressure Sensor is healthy
2026-03-21 11:23:07,566 - INFO - Vibration Sensor is healthy
2026-03-21 11:23:07,566 - ERROR - Fuel Flow Sensor FAILED - Fuel flow interrupted
2026-03-21 11:23:07,567 - INFO - Voltage Sensor is healthy
2026-03-21 11:23:07,567 - INFO - Speed Sensor is healthy
2026-03-21 11:23:07,568 - INFO - Brake Pressure Sensor is healthy
2026-03-21 11:23:07,568 - INFO - Humidity Sensor is healthy
2026-03-21 11:23:07,569 - INFO - Track Alignment Sensor is healthy
2026-03-21 11:23:07,569 - INFO - Engine Load Sensor is healthy
2026-03-21 11:23:12,570 - INFO - Temperature Sensor is healthy
2026-03-21 11:23:12,571 - INFO - Pressure Sensor is healthy
2026-03-21 11:23:12,571 - INFO - Vibration Sensor is healthy
2026-03-21 11:23:12,572 - ERROR - Fuel Flow Sensor FAILED - Fuel flow interrupted
2026-03-21 11:23:12,572 - INFO - Voltage Sensor is healthy
2026-03-21 11:23:12,572 - INFO - Speed Sensor is healthy
2026-03-21 11:23:12,573 - INFO - Brake Pressure Sensor is healthy
2026-03-21 11:23:12,573 - INFO - Humidity Sensor is healthy
2026-03-21 11:23:12,573 - INFO - Track Alignment Sensor is healthy
2026-03-21 11:23:12,574 - INFO - Engine Load Sensor is healthy
2026-03-21 11:23:17,574 - INFO - Temperature Sensor is healthy
2026-03-21 11:23:17,575 - INFO - Pressure Sensor is healthy
2026-03-21 11:23:17,576 - INFO - Vibration Sensor is healthy
2026-03-21 11:23:17,576 - ERROR - Fuel Flow Sensor FAILED - Fuel flow interrupted
2026-03-21 11:23:17,577 - INFO - Voltage Sensor is healthy
2026-03-21 11:23:17,577 - INFO - Speed Sensor is healthy
2026-03-21 11:23:17,578 - INFO - Brake Pressure Sensor is healthy
2026-03-21 11:23:17,579 - INFO - Humidity Sensor is healthy
2026-03-21 11:23:17,580 - INFO - Track Alignment Sensor is healthy
2026-03-21 11:23:17,580 - INFO - Engine Load Sensor is healthy
2026-03-21 11:23:22,581 - INFO - Temperature Sensor is healthy
2026-03-21 11:23:22,583 - INFO - Pressure Sensor is healthy
2026-03-21 11:23:22,584 - INFO - Vibration Sensor is healthy
2026-03-21 11:23:22,585 - ERROR - Fuel Flow Sensor FAILED - Fuel flow interrupted
2026-03-21 11:23:22,586 - INFO - Voltage Sensor is healthy
2026-03-21 11:23:22,588 - INFO - Speed Sensor is healthy
2026-03-21 11:23:22,590 - INFO - Brake Pressure Sensor is healthy
2026-03-21 11:23:22,590 - INFO - Humidity Sensor is healthy
2026-03-21 11:23:22,591 - INFO - Track Alignment Sensor is healthy
2026-03-21 11:23:22,592 - INFO - Engine Load Sensor is healthy
2026-03-21 11:23:27,593 - INFO - Temperature Sensor is healthy
2026-03-21 11:23:27,594 - INFO - Pressure Sensor is healthy
2026-03-21 11:23:27,594 - INFO - Vibration Sensor is healthy
2026-03-21 11:23:27,595 - ERROR - Fuel Flow Sensor FAILED - Fuel flow interrupted
2026-03-21 11:23:27,595 - INFO - Voltage Sensor is healthy
2026-03-21 11:23:27,596 - INFO - Speed Sensor is healthy
2026-03-21 11:23:27,596 - INFO - Brake Pressure Sensor is healthy
2026-03-21 11:23:27,596 - INFO - Humidity Sensor is healthy
2026-03-21 11:23:27,596 - INFO - Track Alignment Sensor is healthy
2026-03-21 11:23:27,597 - INFO - Engine Load Sensor is healthy
2026-03-21 11:23:32,597 - INFO - Temperature Sensor is healthy
2026-03-21 11:23:32,598 - INFO - Pressure Sensor is healthy
2026-03-21 11:23:32,598 - INFO - Vibration Sensor is healthy
2026-03-21 11:23:32,599 - ERROR - Fuel Flow Sensor FAILED - Fuel flow interrupted
2026-03-21 11:23:32,599 - INFO - Voltage Sensor is healthy
2026-03-21 11:23:32,600 - INFO - Speed Sensor is healthy
2026-03-21 11:23:32,600 - INFO - Brake Pressure Sensor is healthy
2026-03-21 11:23:32,600 - INFO - Humidity Sensor is healthy
2026-03-21 11:23:32,601 - INFO - Track Alignment Sensor is healthy
2026-03-21 11:23:32,601 - INFO - Engine Load Sensor is healthy
2026-03-21 11:23:37,602 - INFO - Temperature Sensor is healthy
2026-03-21 11:23:37,603 - INFO - Pressure Sensor is healthy
2026-03-21 11:23:37,603 - INFO - Vibration Sensor is healthy
2026-03-21 11:23:37,603 - ERROR - Fuel Flow Sensor FAILED - Fuel flow interrupted
2026-03-21 11:23:37,604 - INFO - Voltage Sensor is healthy
2026-03-21 11:23:37,604 - INFO - Speed Sensor is healthy
2026-03-21 11:23:37,605 - INFO - Brake Pressure Sensor is healthy
2026-03-21 11:23:37,605 - INFO - Humidity Sensor is healthy
2026-03-21 11:23:37,606 - INFO - Track Alignment Sensor is healthy
2026-03-21 11:23:37,606 - INFO - Engine Load Sensor is healthy
2026-03-21 11:23:42,607 - INFO - Temperature Sensor is healthy
2026-03-21 11:23:42,610 - INFO - Pressure Sensor is healthy
2026-03-21 11:23:42,617 - INFO - Vibration Sensor is healthy
2026-03-21 11:23:42,642 - ERROR - Fuel Flow Sensor FAILED - Fuel flow interrupted
2026-03-21 11:23:42,643 - INFO - Voltage Sensor is healthy
2026-03-21 11:23:42,646 - INFO - Speed Sensor is healthy
2026-03-21 11:23:42,647 - INFO - Brake Pressure Sensor is healthy
2026-03-21 11:23:42,647 - INFO - Humidity Sensor is healthy
2026-03-21 11:23:42,649 - INFO - Track Alignment Sensor is healthy
2026-03-21 11:23:42,649 - INFO - Engine Load Sensor is healthy
2026-03-21 11:23:47,655 - INFO - Temperature Sensor is healthy
2026-03-21 11:23:47,656 - INFO - Pressure Sensor is healthy
2026-03-21 11:23:47,656 - INFO - Vibration Sensor is healthy
2026-03-21 11:23:47,657 - ERROR - Fuel Flow Sensor FAILED - Fuel flow interrupted
2026-03-21 11:23:47,657 - INFO - Voltage Sensor is healthy
2026-03-21 11:23:47,657 - INFO - Speed Sensor is healthy
2026-03-21 11:23:47,658 - INFO - Brake Pressure Sensor is healthy
2026-03-21 11:23:47,658 - INFO - Humidity Sensor is healthy
2026-03-21 11:23:47,659 - INFO - Track Alignment Sensor is healthy
2026-03-21 11:23:47,659 - INFO - Engine Load Sensor is healthy
2026-03-21 11:23:52,660 - INFO - Temperature Sensor is healthy
2026-03-21 11:23:52,661 - INFO - Pressure Sensor is healthy
2026-03-21 11:23:52,662 - INFO - Vibration Sensor is healthy
2026-03-21 11:23:52,662 - ERROR - Fuel Flow Sensor FAILED - Fuel flow interrupted
2026-03-21 11:23:52,663 - INFO - Voltage Sensor is healthy
2026-03-21 11:23:52,664 - INFO - Speed Sensor is healthy
2026-03-21 11:23:52,664 - INFO - Brake Pressure Sensor is healthy
2026-03-21 11:23:52,664 - INFO - Humidity Sensor is healthy
2026-03-21 11:23:52,665 - INFO - Track Alignment Sensor is healthy
2026-03-21 11:23:52,665 - INFO - Engine Load Sensor is healthy
2026-03-21 11:23:57,667 - INFO - Temperature Sensor is healthy
2026-03-21 11:23:57,667 - INFO - Pressure Sensor is healthy
2026-03-21 11:23:57,668 - INFO - Vibration Sensor is healthy
2026-03-21 11:23:57,668 - ERROR - Fuel Flow Sensor FAILED - Fuel flow interrupted
2026-03-21 11:23:57,669 - INFO - Voltage Sensor is healthy
2026-03-21 11:23:57,669 - INFO - Speed Sensor is healthy
2026-03-21 11:23:57,670 - INFO - Brake Pressure Sensor is healthy
2026-03-21 11:23:57,670 - INFO - Humidity Sensor is healthy
2026-03-21 11:23:57,670 - INFO - Track Alignment Sensor is healthy
2026-03-21 11:23:57,671 - INFO - Engine Load Sensor is healthy
2026-03-21 11:24:02,672 - INFO - Temperature Sensor is healthy
2026-03-21 11:24:02,672 - INFO - Pressure Sensor is healthy
2026-03-21 11:24:02,675 - INFO - Vibration Sensor is healthy
2026-03-21 11:24:02,675 - ERROR - Fuel Flow Sensor FAILED - Fuel flow interrupted
2026-03-21 11:24:02,676 - INFO - Voltage Sensor is healthy
2026-03-21 11:24:02,676 - INFO - Speed Sensor is healthy
2026-03-21 11:24:02,676 - INFO - Brake Pressure Sensor is healthy
2026-03-21 11:24:02,677 - INFO - Humidity Sensor is healthy
2026-03-21 11:24:02,677 - INFO - Track Alignment Sensor is healthy
2026-03-21 11:24:02,678 - INFO - Engine Load Sensor is healthy
2026-03-21 11:24:07,678 - INFO - Temperature Sensor is healthy
2026-03-21 11:24:07,679 - INFO - Pressure Sensor is healthy
2026-03-21 11:24:07,679 - INFO - Vibration Sensor is healthy
2026-03-21 11:24:07,680 - ERROR - Fuel Flow Sensor FAILED - Fuel flow interrupted
2026-03-21 11:24:07,680 - INFO - Voltage Sensor is healthy
2026-03-21 11:24:07,681 - INFO - Speed Sensor is healthy
2026-03-21 11:24:07,681 - INFO - Brake Pressure Sensor is healthy
2026-03-21 11:24:07,681 - INFO - Humidity Sensor is healthy
2026-03-21 11:24:07,682 - INFO - Track Alignment Sensor is healthy
2026-03-21 11:24:07,682 - INFO - Engine Load Sensor is healthy
2026-03-21 11:24:12,683 - INFO - Temperature Sensor is healthy
2026-03-21 11:24:12,684 - INFO - Pressure Sensor is healthy
2026-03-21 11:24:12,685 - INFO - Vibration Sensor is healthy
2026-03-21 11:24:12,685 - ERROR - Fuel Flow Sensor FAILED - Fuel flow interrupted
2026-03-21 11:24:12,686 - INFO - Voltage Sensor is healthy
2026-03-21 11:24:12,686 - INFO - Speed Sensor is healthy
2026-03-21 11:24:12,687 - INFO - Brake Pressure Sensor is healthy
2026-03-21 11:24:12,687 - INFO - Humidity Sensor is healthy
2026-03-21 11:24:12,687 - INFO - Track Alignment Sensor is healthy
2026-03-21 11:24:12,688 - INFO - Engine Load Sensor is healthy
2026-03-21 11:24:17,689 - INFO - Temperature Sensor is healthy
2026-03-21 11:24:17,689 - INFO - Pressure Sensor is healthy
2026-03-21 11:24:17,690 - INFO - Vibration Sensor is healthy
2026-03-21 11:24:17,690 - ERROR - Fuel Flow Sensor FAILED - Fuel flow interrupted
2026-03-21 11:24:17,691 - INFO - Voltage Sensor is healthy
2026-03-21 11:24:17,691 - INFO - Speed Sensor is healthy
2026-03-21 11:24:17,691 - INFO - Brake Pressure Sensor is healthy
2026-03-21 11:24:17,692 - INFO - Humidity Sensor is healthy
2026-03-21 11:24:17,692 - INFO - Track Alignment Sensor is healthy
2026-03-21 11:24:17,692 - INFO - Engine Load Sensor is healthy
2026-03-21 11:24:22,693 - INFO - Temperature Sensor is healthy
2026-03-21 11:24:22,694 - INFO - Pressure Sensor is healthy
2026-03-21 11:24:22,695 - INFO - Vibration Sensor is healthy
2026-03-21 11:24:22,695 - ERROR - Fuel Flow Sensor FAILED - Fuel flow interrupted
2026-03-21 11:24:22,695 - INFO - Voltage Sensor is healthy
2026-03-21 11:24:22,696 - INFO - Speed Sensor is healthy
2026-03-21 11:24:22,696 - INFO - Brake Pressure Sensor is healthy
2026-03-21 11:24:22,697 - INFO - Humidity Sensor is healthy
2026-03-21 11:24:22,697 - INFO - Track Alignment Sensor is healthy
2026-03-21 11:24:22,698 - INFO - Engine Load Sensor is healthy
2026-03-21 11:24:27,699 - INFO - Temperature Sensor is healthy
2026-03-21 11:24:27,700 - INFO - Pressure Sensor is healthy
2026-03-21 11:24:27,700 - INFO - Vibration Sensor is healthy
2026-03-21 11:24:27,701 - ERROR - Fuel Flow Sensor FAILED - Fuel flow interrupted
2026-03-21 11:24:27,701 - INFO - Voltage Sensor is healthy
2026-03-21 11:24:27,701 - INFO - Speed Sensor is healthy
2026-03-21 11:24:27,702 - INFO - Brake Pressure Sensor is healthy
2026-03-21 11:24:27,702 - INFO - Humidity Sensor is healthy
2026-03-21 11:24:27,702 - INFO - Track Alignment Sensor is healthy
2026-03-21 11:24:27,702 - INFO - Engine Load Sensor is healthy
2026-03-21 11:24:32,703 - INFO - Temperature Sensor is healthy
2026-03-21 11:24:32,704 - INFO - Pressure Sensor is healthy
2026-03-21 11:24:32,705 - INFO - Vibration Sensor is healthy
2026-03-21 11:24:32,706 - ERROR - Fuel Flow Sensor FAILED - Fuel flow interrupted
2026-03-21 11:24:32,707 - INFO - Voltage Sensor is healthy
2026-03-21 11:24:32,707 - INFO - Speed Sensor is healthy
2026-03-21 11:24:32,708 - INFO - Brake Pressure Sensor is healthy
2026-03-21 11:24:32,708 - INFO - Humidity Sensor is healthy
2026-03-21 11:24:32,709 - INFO - Track Alignment Sensor is healthy
2026-03-21 11:24:32,710 - INFO - Engine Load Sensor is healthy
2026-03-21 11:24:37,711 - INFO - Temperature Sensor is healthy
2026-03-21 11:24:37,711 - INFO - Pressure Sensor is healthy
2026-03-21 11:24:37,712 - INFO - Vibration Sensor is healthy
2026-03-21 11:24:37,712 - ERROR - Fuel Flow Sensor FAILED - Fuel flow interrupted
2026-03-21 11:24:37,713 - INFO - Voltage Sensor is healthy
2026-03-21 11:24:37,713 - INFO - Speed Sensor is healthy
2026-03-21 11:24:37,714 - INFO - Brake Pressure Sensor is healthy
2026-03-21 11:24:37,714 - INFO - Humidity Sensor is healthy
2026-03-21 11:24:37,715 - INFO - Track Alignment Sensor is healthy
2026-03-21 11:24:37,715 - INFO - Engine Load Sensor is healthy
2026-03-21 11:24:42,716 - INFO - Temperature Sensor is healthy
2026-03-21 11:24:42,717 - INFO - Pressure Sensor is healthy
2026-03-21 11:24:42,717 - INFO - Vibration Sensor is healthy
2026-03-21 11:24:42,718 - ERROR - Fuel Flow Sensor FAILED - Fuel flow interrupted
2026-03-21 11:24:42,718 - INFO - Voltage Sensor is healthy
2026-03-21 11:24:42,721 - INFO - Speed Sensor is healthy
2026-03-21 11:24:42,722 - INFO - Brake Pressure Sensor is healthy
2026-03-21 11:24:42,723 - INFO - Humidity Sensor is healthy
2026-03-21 11:24:42,723 - INFO - Track Alignment Sensor is healthy
2026-03-21 11:24:42,728 - INFO - Engine Load Sensor is healthy
2026-03-21 11:24:47,730 - INFO - Temperature Sensor is healthy
2026-03-21 11:24:47,731 - INFO - Pressure Sensor is healthy
2026-03-21 11:24:47,732 - INFO - Vibration Sensor is healthy
2026-03-21 11:24:47,732 - ERROR - Fuel Flow Sensor FAILED - Fuel flow interrupted
2026-03-21 11:24:47,732 - INFO - Voltage Sensor is healthy
2026-03-21 11:24:47,733 - INFO - Speed Sensor is healthy
2026-03-21 11:24:47,733 - INFO - Brake Pressure Sensor is healthy
2026-03-21 11:24:47,734 - INFO - Humidity Sensor is healthy
2026-03-21 11:24:47,735 - INFO - Track Alignment Sensor is healthy
2026-03-21 11:24:47,736 - INFO - Engine Load Sensor is healthy
2026-03-21 11:24:52,737 - INFO - Temperature Sensor is healthy
2026-03-21 11:24:52,738 - INFO - Pressure Sensor is healthy
2026-03-21 11:24:52,738 - INFO - Vibration Sensor is healthy
2026-03-21 11:24:52,739 - ERROR - Fuel Flow Sensor FAILED - Fuel flow interrupted
2026-03-21 11:24:52,740 - INFO - Voltage Sensor is healthy
2026-03-21 11:24:52,740 - INFO - Speed Sensor is healthy
2026-03-21 11:24:52,741 - INFO - Brake Pressure Sensor is healthy
2026-03-21 11:24:52,741 - INFO - Humidity Sensor is healthy
2026-03-21 11:24:52,742 - INFO - Track Alignment Sensor is healthy
2026-03-21 11:24:52,742 - INFO - Engine Load Sensor is healthy
2026-03-21 11:24:57,743 - INFO - Temperature Sensor is healthy
2026-03-21 11:24:57,744 - INFO - Pressure Sensor is healthy
2026-03-21 11:24:57,745 - INFO - Vibration Sensor is healthy
2026-03-21 11:24:57,745 - ERROR - Fuel Flow Sensor FAILED - Fuel flow interrupted
2026-03-21 11:24:57,746 - INFO - Voltage Sensor is healthy
2026-03-21 11:24:57,746 - INFO - Speed Sensor is healthy
2026-03-21 11:24:57,747 - INFO - Brake Pressure Sensor is healthy
2026-03-21 11:24:57,747 - INFO - Humidity Sensor is healthy
2026-03-21 11:24:57,748 - INFO - Track Alignment Sensor is healthy
2026-03-21 11:24:57,749 - INFO - Engine Load Sensor is healthy
2026-03-21 11:25:02,755 - INFO - Temperature Sensor is healthy
2026-03-21 11:25:02,756 - INFO - Pressure Sensor is healthy
2026-03-21 11:25:02,756 - INFO - Vibration Sensor is healthy
2026-03-21 11:25:02,757 - ERROR - Fuel Flow Sensor FAILED - Fuel flow interrupted
2026-03-21 11:25:02,757 - INFO - Voltage Sensor is healthy
2026-03-21 11:25:02,758 - INFO - Speed Sensor is healthy
2026-03-21 11:25:02,758 - INFO - Brake Pressure Sensor is healthy
2026-03-21 11:25:02,759 - INFO - Humidity Sensor is healthy
2026-03-21 11:25:02,760 - INFO - Track Alignment Sensor is healthy
2026-03-21 11:25:02,761 - INFO - Engine Load Sensor is healthy
2026-03-21 11:25:07,763 - INFO - Temperature Sensor is healthy
2026-03-21 11:25:07,764 - INFO - Pressure Sensor is healthy
2026-03-21 11:25:07,764 - INFO - Vibration Sensor is healthy
2026-03-21 11:25:07,765 - ERROR - Fuel Flow Sensor FAILED - Fuel flow interrupted
2026-03-21 11:25:07,765 - INFO - Voltage Sensor is healthy
2026-03-21 11:25:07,766 - INFO - Speed Sensor is healthy
2026-03-21 11:25:07,767 - INFO - Brake Pressure Sensor is healthy
2026-03-21 11:25:07,767 - INFO - Humidity Sensor is healthy
2026-03-21 11:25:07,768 - INFO - Track Alignment Sensor is healthy
2026-03-21 11:25:07,768 - INFO - Engine Load Sensor is healthy
2026-03-21 11:25:12,769 - INFO - Temperature Sensor is healthy
2026-03-21 11:25:12,769 - INFO - Pressure Sensor is healthy
2026-03-21 11:25:12,770 - INFO - Vibration Sensor is healthy
2026-03-21 11:25:12,771 - ERROR - Fuel Flow Sensor FAILED - Fuel flow interrupted
2026-03-21 11:25:12,772 - INFO - Voltage Sensor is healthy
2026-03-21 11:25:12,773 - INFO - Speed Sensor is healthy
2026-03-21 11:25:12,773 - INFO - Brake Pressure Sensor is healthy
2026-03-21 11:25:12,774 - INFO - Humidity Sensor is healthy
2026-03-21 11:25:12,774 - INFO - Track Alignment Sensor is healthy
2026-03-21 11:25:12,776 - INFO - Engine Load Sensor is healthy
2026-03-21 11:25:17,785 - INFO - Temperature Sensor is healthy
2026-03-21 11:25:17,786 - INFO - Pressure Sensor is healthy
2026-03-21 11:25:17,786 - INFO - Vibration Sensor is healthy
2026-03-21 11:25:17,786 - ERROR - Fuel Flow Sensor FAILED - Fuel flow interrupted
2026-03-21 11:25:17,787 - INFO - Voltage Sensor is healthy
2026-03-21 11:25:17,787 - INFO - Speed Sensor is healthy
2026-03-21 11:25:17,787 - INFO - Brake Pressure Sensor is healthy
2026-03-21 11:25:17,788 - INFO - Humidity Sensor is healthy
2026-03-21 11:25:17,788 - INFO - Track Alignment Sensor is healthy
2026-03-21 11:25:17,788 - INFO - Engine Load Sensor is healthy
2026-03-21 11:25:22,790 - INFO - Temperature Sensor is healthy
2026-03-21 11:25:22,790 - INFO - Pressure Sensor is healthy
2026-03-21 11:25:22,791 - INFO - Vibration Sensor is healthy
2026-03-21 11:25:22,791 - ERROR - Fuel Flow Sensor FAILED - Fuel flow interrupted
2026-03-21 11:25:22,792 - INFO - Voltage Sensor is healthy
2026-03-21 11:25:22,792 - INFO - Speed Sensor is healthy
2026-03-21 11:25:22,793 - INFO - Brake Pressure Sensor is healthy
2026-03-21 11:25:22,793 - INFO - Humidity Sensor is healthy
2026-03-21 11:25:22,793 - INFO - Track Alignment Sensor is healthy
2026-03-21 11:25:22,794 - INFO - Engine Load Sensor is healthy
2026-03-21 11:25:27,795 - INFO - Temperature Sensor is healthy
2026-03-21 11:25:27,795 - INFO - Pressure Sensor is healthy
2026-03-21 11:25:27,796 - INFO - Vibration Sensor is healthy
2026-03-21 11:25:27,796 - ERROR - Fuel Flow Sensor FAILED - Fuel flow interrupted
2026-03-21 11:25:27,796 - INFO - Voltage Sensor is healthy
2026-03-21 11:25:27,796 - INFO - Speed Sensor is healthy
2026-03-21 11:25:27,797 - INFO - Brake Pressure Sensor is healthy
2026-03-21 11:25:27,797 - INFO - Humidity Sensor is healthy
2026-03-21 11:25:27,797 - INFO - Track Alignment Sensor is healthy
2026-03-21 11:25:27,797 - INFO - Engine Load Sensor is healthy
2026-03-21 11:25:32,799 - INFO - Temperature Sensor is healthy
2026-03-21 11:25:32,801 - INFO - Pressure Sensor is healthy
2026-03-21 11:25:32,803 - INFO - Vibration Sensor is healthy
2026-03-21 11:25:32,803 - ERROR - Fuel Flow Sensor FAILED - Fuel flow interrupted
2026-03-21 11:25:32,804 - INFO - Voltage Sensor is healthy
2026-03-21 11:25:32,804 - INFO - Speed Sensor is healthy
2026-03-21 11:25:32,819 - INFO - Brake Pressure Sensor is healthy
2026-03-21 11:25:32,820 - INFO - Humidity Sensor is healthy
2026-03-21 11:25:32,820 - INFO - Track Alignment Sensor is healthy
2026-03-21 11:25:32,821 - INFO - Engine Load Sensor is healthy
2026-03-21 11:25:37,822 - INFO - Temperature Sensor is healthy
2026-03-21 11:25:37,823 - INFO - Pressure Sensor is healthy
2026-03-21 11:25:37,823 - INFO - Vibration Sensor is healthy
2026-03-21 11:25:37,824 - ERROR - Fuel Flow Sensor FAILED - Fuel flow interrupted
2026-03-21 11:25:37,825 - INFO - Voltage Sensor is healthy
2026-03-21 11:25:37,825 - INFO - Speed Sensor is healthy
2026-03-21 11:25:37,826 - INFO - Brake Pressure Sensor is healthy
2026-03-21 11:25:37,826 - INFO - Humidity Sensor is healthy
2026-03-21 11:25:37,827 - INFO - Track Alignment Sensor is healthy
2026-03-21 11:25:37,827 - INFO - Engine Load Sensor is healthy
2026-03-21 11:25:42,828 - INFO - Temperature Sensor is healthy
2026-03-21 11:25:42,829 - INFO - Pressure Sensor is healthy
2026-03-21 11:25:42,830 - INFO - Vibration Sensor is healthy
2026-03-21 11:25:42,845 - ERROR - Fuel Flow Sensor FAILED - Fuel flow interrupted
2026-03-21 11:25:42,845 - INFO - Voltage Sensor is healthy
2026-03-21 11:25:42,846 - INFO - Speed Sensor is healthy
2026-03-21 11:25:42,846 - INFO - Brake Pressure Sensor is healthy
2026-03-21 11:25:42,847 - INFO - Humidity Sensor is healthy
2026-03-21 11:25:42,847 - INFO - Track Alignment Sensor is healthy
2026-03-21 11:25:42,848 - INFO - Engine Load Sensor is healthy
2026-03-21 11:25:47,848 - INFO - Temperature Sensor is healthy
2026-03-21 11:25:47,849 - INFO - Pressure Sensor is healthy
2026-03-21 11:25:47,849 - INFO - Vibration Sensor is healthy
2026-03-21 11:25:47,850 - ERROR - Fuel Flow Sensor FAILED - Fuel flow interrupted
2026-03-21 11:25:47,851 - INFO - Voltage Sensor is healthy
2026-03-21 11:25:47,852 - INFO - Speed Sensor is healthy
2026-03-21 11:25:47,854 - INFO - Brake Pressure Sensor is healthy
2026-03-21 11:25:47,857 - INFO - Humidity Sensor is healthy
2026-03-21 11:25:47,858 - INFO - Track Alignment Sensor is healthy
2026-03-21 11:25:47,859 - INFO - Engine Load Sensor is healthy
2026-03-21 11:25:52,860 - INFO - Temperature Sensor is healthy
2026-03-21 11:25:52,861 - INFO - Pressure Sensor is healthy
2026-03-21 11:25:52,861 - INFO - Vibration Sensor is healthy
2026-03-21 11:25:52,861 - ERROR - Fuel Flow Sensor FAILED - Fuel flow interrupted
2026-03-21 11:25:52,862 - INFO - Voltage Sensor is healthy
2026-03-21 11:25:52,862 - INFO - Speed Sensor is healthy
2026-03-21 11:25:52,863 - INFO - Brake Pressure Sensor is healthy
2026-03-21 11:25:52,863 - INFO - Humidity Sensor is healthy
2026-03-21 11:25:52,864 - INFO - Track Alignment Sensor is healthy
2026-03-21 11:25:52,864 - INFO - Engine Load Sensor is healthy
2026-03-21 11:25:57,883 - INFO - Temperature Sensor is healthy
2026-03-21 11:25:57,883 - INFO - Pressure Sensor is healthy
2026-03-21 11:25:57,884 - INFO - Vibration Sensor is healthy
2026-03-21 11:25:57,885 - ERROR - Fuel Flow Sensor FAILED - Fuel flow interrupted
2026-03-21 11:25:57,885 - INFO - Voltage Sensor is healthy
2026-03-21 11:25:57,886 - INFO - Speed Sensor is healthy
2026-03-21 11:25:57,886 - INFO - Brake Pressure Sensor is healthy
2026-03-21 11:25:57,886 - INFO - Humidity Sensor is healthy
2026-03-21 11:25:57,887 - INFO - Track Alignment Sensor is healthy
2026-03-21 11:25:57,887 - INFO - Engine Load Sensor is healthy
2026-03-21 11:26:02,888 - INFO - Temperature Sensor is healthy
2026-03-21 11:26:02,889 - INFO - Pressure Sensor is healthy
2026-03-21 11:26:02,890 - INFO - Vibration Sensor is healthy
2026-03-21 11:26:02,892 - ERROR - Fuel Flow Sensor FAILED - Fuel flow interrupted
2026-03-21 11:26:02,893 - INFO - Voltage Sensor is healthy
2026-03-21 11:26:02,894 - INFO - Speed Sensor is healthy
2026-03-21 11:26:02,895 - INFO - Brake Pressure Sensor is healthy
2026-03-21 11:26:02,895 - INFO - Humidity Sensor is healthy
2026-03-21 11:26:02,897 - INFO - Track Alignment Sensor is healthy
2026-03-21 11:26:02,898 - INFO - Engine Load Sensor is healthy
2026-03-21 11:26:07,900 - INFO - Temperature Sensor is healthy
2026-03-21 11:26:07,900 - INFO - Pressure Sensor is healthy
2026-03-21 11:26:07,901 - INFO - Vibration Sensor is healthy
2026-03-21 11:26:07,901 - ERROR - Fuel Flow Sensor FAILED - Fuel flow interrupted
2026-03-21 11:26:07,901 - INFO - Voltage Sensor is healthy
2026-03-21 11:26:07,902 - INFO - Speed Sensor is healthy
2026-03-21 11:26:07,902 - INFO - Brake Pressure Sensor is healthy
2026-03-21 11:26:07,903 - INFO - Humidity Sensor is healthy
2026-03-21 11:26:07,903 - INFO - Track Alignment Sensor is healthy
2026-03-21 11:26:07,904 - INFO - Engine Load Sensor is healthy
2026-03-21 11:26:12,905 - INFO - Temperature Sensor is healthy
2026-03-21 11:26:12,906 - INFO - Pressure Sensor is healthy
2026-03-21 11:26:12,906 - INFO - Vibration Sensor is healthy
2026-03-21 11:26:12,907 - ERROR - Fuel Flow Sensor FAILED - Fuel flow interrupted
2026-03-21 11:26:12,907 - INFO - Voltage Sensor is healthy
2026-03-21 11:26:12,908 - INFO - Speed Sensor is healthy
2026-03-21 11:26:12,909 - INFO - Brake Pressure Sensor is healthy
2026-03-21 11:26:12,910 - INFO - Humidity Sensor is healthy
2026-03-21 11:26:12,910 - INFO - Track Alignment Sensor is healthy
2026-03-21 11:26:12,910 - INFO - Engine Load Sensor is healthy
2026-03-21 11:26:17,911 - INFO - Temperature Sensor is healthy
2026-03-21 11:26:17,912 - INFO - Pressure Sensor is healthy
2026-03-21 11:26:17,913 - INFO - Vibration Sensor is healthy
2026-03-21 11:26:17,913 - ERROR - Fuel Flow Sensor FAILED - Fuel flow interrupted
2026-03-21 11:26:17,913 - INFO - Voltage Sensor is healthy
2026-03-21 11:26:17,914 - INFO - Speed Sensor is healthy
2026-03-21 11:26:17,914 - INFO - Brake Pressure Sensor is healthy
2026-03-21 11:26:17,914 - INFO - Humidity Sensor is healthy
2026-03-21 11:26:17,915 - INFO - Track Alignment Sensor is healthy
2026-03-21 11:26:17,915 - INFO - Engine Load Sensor is healthy
2026-03-21 11:26:22,916 - INFO - Temperature Sensor is healthy
2026-03-21 11:26:22,916 - INFO - Pressure Sensor is healthy
2026-03-21 11:26:22,917 - INFO - Vibration Sensor is healthy
2026-03-21 11:26:22,917 - ERROR - Fuel Flow Sensor FAILED - Fuel flow interrupted
2026-03-21 11:26:22,918 - INFO - Voltage Sensor is healthy
2026-03-21 11:26:22,918 - INFO - Speed Sensor is healthy
2026-03-21 11:26:22,919 - INFO - Brake Pressure Sensor is healthy
2026-03-21 11:26:22,919 - INFO - Humidity Sensor is healthy
2026-03-21 11:26:22,919 - INFO - Track Alignment Sensor is healthy
2026-03-21 11:26:22,920 - INFO - Engine Load Sensor is healthy
2026-03-21 11:26:27,920 - INFO - Temperature Sensor is healthy
2026-03-21 11:26:27,921 - INFO - Pressure Sensor is healthy
2026-03-21 11:26:27,921 - INFO - Vibration Sensor is healthy
2026-03-21 11:26:27,922 - ERROR - Fuel Flow Sensor FAILED - Fuel flow interrupted
2026-03-21 11:26:27,923 - INFO - Voltage Sensor is healthy
2026-03-21 11:26:27,923 - INFO - Speed Sensor is healthy
2026-03-21 11:26:27,924 - INFO - Brake Pressure Sensor is healthy
2026-03-21 11:26:27,924 - INFO - Humidity Sensor is healthy
2026-03-21 11:26:27,925 - INFO - Track Alignment Sensor is healthy
2026-03-21 11:26:27,925 - INFO - Engine Load Sensor is healthy
2026-03-21 11:26:32,926 - INFO - Temperature Sensor is healthy
2026-03-21 11:26:32,927 - INFO - Pressure Sensor is healthy
2026-03-21 11:26:32,927 - INFO - Vibration Sensor is healthy
2026-03-21 11:26:32,928 - ERROR - Fuel Flow Sensor FAILED - Fuel flow interrupted
2026-03-21 11:26:32,928 - INFO - Voltage Sensor is healthy
2026-03-21 11:26:32,929 - INFO - Speed Sensor is healthy
2026-03-21 11:26:32,929 - INFO - Brake Pressure Sensor is healthy
2026-03-21 11:26:32,930 - INFO - Humidity Sensor is healthy
2026-03-21 11:26:32,931 - INFO - Track Alignment Sensor is healthy
2026-03-21 11:26:32,931 - INFO - Engine Load Sensor is healthy
2026-03-21 11:26:37,932 - INFO - Temperature Sensor is healthy
2026-03-21 11:26:37,933 - INFO - Pressure Sensor is healthy
2026-03-21 11:26:37,934 - INFO - Vibration Sensor is healthy
2026-03-21 11:26:37,934 - ERROR - Fuel Flow Sensor FAILED - Fuel flow interrupted
2026-03-21 11:26:37,934 - INFO - Voltage Sensor is healthy
2026-03-21 11:26:37,935 - INFO - Speed Sensor is healthy
2026-03-21 11:26:37,935 - INFO - Brake Pressure Sensor is healthy
2026-03-21 11:26:37,936 - INFO - Humidity Sensor is healthy
2026-03-21 11:26:37,937 - INFO - Track Alignment Sensor is healthy
2026-03-21 11:26:37,937 - INFO - Engine Load Sensor is healthy
2026-03-21 11:26:42,938 - INFO - Temperature Sensor is healthy
2026-03-21 11:26:42,945 - INFO - Pressure Sensor is healthy
2026-03-21 11:26:42,947 - INFO - Vibration Sensor is healthy
2026-03-21 11:26:42,948 - ERROR - Fuel Flow Sensor FAILED - Fuel flow interrupted
2026-03-21 11:26:42,949 - INFO - Voltage Sensor is healthy
2026-03-21 11:26:42,954 - INFO - Speed Sensor is healthy
2026-03-21 11:26:42,958 - INFO - Brake Pressure Sensor is healthy
2026-03-21 11:26:42,958 - INFO - Humidity Sensor is healthy
2026-03-21 11:26:42,959 - INFO - Track Alignment Sensor is healthy
2026-03-21 11:26:42,961 - INFO - Engine Load Sensor is healthy
2026-03-21 11:26:47,975 - INFO - Temperature Sensor is healthy
2026-03-21 11:26:47,976 - INFO - Pressure Sensor is healthy
2026-03-21 11:26:47,977 - INFO - Vibration Sensor is healthy
2026-03-21 11:26:47,977 - ERROR - Fuel Flow Sensor FAILED - Fuel flow interrupted
2026-03-21 11:26:47,978 - INFO - Voltage Sensor is healthy
2026-03-21 11:26:47,978 - INFO - Speed Sensor is healthy
2026-03-21 11:26:47,978 - INFO - Brake Pressure Sensor is healthy
2026-03-21 11:26:47,978 - INFO - Humidity Sensor is healthy
2026-03-21 11:26:47,979 - INFO - Track Alignment Sensor is healthy
2026-03-21 11:26:47,979 - INFO - Engine Load Sensor is healthy
2026-03-21 11:26:52,980 - INFO - Temperature Sensor is healthy
2026-03-21 11:26:52,981 - INFO - Pressure Sensor is healthy
2026-03-21 11:26:52,981 - INFO - Vibration Sensor is healthy
2026-03-21 11:26:52,982 - ERROR - Fuel Flow Sensor FAILED - Fuel flow interrupted
2026-03-21 11:26:52,982 - INFO - Voltage Sensor is healthy
2026-03-21 11:26:52,982 - INFO - Speed Sensor is healthy
2026-03-21 11:26:52,983 - INFO - Brake Pressure Sensor is healthy
2026-03-21 11:26:52,983 - INFO - Humidity Sensor is healthy
2026-03-21 11:26:52,983 - INFO - Track Alignment Sensor is healthy
2026-03-21 11:26:52,983 - INFO - Engine Load Sensor is healthy
2026-03-21 11:26:57,985 - INFO - Temperature Sensor is healthy
2026-03-21 11:26:57,985 - INFO - Pressure Sensor is healthy
2026-03-21 11:26:57,986 - INFO - Vibration Sensor is healthy
2026-03-21 11:26:57,986 - ERROR - Fuel Flow Sensor FAILED - Fuel flow interrupted
2026-03-21 11:26:57,986 - INFO - Voltage Sensor is healthy
2026-03-21 11:26:57,987 - INFO - Speed Sensor is healthy
2026-03-21 11:26:57,987 - INFO - Brake Pressure Sensor is healthy
2026-03-21 11:26:57,988 - INFO - Humidity Sensor is healthy
2026-03-21 11:26:57,988 - INFO - Track Alignment Sensor is healthy
2026-03-21 11:26:57,989 - INFO - Engine Load Sensor is healthy
2026-03-21 11:27:02,990 - INFO - Temperature Sensor is healthy
2026-03-21 11:27:02,991 - INFO - Pressure Sensor is healthy
2026-03-21 11:27:02,991 - INFO - Vibration Sensor is healthy
2026-03-21 11:27:02,992 - ERROR - Fuel Flow Sensor FAILED - Fuel flow interrupted
2026-03-21 11:27:02,993 - INFO - Voltage Sensor is healthy
2026-03-21 11:27:02,995 - INFO - Speed Sensor is healthy
2026-03-21 11:27:02,996 - INFO - Brake Pressure Sensor is healthy
2026-03-21 11:27:02,997 - INFO - Humidity Sensor is healthy
2026-03-21 11:27:02,997 - INFO - Track Alignment Sensor is healthy
2026-03-21 11:27:02,998 - INFO - Engine Load Sensor is healthy
2026-03-21 11:27:08,000 - INFO - Temperature Sensor is healthy
2026-03-21 11:27:08,000 - INFO - Pressure Sensor is healthy
2026-03-21 11:27:08,001 - INFO - Vibration Sensor is healthy
2026-03-21 11:27:08,001 - ERROR - Fuel Flow Sensor FAILED - Fuel flow interrupted
2026-03-21 11:27:08,002 - INFO - Voltage Sensor is healthy
2026-03-21 11:27:08,002 - INFO - Speed Sensor is healthy
2026-03-21 11:27:08,005 - INFO - Brake Pressure Sensor is healthy
2026-03-21 11:27:08,006 - INFO - Humidity Sensor is healthy
2026-03-21 11:27:08,027 - INFO - Track Alignment Sensor is healthy
2026-03-21 11:27:08,028 - INFO - Engine Load Sensor is healthy
2026-03-21 11:27:13,029 - INFO - Temperature Sensor is healthy
2026-03-21 11:27:13,030 - INFO - Pressure Sensor is healthy
2026-03-21 11:27:13,030 - INFO - Vibration Sensor is healthy
2026-03-21 11:27:13,031 - ERROR - Fuel Flow Sensor FAILED - Fuel flow interrupted
2026-03-21 11:27:13,031 - INFO - Voltage Sensor is healthy
2026-03-21 11:27:13,032 - INFO - Speed Sensor is healthy
2026-03-21 11:27:13,033 - INFO - Brake Pressure Sensor is healthy
2026-03-21 11:27:13,033 - INFO - Humidity Sensor is healthy
2026-03-21 11:27:13,034 - INFO - Track Alignment Sensor is healthy
2026-03-21 11:27:13,034 - INFO - Engine Load Sensor is healthy
2026-03-21 11:27:18,036 - INFO - Temperature Sensor is healthy
2026-03-21 11:27:18,037 - INFO - Pressure Sensor is healthy
2026-03-21 11:27:18,037 - INFO - Vibration Sensor is healthy
2026-03-21 11:27:18,037 - ERROR - Fuel Flow Sensor FAILED - Fuel flow interrupted
2026-03-21 11:27:18,037 - INFO - Voltage Sensor is healthy
2026-03-21 11:27:18,038 - INFO - Speed Sensor is healthy
2026-03-21 11:27:18,038 - INFO - Brake Pressure Sensor is healthy
2026-03-21 11:27:18,038 - INFO - Humidity Sensor is healthy
2026-03-21 11:27:18,039 - INFO - Track Alignment Sensor is healthy
2026-03-21 11:27:18,039 - INFO - Engine Load Sensor is healthy
2026-03-21 11:27:23,040 - INFO - Temperature Sensor is healthy
2026-03-21 11:27:23,041 - INFO - Pressure Sensor is healthy
2026-03-21 11:27:23,041 - INFO - Vibration Sensor is healthy
2026-03-21 11:27:23,041 - ERROR - Fuel Flow Sensor FAILED - Fuel flow interrupted
2026-03-21 11:27:23,042 - INFO - Voltage Sensor is healthy
2026-03-21 11:27:23,042 - INFO - Speed Sensor is healthy
2026-03-21 11:27:23,043 - INFO - Brake Pressure Sensor is healthy
2026-03-21 11:27:23,043 - INFO - Humidity Sensor is healthy
2026-03-21 11:27:23,044 - INFO - Track Alignment Sensor is healthy
2026-03-21 11:27:23,045 - INFO - Engine Load Sensor is healthy
2026-03-21 11:27:28,045 - INFO - Temperature Sensor is healthy
2026-03-21 11:27:28,046 - INFO - Pressure Sensor is healthy
2026-03-21 11:27:28,046 - INFO - Vibration Sensor is healthy
2026-03-21 11:27:28,047 - ERROR - Fuel Flow Sensor FAILED - Fuel flow interrupted
2026-03-21 11:27:28,047 - INFO - Voltage Sensor is healthy
2026-03-21 11:27:28,048 - INFO - Speed Sensor is healthy
2026-03-21 11:27:28,048 - INFO - Brake Pressure Sensor is healthy
2026-03-21 11:27:28,049 - INFO - Humidity Sensor is healthy
2026-03-21 11:27:28,049 - INFO - Track Alignment Sensor is healthy
2026-03-21 11:27:28,049 - INFO - Engine Load Sensor is healthy
2026-03-21 11:27:33,050 - INFO - Temperature Sensor is healthy
2026-03-21 11:27:33,051 - INFO - Pressure Sensor is healthy
2026-03-21 11:27:33,052 - INFO - Vibration Sensor is healthy
2026-03-21 11:27:33,052 - ERROR - Fuel Flow Sensor FAILED - Fuel flow interrupted
2026-03-21 11:27:33,053 - INFO - Voltage Sensor is healthy
2026-03-21 11:27:33,053 - INFO - Speed Sensor is healthy
2026-03-21 11:27:33,053 - INFO - Brake Pressure Sensor is healthy
2026-03-21 11:27:33,054 - INFO - Humidity Sensor is healthy
2026-03-21 11:27:33,054 - INFO - Track Alignment Sensor is healthy
2026-03-21 11:27:33,054 - INFO - Engine Load Sensor is healthy
2026-03-21 11:27:38,058 - INFO - Temperature Sensor is healthy
2026-03-21 11:27:38,059 - INFO - Pressure Sensor is healthy
2026-03-21 11:27:38,059 - INFO - Vibration Sensor is healthy
2026-03-21 11:27:38,060 - ERROR - Fuel Flow Sensor FAILED - Fuel flow interrupted
2026-03-21 11:27:38,060 - INFO - Voltage Sensor is healthy
2026-03-21 11:27:38,060 - INFO - Speed Sensor is healthy
2026-03-21 11:27:38,061 - INFO - Brake Pressure Sensor is healthy
2026-03-21 11:27:38,061 - INFO - Humidity Sensor is healthy
2026-03-21 11:27:38,062 - INFO - Track Alignment Sensor is healthy
2026-03-21 11:27:38,063 - INFO - Engine Load Sensor is healthy
2026-03-21 11:27:43,064 - INFO - Temperature Sensor is healthy
2026-03-21 11:27:43,065 - INFO - Pressure Sensor is healthy
2026-03-21 11:27:43,065 - INFO - Vibration Sensor is healthy
2026-03-21 11:27:43,066 - ERROR - Fuel Flow Sensor FAILED - Fuel flow interrupted
2026-03-21 11:27:43,067 - INFO - Voltage Sensor is healthy
2026-03-21 11:27:43,067 - INFO - Speed Sensor is healthy
2026-03-21 11:27:43,068 - INFO - Brake Pressure Sensor is healthy
2026-03-21 11:27:43,069 - INFO - Humidity Sensor is healthy
2026-03-21 11:27:43,069 - INFO - Track Alignment Sensor is healthy
2026-03-21 11:27:43,070 - INFO - Engine Load Sensor is healthy
2026-03-21 11:27:48,070 - INFO - Temperature Sensor is healthy
2026-03-21 11:27:48,071 - INFO - Pressure Sensor is healthy
2026-03-21 11:27:48,071 - INFO - Vibration Sensor is healthy
2026-03-21 11:27:48,072 - ERROR - Fuel Flow Sensor FAILED - Fuel flow interrupted
2026-03-21 11:27:48,072 - INFO - Voltage Sensor is healthy
2026-03-21 11:27:48,072 - INFO - Speed Sensor is healthy
2026-03-21 11:27:48,073 - INFO - Brake Pressure Sensor is healthy
2026-03-21 11:27:48,073 - INFO - Humidity Sensor is healthy
2026-03-21 11:27:48,073 - INFO - Track Alignment Sensor is healthy
2026-03-21 11:27:48,074 - INFO - Engine Load Sensor is healthy
2026-03-21 11:27:53,075 - INFO - Temperature Sensor is healthy
2026-03-21 11:27:53,076 - INFO - Pressure Sensor is healthy
2026-03-21 11:27:53,077 - INFO - Vibration Sensor is healthy
2026-03-21 11:27:53,077 - ERROR - Fuel Flow Sensor FAILED - Fuel flow interrupted
2026-03-21 11:27:53,078 - INFO - Voltage Sensor is healthy
2026-03-21 11:27:53,078 - INFO - Speed Sensor is healthy
2026-03-21 11:27:53,079 - INFO - Brake Pressure Sensor is healthy
2026-03-21 11:27:53,079 - INFO - Humidity Sensor is healthy
2026-03-21 11:27:53,080 - INFO - Track Alignment Sensor is healthy
2026-03-21 11:27:53,080 - INFO - Engine Load Sensor is healthy
2026-03-21 11:27:58,081 - INFO - Temperature Sensor is healthy
2026-03-21 11:27:58,081 - INFO - Pressure Sensor is healthy
2026-03-21 11:27:58,082 - INFO - Vibration Sensor is healthy
2026-03-21 11:27:58,082 - ERROR - Fuel Flow Sensor FAILED - Fuel flow interrupted
2026-03-21 11:27:58,083 - INFO - Voltage Sensor is healthy
2026-03-21 11:27:58,083 - INFO - Speed Sensor is healthy
2026-03-21 11:27:58,084 - INFO - Brake Pressure Sensor is healthy
2026-03-21 11:27:58,084 - INFO - Humidity Sensor is healthy
2026-03-21 11:27:58,085 - INFO - Track Alignment Sensor is healthy
2026-03-21 11:27:58,085 - INFO - Engine Load Sensor is healthy
2026-03-21 11:28:03,087 - INFO - Temperature Sensor is healthy
2026-03-21 11:28:03,087 - INFO - Pressure Sensor is healthy
2026-03-21 11:28:03,088 - INFO - Vibration Sensor is healthy
2026-03-21 11:28:03,088 - ERROR - Fuel Flow Sensor FAILED - Fuel flow interrupted
2026-03-21 11:28:03,089 - INFO - Voltage Sensor is healthy
2026-03-21 11:28:03,089 - INFO - Speed Sensor is healthy
2026-03-21 11:28:03,090 - INFO - Brake Pressure Sensor is healthy
2026-03-21 11:28:03,090 - INFO - Humidity Sensor is healthy
2026-03-21 11:28:03,091 - INFO - Track Alignment Sensor is healthy
2026-03-21 11:28:03,091 - INFO - Engine Load Sensor is healthy
2026-03-21 11:28:08,093 - INFO - Temperature Sensor is healthy
2026-03-21 11:28:08,094 - INFO - Pressure Sensor is healthy
2026-03-21 11:28:08,094 - INFO - Vibration Sensor is healthy
2026-03-21 11:28:08,095 - ERROR - Fuel Flow Sensor FAILED - Fuel flow interrupted
2026-03-21 11:28:08,095 - INFO - Voltage Sensor is healthy
2026-03-21 11:28:08,096 - INFO - Speed Sensor is healthy
2026-03-21 11:28:08,096 - INFO - Brake Pressure Sensor is healthy
2026-03-21 11:28:08,097 - INFO - Humidity Sensor is healthy
2026-03-21 11:28:08,097 - INFO - Track Alignment Sensor is healthy
2026-03-21 11:28:08,097 - INFO - Engine Load Sensor is healthy
2026-03-21 11:28:13,099 - INFO - Temperature Sensor is healthy
2026-03-21 11:28:13,099 - INFO - Pressure Sensor is healthy
2026-03-21 11:28:13,100 - INFO - Vibration Sensor is healthy
2026-03-21 11:28:13,101 - ERROR - Fuel Flow Sensor FAILED - Fuel flow interrupted
2026-03-21 11:28:13,101 - INFO - Voltage Sensor is healthy
2026-03-21 11:28:13,102 - INFO - Speed Sensor is healthy
2026-03-21 11:28:13,103 - INFO - Brake Pressure Sensor is healthy
2026-03-21 11:28:13,103 - INFO - Humidity Sensor is healthy
2026-03-21 11:28:13,104 - INFO - Track Alignment Sensor is healthy
2026-03-21 11:28:13,104 - INFO - Engine Load Sensor is healthy
2026-03-21 11:28:18,106 - INFO - Temperature Sensor is healthy
2026-03-21 11:28:18,106 - INFO - Pressure Sensor is healthy
2026-03-21 11:28:18,106 - INFO - Vibration Sensor is healthy
2026-03-21 11:28:18,107 - ERROR - Fuel Flow Sensor FAILED - Fuel flow interrupted
2026-03-21 11:28:18,107 - INFO - Voltage Sensor is healthy
2026-03-21 11:28:18,107 - INFO - Speed Sensor is healthy
2026-03-21 11:28:18,108 - INFO - Brake Pressure Sensor is healthy
2026-03-21 11:28:18,108 - INFO - Humidity Sensor is healthy
2026-03-21 11:28:18,109 - INFO - Track Alignment Sensor is healthy
2026-03-21 11:28:18,109 - INFO - Engine Load Sensor is healthy
2026-03-21 11:28:23,111 - INFO - Temperature Sensor is healthy
2026-03-21 11:28:23,112 - INFO - Pressure Sensor is healthy
2026-03-21 11:28:23,113 - INFO - Vibration Sensor is healthy
2026-03-21 11:28:23,113 - ERROR - Fuel Flow Sensor FAILED - Fuel flow interrupted
2026-03-21 11:28:23,113 - INFO - Voltage Sensor is healthy
2026-03-21 11:28:23,114 - INFO - Speed Sensor is healthy
2026-03-21 11:28:23,114 - INFO - Brake Pressure Sensor is healthy
2026-03-21 11:28:23,114 - INFO - Humidity Sensor is healthy
2026-03-21 11:28:23,115 - INFO - Track Alignment Sensor is healthy
2026-03-21 11:28:23,115 - INFO - Engine Load Sensor is healthy
2026-03-21 11:28:28,116 - INFO - Temperature Sensor is healthy
2026-03-21 11:28:28,116 - INFO - Pressure Sensor is healthy
2026-03-21 11:28:28,117 - INFO - Vibration Sensor is healthy
2026-03-21 11:28:28,117 - ERROR - Fuel Flow Sensor FAILED - Fuel flow interrupted
2026-03-21 11:28:28,118 - INFO - Voltage Sensor is healthy
2026-03-21 11:28:28,136 - INFO - Speed Sensor is healthy
2026-03-21 11:28:28,137 - INFO - Brake Pressure Sensor is healthy
2026-03-21 11:28:28,138 - INFO - Humidity Sensor is healthy
2026-03-21 11:28:28,138 - INFO - Track Alignment Sensor is healthy
2026-03-21 11:28:28,139 - INFO - Engine Load Sensor is healthy
2026-03-21 11:28:33,139 - INFO - Temperature Sensor is healthy
2026-03-21 11:28:33,140 - INFO - Pressure Sensor is healthy
2026-03-21 11:28:33,141 - INFO - Vibration Sensor is healthy
2026-03-21 11:28:33,141 - ERROR - Fuel Flow Sensor FAILED - Fuel flow interrupted
2026-03-21 11:28:33,142 - INFO - Voltage Sensor is healthy
2026-03-21 11:28:33,142 - INFO - Speed Sensor is healthy
2026-03-21 11:28:33,142 - INFO - Brake Pressure Sensor is healthy
2026-03-21 11:28:33,143 - INFO - Humidity Sensor is healthy
2026-03-21 11:28:33,143 - INFO - Track Alignment Sensor is healthy
2026-03-21 11:28:33,144 - INFO - Engine Load Sensor is healthy
2026-03-21 11:28:38,145 - INFO - Temperature Sensor is healthy
2026-03-21 11:28:38,146 - INFO - Pressure Sensor is healthy
2026-03-21 11:28:38,146 - INFO - Vibration Sensor is healthy
2026-03-21 11:28:38,147 - ERROR - Fuel Flow Sensor FAILED - Fuel flow interrupted
2026-03-21 11:28:38,148 - INFO - Voltage Sensor is healthy
2026-03-21 11:28:38,148 - INFO - Speed Sensor is healthy
2026-03-21 11:28:38,149 - INFO - Brake Pressure Sensor is healthy
2026-03-21 11:28:38,149 - INFO - Humidity Sensor is healthy
2026-03-21 11:28:38,150 - INFO - Track Alignment Sensor is healthy
2026-03-21 11:28:38,150 - INFO - Engine Load Sensor is healthy
2026-03-21 11:28:43,151 - INFO - Temperature Sensor is healthy
2026-03-21 11:28:43,152 - INFO - Pressure Sensor is healthy
2026-03-21 11:28:43,153 - INFO - Vibration Sensor is healthy
2026-03-21 11:28:43,154 - ERROR - Fuel Flow Sensor FAILED - Fuel flow interrupted
2026-03-21 11:28:43,154 - INFO - Voltage Sensor is healthy
2026-03-21 11:28:43,155 - INFO - Speed Sensor is healthy
2026-03-21 11:28:43,155 - INFO - Brake Pressure Sensor is healthy
2026-03-21 11:28:43,156 - INFO - Humidity Sensor is healthy
2026-03-21 11:28:43,156 - INFO - Track Alignment Sensor is healthy
2026-03-21 11:28:43,156 - INFO - Engine Load Sensor is healthy
2026-03-21 11:28:48,158 - INFO - Temperature Sensor is healthy
2026-03-21 11:28:48,159 - INFO - Pressure Sensor is healthy
2026-03-21 11:28:48,160 - INFO - Vibration Sensor is healthy
2026-03-21 11:28:48,161 - ERROR - Fuel Flow Sensor FAILED - Fuel flow interrupted
2026-03-21 11:28:48,162 - INFO - Voltage Sensor is healthy
2026-03-21 11:28:48,163 - INFO - Speed Sensor is healthy
2026-03-21 11:28:48,163 - INFO - Brake Pressure Sensor is healthy
2026-03-21 11:28:48,164 - INFO - Humidity Sensor is healthy
2026-03-21 11:28:48,165 - INFO - Track Alignment Sensor is healthy
2026-03-21 11:28:48,168 - INFO - Engine Load Sensor is healthy
2026-03-21 11:28:53,169 - INFO - Temperature Sensor is healthy
2026-03-21 11:28:53,170 - INFO - Pressure Sensor is healthy
2026-03-21 11:28:53,170 - INFO - Vibration Sensor is healthy
2026-03-21 11:28:53,171 - ERROR - Fuel Flow Sensor FAILED - Fuel flow interrupted
2026-03-21 11:28:53,171 - INFO - Voltage Sensor is healthy
2026-03-21 11:28:53,172 - INFO - Speed Sensor is healthy
2026-03-21 11:28:53,172 - INFO - Brake Pressure Sensor is healthy
2026-03-21 11:28:53,173 - INFO - Humidity Sensor is healthy
2026-03-21 11:28:53,173 - INFO - Track Alignment Sensor is healthy
2026-03-21 11:28:53,174 - INFO - Engine Load Sensor is healthy
2026-03-21 11:28:58,176 - INFO - Temperature Sensor is healthy
2026-03-21 11:28:58,178 - INFO - Pressure Sensor is healthy
2026-03-21 11:28:58,178 - INFO - Vibration Sensor is healthy
2026-03-21 11:28:58,178 - ERROR - Fuel Flow Sensor FAILED - Fuel flow interrupted
2026-03-21 11:28:58,179 - INFO - Voltage Sensor is healthy
2026-03-21 11:28:58,180 - INFO - Speed Sensor is healthy
2026-03-21 11:28:58,180 - INFO - Brake Pressure Sensor is healthy
2026-03-21 11:28:58,181 - INFO - Humidity Sensor is healthy
2026-03-21 11:28:58,182 - INFO - Track Alignment Sensor is healthy
2026-03-21 11:28:58,182 - INFO - Engine Load Sensor is healthy
2026-03-21 11:29:03,183 - INFO - Temperature Sensor is healthy
2026-03-21 11:29:03,184 - INFO - Pressure Sensor is healthy
2026-03-21 11:29:03,185 - INFO - Vibration Sensor is healthy
2026-03-21 11:29:03,185 - ERROR - Fuel Flow Sensor FAILED - Fuel flow interrupted
2026-03-21 11:29:03,186 - INFO - Voltage Sensor is healthy
2026-03-21 11:29:03,186 - INFO - Speed Sensor is healthy
2026-03-21 11:29:03,187 - INFO - Brake Pressure Sensor is healthy
2026-03-21 11:29:03,187 - INFO - Humidity Sensor is healthy
2026-03-21 11:29:03,187 - INFO - Track Alignment Sensor is healthy
2026-03-21 11:29:03,188 - INFO - Engine Load Sensor is healthy
2026-03-21 11:29:08,188 - INFO - Temperature Sensor is healthy
2026-03-21 11:29:08,189 - INFO - Pressure Sensor is healthy
2026-03-21 11:29:08,189 - INFO - Vibration Sensor is healthy
2026-03-21 11:29:08,190 - ERROR - Fuel Flow Sensor FAILED - Fuel flow interrupted
2026-03-21 11:29:08,190 - INFO - Voltage Sensor is healthy
2026-03-21 11:29:08,191 - INFO - Speed Sensor is healthy
2026-03-21 11:29:08,191 - INFO - Brake Pressure Sensor is healthy
2026-03-21 11:29:08,192 - INFO - Humidity Sensor is healthy
2026-03-21 11:29:08,192 - INFO - Track Alignment Sensor is healthy
2026-03-21 11:29:08,193 - INFO - Engine Load Sensor is healthy
2026-03-21 11:29:13,194 - INFO - Temperature Sensor is healthy
2026-03-21 11:29:13,195 - INFO - Pressure Sensor is healthy
2026-03-21 11:29:13,195 - INFO - Vibration Sensor is healthy
2026-03-21 11:29:13,196 - ERROR - Fuel Flow Sensor FAILED - Fuel flow interrupted
2026-03-21 11:29:13,197 - INFO - Voltage Sensor is healthy
2026-03-21 11:29:13,198 - INFO - Speed Sensor is healthy
2026-03-21 11:29:13,199 - INFO - Brake Pressure Sensor is healthy
2026-03-21 11:29:13,200 - INFO - Humidity Sensor is healthy
2026-03-21 11:29:13,202 - INFO - Track Alignment Sensor is healthy
2026-03-21 11:29:13,206 - INFO - Engine Load Sensor is healthy
2026-03-21 11:29:18,210 - INFO - Temperature Sensor is healthy
2026-03-21 11:29:18,211 - INFO - Pressure Sensor is healthy
2026-03-21 11:29:18,211 - INFO - Vibration Sensor is healthy
2026-03-21 11:29:18,212 - ERROR - Fuel Flow Sensor FAILED - Fuel flow interrupted
2026-03-21 11:29:18,212 - INFO - Voltage Sensor is healthy
2026-03-21 11:29:18,213 - INFO - Speed Sensor is healthy
2026-03-21 11:29:18,214 - INFO - Brake Pressure Sensor is healthy
2026-03-21 11:29:18,214 - INFO - Humidity Sensor is healthy
2026-03-21 11:29:18,215 - INFO - Track Alignment Sensor is healthy
2026-03-21 11:29:18,216 - INFO - Engine Load Sensor is healthy
2026-03-21 11:29:23,217 - INFO - Temperature Sensor is healthy
2026-03-21 11:29:23,217 - INFO - Pressure Sensor is healthy
2026-03-21 11:29:23,218 - INFO - Vibration Sensor is healthy
2026-03-21 11:29:23,218 - ERROR - Fuel Flow Sensor FAILED - Fuel flow interrupted
2026-03-21 11:29:23,219 - INFO - Voltage Sensor is healthy
2026-03-21 11:29:23,219 - INFO - Speed Sensor is healthy
2026-03-21 11:29:23,220 - INFO - Brake Pressure Sensor is healthy
2026-03-21 11:29:23,220 - INFO - Humidity Sensor is healthy
2026-03-21 11:29:23,221 - INFO - Track Alignment Sensor is healthy
2026-03-21 11:29:23,221 - INFO - Engine Load Sensor is healthy
2026-03-21 11:29:28,222 - INFO - Temperature Sensor is healthy
2026-03-21 11:29:28,224 - INFO - Pressure Sensor is healthy
2026-03-21 11:29:28,225 - INFO - Vibration Sensor is healthy
2026-03-21 11:29:28,226 - ERROR - Fuel Flow Sensor FAILED - Fuel flow interrupted
2026-03-21 11:29:28,226 - INFO - Voltage Sensor is healthy
2026-03-21 11:29:28,227 - INFO - Speed Sensor is healthy
2026-03-21 11:29:28,227 - INFO - Brake Pressure Sensor is healthy
2026-03-21 11:29:28,228 - INFO - Humidity Sensor is healthy
2026-03-21 11:29:28,229 - INFO - Track Alignment Sensor is healthy
2026-03-21 11:29:28,229 - INFO - Engine Load Sensor is healthy
2026-03-21 11:29:33,237 - INFO - Temperature Sensor is healthy
2026-03-21 11:29:33,238 - INFO - Pressure Sensor is healthy
2026-03-21 11:29:33,239 - INFO - Vibration Sensor is healthy
2026-03-21 11:29:33,239 - ERROR - Fuel Flow Sensor FAILED - Fuel flow interrupted
2026-03-21 11:29:33,239 - INFO - Voltage Sensor is healthy
2026-03-21 11:29:33,240 - INFO - Speed Sensor is healthy
2026-03-21 11:29:33,240 - INFO - Brake Pressure Sensor is healthy
2026-03-21 11:29:33,240 - INFO - Humidity Sensor is healthy
2026-03-21 11:29:33,241 - INFO - Track Alignment Sensor is healthy
2026-03-21 11:29:33,241 - INFO - Engine Load Sensor is healthy
2026-03-21 11:29:38,242 - INFO - Temperature Sensor is healthy
2026-03-21 11:29:38,243 - INFO - Pressure Sensor is healthy
2026-03-21 11:29:38,243 - INFO - Vibration Sensor is healthy
2026-03-21 11:29:38,243 - ERROR - Fuel Flow Sensor FAILED - Fuel flow interrupted
2026-03-21 11:29:38,244 - INFO - Voltage Sensor is healthy
2026-03-21 11:29:38,244 - INFO - Speed Sensor is healthy
2026-03-21 11:29:38,245 - INFO - Brake Pressure Sensor is healthy
2026-03-21 11:29:38,245 - INFO - Humidity Sensor is healthy
2026-03-21 11:29:38,245 - INFO - Track Alignment Sensor is healthy
2026-03-21 11:29:38,246 - INFO - Engine Load Sensor is healthy
2026-03-21 11:29:43,247 - INFO - Temperature Sensor is healthy
2026-03-21 11:29:43,248 - INFO - Pressure Sensor is healthy
2026-03-21 11:29:43,249 - INFO - Vibration Sensor is healthy
2026-03-21 11:29:43,250 - ERROR - Fuel Flow Sensor FAILED - Fuel flow interrupted
2026-03-21 11:29:43,251 - INFO - Voltage Sensor is healthy
2026-03-21 11:29:43,252 - INFO - Speed Sensor is healthy
2026-03-21 11:29:43,252 - INFO - Brake Pressure Sensor is healthy
2026-03-21 11:29:43,253 - INFO - Humidity Sensor is healthy
2026-03-21 11:29:43,253 - INFO - Track Alignment Sensor is healthy
2026-03-21 11:29:43,254 - INFO - Engine Load Sensor is healthy
2026-03-21 11:29:48,257 - INFO - Temperature Sensor is healthy
2026-03-21 11:29:48,258 - INFO - Pressure Sensor is healthy
2026-03-21 11:29:48,259 - INFO - Vibration Sensor is healthy
2026-03-21 11:29:48,260 - ERROR - Fuel Flow Sensor FAILED - Fuel flow interrupted
2026-03-21 11:29:48,261 - INFO - Voltage Sensor is healthy
2026-03-21 11:29:48,262 - INFO - Speed Sensor is healthy
2026-03-21 11:29:48,263 - INFO - Brake Pressure Sensor is healthy
2026-03-21 11:29:48,272 - INFO - Humidity Sensor is healthy
2026-03-21 11:29:48,276 - INFO - Track Alignment Sensor is healthy
2026-03-21 11:29:48,278 - INFO - Engine Load Sensor is healthy
2026-03-21 11:29:53,281 - INFO - Temperature Sensor is healthy
2026-03-21 11:29:53,282 - INFO - Pressure Sensor is healthy
2026-03-21 11:29:53,283 - INFO - Vibration Sensor is healthy
2026-03-21 11:29:53,283 - ERROR - Fuel Flow Sensor FAILED - Fuel flow interrupted
2026-03-21 11:29:53,284 - INFO - Voltage Sensor is healthy
2026-03-21 11:29:53,284 - INFO - Speed Sensor is healthy
2026-03-21 11:29:53,284 - INFO - Brake Pressure Sensor is healthy
2026-03-21 11:29:53,284 - INFO - Humidity Sensor is healthy
2026-03-21 11:29:53,285 - INFO - Track Alignment Sensor is healthy
2026-03-21 11:29:53,285 - INFO - Engine Load Sensor is healthy
2026-03-21 11:29:58,286 - INFO - Temperature Sensor is healthy
2026-03-21 11:29:58,287 - INFO - Pressure Sensor is healthy
2026-03-21 11:29:58,288 - INFO - Vibration Sensor is healthy
2026-03-21 11:29:58,288 - ERROR - Fuel Flow Sensor FAILED - Fuel flow interrupted
2026-03-21 11:29:58,288 - INFO - Voltage Sensor is healthy
2026-03-21 11:29:58,289 - INFO - Speed Sensor is healthy
2026-03-21 11:29:58,289 - INFO - Brake Pressure Sensor is healthy
2026-03-21 11:29:58,290 - INFO - Humidity Sensor is healthy
2026-03-21 11:29:58,290 - INFO - Track Alignment Sensor is healthy
2026-03-21 11:29:58,291 - INFO - Engine Load Sensor is healthy
2026-03-21 11:30:03,292 - INFO - Temperature Sensor is healthy
2026-03-21 11:30:03,293 - INFO - Pressure Sensor is healthy
2026-03-21 11:30:03,294 - INFO - Vibration Sensor is healthy
2026-03-21 11:30:03,294 - ERROR - Fuel Flow Sensor FAILED - Fuel flow interrupted
2026-03-21 11:30:03,295 - INFO - Voltage Sensor is healthy
2026-03-21 11:30:03,295 - INFO - Speed Sensor is healthy
2026-03-21 11:30:03,296 - INFO - Brake Pressure Sensor is healthy
2026-03-21 11:30:03,296 - INFO - Humidity Sensor is healthy
2026-03-21 11:30:03,297 - INFO - Track Alignment Sensor is healthy
2026-03-21 11:30:03,297 - INFO - Engine Load Sensor is healthy
2026-03-21 11:30:08,299 - INFO - Temperature Sensor is healthy
2026-03-21 11:30:08,300 - INFO - Pressure Sensor is healthy
2026-03-21 11:30:08,300 - INFO - Vibration Sensor is healthy
2026-03-21 11:30:08,302 - ERROR - Fuel Flow Sensor FAILED - Fuel flow interrupted
2026-03-21 11:30:08,303 - INFO - Voltage Sensor is healthy
2026-03-21 11:30:08,304 - INFO - Speed Sensor is healthy
2026-03-21 11:30:08,305 - INFO - Brake Pressure Sensor is healthy
2026-03-21 11:30:08,306 - INFO - Humidity Sensor is healthy
2026-03-21 11:30:08,307 - INFO - Track Alignment Sensor is healthy
2026-03-21 11:30:08,308 - INFO - Engine Load Sensor is healthy
2026-03-21 11:30:13,309 - INFO - Temperature Sensor is healthy
2026-03-21 11:30:13,309 - INFO - Pressure Sensor is healthy
2026-03-21 11:30:13,310 - INFO - Vibration Sensor is healthy
2026-03-21 11:30:13,310 - ERROR - Fuel Flow Sensor FAILED - Fuel flow interrupted
2026-03-21 11:30:13,310 - INFO - Voltage Sensor is healthy
2026-03-21 11:30:13,311 - INFO - Speed Sensor is healthy
2026-03-21 11:30:13,311 - INFO - Brake Pressure Sensor is healthy
2026-03-21 11:30:13,312 - INFO - Humidity Sensor is healthy
2026-03-21 11:30:13,312 - INFO - Track Alignment Sensor is healthy
2026-03-21 11:30:13,312 - INFO - Engine Load Sensor is healthy
2026-03-21 11:30:18,314 - INFO - Temperature Sensor is healthy
2026-03-21 11:30:18,314 - INFO - Pressure Sensor is healthy
2026-03-21 11:30:18,315 - INFO - Vibration Sensor is healthy
2026-03-21 11:30:18,315 - ERROR - Fuel Flow Sensor FAILED - Fuel flow interrupted
2026-03-21 11:30:18,316 - INFO - Voltage Sensor is healthy
2026-03-21 11:30:18,317 - INFO - Speed Sensor is healthy
2026-03-21 11:30:18,318 - INFO - Brake Pressure Sensor is healthy
2026-03-21 11:30:18,319 - INFO - Humidity Sensor is healthy
2026-03-21 11:30:18,320 - INFO - Track Alignment Sensor is healthy
2026-03-21 11:30:18,320 - INFO - Engine Load Sensor is healthy
2026-03-21 11:30:23,322 - INFO - Temperature Sensor is healthy
2026-03-21 11:30:23,323 - INFO - Pressure Sensor is healthy
2026-03-21 11:30:23,323 - INFO - Vibration Sensor is healthy
2026-03-21 11:30:23,323 - ERROR - Fuel Flow Sensor FAILED - Fuel flow interrupted
2026-03-21 11:30:23,324 - INFO - Voltage Sensor is healthy
2026-03-21 11:30:23,325 - INFO - Speed Sensor is healthy
2026-03-21 11:30:23,325 - INFO - Brake Pressure Sensor is healthy
2026-03-21 11:30:23,325 - INFO - Humidity Sensor is healthy
2026-03-21 11:30:23,326 - INFO - Track Alignment Sensor is healthy
2026-03-21 11:30:23,326 - INFO - Engine Load Sensor is healthy
2026-03-21 11:30:28,327 - INFO - Temperature Sensor is healthy
2026-03-21 11:30:28,328 - INFO - Pressure Sensor is healthy
2026-03-21 11:30:28,328 - INFO - Vibration Sensor is healthy
2026-03-21 11:30:28,329 - ERROR - Fuel Flow Sensor FAILED - Fuel flow interrupted
2026-03-21 11:30:28,330 - INFO - Voltage Sensor is healthy
2026-03-21 11:30:28,330 - INFO - Speed Sensor is healthy
2026-03-21 11:30:28,331 - INFO - Brake Pressure Sensor is healthy
2026-03-21 11:30:28,331 - INFO - Humidity Sensor is healthy
2026-03-21 11:30:28,332 - INFO - Track Alignment Sensor is healthy
2026-03-21 11:30:28,332 - INFO - Engine Load Sensor is healthy
2026-03-21 11:30:33,334 - INFO - Temperature Sensor is healthy
2026-03-21 11:30:33,342 - INFO - Pressure Sensor is healthy
2026-03-21 11:30:33,343 - INFO - Vibration Sensor is healthy
2026-03-21 11:30:33,344 - ERROR - Fuel Flow Sensor FAILED - Fuel flow interrupted
2026-03-21 11:30:33,345 - INFO - Voltage Sensor is healthy
2026-03-21 11:30:33,347 - INFO - Speed Sensor is healthy
2026-03-21 11:30:33,348 - INFO - Brake Pressure Sensor is healthy
2026-03-21 11:30:33,350 - INFO - Humidity Sensor is healthy
2026-03-21 11:30:33,352 - INFO - Track Alignment Sensor is healthy
2026-03-21 11:30:33,353 - INFO - Engine Load Sensor is healthy
2026-03-21 11:30:38,355 - INFO - Temperature Sensor is healthy
2026-03-21 11:30:38,356 - INFO - Pressure Sensor is healthy
2026-03-21 11:30:38,356 - INFO - Vibration Sensor is healthy
2026-03-21 11:30:38,357 - ERROR - Fuel Flow Sensor FAILED - Fuel flow interrupted
2026-03-21 11:30:38,357 - INFO - Voltage Sensor is healthy
2026-03-21 11:30:38,358 - INFO - Speed Sensor is healthy
2026-03-21 11:30:38,364 - INFO - Brake Pressure Sensor is healthy
2026-03-21 11:30:38,366 - INFO - Humidity Sensor is healthy
2026-03-21 11:30:38,368 - INFO - Track Alignment Sensor is healthy
2026-03-21 11:30:38,370 - INFO - Engine Load Sensor is healthy
2026-03-21 11:30:43,373 - INFO - Temperature Sensor is healthy
2026-03-21 11:30:43,374 - INFO - Pressure Sensor is healthy
2026-03-21 11:30:43,374 - INFO - Vibration Sensor is healthy
2026-03-21 11:30:43,377 - ERROR - Fuel Flow Sensor FAILED - Fuel flow interrupted
2026-03-21 11:30:43,378 - INFO - Voltage Sensor is healthy
2026-03-21 11:30:43,378 - INFO - Speed Sensor is healthy
2026-03-21 11:30:43,379 - INFO - Brake Pressure Sensor is healthy
2026-03-21 11:30:43,379 - INFO - Humidity Sensor is healthy
2026-03-21 11:30:43,380 - INFO - Track Alignment Sensor is healthy
2026-03-21 11:30:43,380 - INFO - Engine Load Sensor is healthy
2026-03-21 11:30:48,382 - INFO - Temperature Sensor is healthy
2026-03-21 11:30:48,383 - INFO - Pressure Sensor is healthy
2026-03-21 11:30:48,383 - INFO - Vibration Sensor is healthy
2026-03-21 11:30:48,384 - ERROR - Fuel Flow Sensor FAILED - Fuel flow interrupted
2026-03-21 11:30:48,385 - INFO - Voltage Sensor is healthy
2026-03-21 11:30:48,385 - INFO - Speed Sensor is healthy
2026-03-21 11:30:48,385 - INFO - Brake Pressure Sensor is healthy
2026-03-21 11:30:48,386 - INFO - Humidity Sensor is healthy
2026-03-21 11:30:48,386 - INFO - Track Alignment Sensor is healthy
2026-03-21 11:30:48,387 - INFO - Engine Load Sensor is healthy
2026-03-21 11:30:53,387 - INFO - Temperature Sensor is healthy
2026-03-21 11:30:53,388 - INFO - Pressure Sensor is healthy
2026-03-21 11:30:53,389 - INFO - Vibration Sensor is healthy
2026-03-21 11:30:53,389 - ERROR - Fuel Flow Sensor FAILED - Fuel flow interrupted
2026-03-21 11:30:53,390 - INFO - Voltage Sensor is healthy
2026-03-21 11:30:53,390 - INFO - Speed Sensor is healthy
2026-03-21 11:30:53,390 - INFO - Brake Pressure Sensor is healthy
2026-03-21 11:30:53,391 - INFO - Humidity Sensor is healthy
2026-03-21 11:30:53,391 - INFO - Track Alignment Sensor is healthy
2026-03-21 11:30:53,391 - INFO - Engine Load Sensor is healthy
2026-03-21 11:30:58,392 - INFO - Temperature Sensor is healthy
2026-03-21 11:30:58,393 - INFO - Pressure Sensor is healthy
2026-03-21 11:30:58,393 - INFO - Vibration Sensor is healthy
2026-03-21 11:30:58,394 - ERROR - Fuel Flow Sensor FAILED - Fuel flow interrupted
2026-03-21 11:30:58,394 - INFO - Voltage Sensor is healthy
2026-03-21 11:30:58,394 - INFO - Speed Sensor is healthy
2026-03-21 11:30:58,395 - INFO - Brake Pressure Sensor is healthy
2026-03-21 11:30:58,395 - INFO - Humidity Sensor is healthy
2026-03-21 11:30:58,396 - INFO - Track Alignment Sensor is healthy
2026-03-21 11:30:58,396 - INFO - Engine Load Sensor is healthy
2026-03-21 11:31:03,397 - INFO - Temperature Sensor is healthy
2026-03-21 11:31:03,398 - INFO - Pressure Sensor is healthy
2026-03-21 11:31:03,399 - INFO - Vibration Sensor is healthy
2026-03-21 11:31:03,399 - ERROR - Fuel Flow Sensor FAILED - Fuel flow interrupted
2026-03-21 11:31:03,400 - INFO - Voltage Sensor is healthy
2026-03-21 11:31:03,400 - INFO - Speed Sensor is healthy
2026-03-21 11:31:03,401 - INFO - Brake Pressure Sensor is healthy
2026-03-21 11:31:03,401 - INFO - Humidity Sensor is healthy
2026-03-21 11:31:03,402 - INFO - Track Alignment Sensor is healthy
2026-03-21 11:31:03,402 - INFO - Engine Load Sensor is healthy
2026-03-21 11:31:08,403 - INFO - Temperature Sensor is healthy
2026-03-21 11:31:08,404 - INFO - Pressure Sensor is healthy
2026-03-21 11:31:08,405 - INFO - Vibration Sensor is healthy
2026-03-21 11:31:08,405 - ERROR - Fuel Flow Sensor FAILED - Fuel flow interrupted
2026-03-21 11:31:08,405 - INFO - Voltage Sensor is healthy
2026-03-21 11:31:08,406 - INFO - Speed Sensor is healthy
2026-03-21 11:31:08,406 - INFO - Brake Pressure Sensor is healthy
2026-03-21 11:31:08,406 - INFO - Humidity Sensor is healthy
2026-03-21 11:31:08,407 - INFO - Track Alignment Sensor is healthy
2026-03-21 11:31:08,407 - INFO - Engine Load Sensor is healthy
2026-03-21 11:31:13,409 - INFO - Temperature Sensor is healthy
2026-03-21 11:31:13,410 - INFO - Pressure Sensor is healthy
2026-03-21 11:31:13,410 - INFO - Vibration Sensor is healthy
2026-03-21 11:31:13,411 - ERROR - Fuel Flow Sensor FAILED - Fuel flow interrupted
2026-03-21 11:31:13,412 - INFO - Voltage Sensor is healthy
2026-03-21 11:31:13,412 - INFO - Speed Sensor is healthy
2026-03-21 11:31:13,412 - INFO - Brake Pressure Sensor is healthy
2026-03-21 11:31:13,413 - INFO - Humidity Sensor is healthy
2026-03-21 11:31:13,413 - INFO - Track Alignment Sensor is healthy
2026-03-21 11:31:13,413 - INFO - Engine Load Sensor is healthy
2026-03-21 11:31:18,414 - INFO - Temperature Sensor is healthy
2026-03-21 11:31:18,415 - INFO - Pressure Sensor is healthy
2026-03-21 11:31:18,415 - INFO - Vibration Sensor is healthy
2026-03-21 11:31:18,416 - ERROR - Fuel Flow Sensor FAILED - Fuel flow interrupted
2026-03-21 11:31:18,416 - INFO - Voltage Sensor is healthy
2026-03-21 11:31:18,417 - INFO - Speed Sensor is healthy
2026-03-21 11:31:18,417 - INFO - Brake Pressure Sensor is healthy
2026-03-21 11:31:18,417 - INFO - Humidity Sensor is healthy
2026-03-21 11:31:18,418 - INFO - Track Alignment Sensor is healthy
2026-03-21 11:31:18,418 - INFO - Engine Load Sensor is healthy
2026-03-21 11:31:23,419 - INFO - Temperature Sensor is healthy
2026-03-21 11:31:23,420 - INFO - Pressure Sensor is healthy
2026-03-21 11:31:23,421 - INFO - Vibration Sensor is healthy
2026-03-21 11:31:23,421 - ERROR - Fuel Flow Sensor FAILED - Fuel flow interrupted
2026-03-21 11:31:23,422 - INFO - Voltage Sensor is healthy
2026-03-21 11:31:23,422 - INFO - Speed Sensor is healthy
2026-03-21 11:31:23,422 - INFO - Brake Pressure Sensor is healthy
2026-03-21 11:31:23,423 - INFO - Humidity Sensor is healthy
2026-03-21 11:31:23,423 - INFO - Track Alignment Sensor is healthy
2026-03-21 11:31:23,424 - INFO - Engine Load Sensor is healthy
2026-03-21 11:31:28,425 - INFO - Temperature Sensor is healthy
2026-03-21 11:31:28,426 - INFO - Pressure Sensor is healthy
2026-03-21 11:31:28,427 - INFO - Vibration Sensor is healthy
2026-03-21 11:31:28,428 - ERROR - Fuel Flow Sensor FAILED - Fuel flow interrupted
2026-03-21 11:31:28,428 - INFO - Voltage Sensor is healthy
2026-03-21 11:31:28,429 - INFO - Speed Sensor is healthy
2026-03-21 11:31:28,429 - INFO - Brake Pressure Sensor is healthy
2026-03-21 11:31:28,429 - INFO - Humidity Sensor is healthy
2026-03-21 11:31:28,430 - INFO - Track Alignment Sensor is healthy
2026-03-21 11:31:28,430 - INFO - Engine Load Sensor is healthy
2026-03-21 11:31:33,431 - INFO - Temperature Sensor is healthy
2026-03-21 11:31:33,432 - INFO - Pressure Sensor is healthy
2026-03-21 11:31:33,433 - INFO - Vibration Sensor is healthy
2026-03-21 11:31:33,434 - ERROR - Fuel Flow Sensor FAILED - Fuel flow interrupted
2026-03-21 11:31:33,434 - INFO - Voltage Sensor is healthy
2026-03-21 11:31:33,435 - INFO - Speed Sensor is healthy
2026-03-21 11:31:33,435 - INFO - Brake Pressure Sensor is healthy
2026-03-21 11:31:33,435 - INFO - Humidity Sensor is healthy
2026-03-21 11:31:33,435 - INFO - Track Alignment Sensor is healthy
2026-03-21 11:31:33,436 - INFO - Engine Load Sensor is healthy
2026-03-21 11:31:38,437 - INFO - Temperature Sensor is healthy
2026-03-21 11:31:38,438 - INFO - Pressure Sensor is healthy
2026-03-21 11:31:38,439 - INFO - Vibration Sensor is healthy
2026-03-21 11:31:38,440 - ERROR - Fuel Flow Sensor FAILED - Fuel flow interrupted
2026-03-21 11:31:38,441 - INFO - Voltage Sensor is healthy
2026-03-21 11:31:38,442 - INFO - Speed Sensor is healthy
2026-03-21 11:31:38,442 - INFO - Brake Pressure Sensor is healthy
2026-03-21 11:31:38,443 - INFO - Humidity Sensor is healthy
2026-03-21 11:31:38,444 - INFO - Track Alignment Sensor is healthy
2026-03-21 11:31:38,445 - INFO - Engine Load Sensor is healthy
2026-03-21 11:31:43,446 - INFO - Temperature Sensor is healthy
2026-03-21 11:31:43,447 - INFO - Pressure Sensor is healthy
2026-03-21 11:31:43,447 - INFO - Vibration Sensor is healthy
2026-03-21 11:31:43,448 - ERROR - Fuel Flow Sensor FAILED - Fuel flow interrupted
2026-03-21 11:31:43,448 - INFO - Voltage Sensor is healthy
2026-03-21 11:31:43,449 - INFO - Speed Sensor is healthy
2026-03-21 11:31:43,449 - INFO - Brake Pressure Sensor is healthy
2026-03-21 11:31:43,450 - INFO - Humidity Sensor is healthy
2026-03-21 11:31:43,451 - INFO - Track Alignment Sensor is healthy
2026-03-21 11:31:43,451 - INFO - Engine Load Sensor is healthy
2026-03-21 11:31:48,452 - INFO - Temperature Sensor is healthy
2026-03-21 11:31:48,453 - INFO - Pressure Sensor is healthy
2026-03-21 11:31:48,454 - INFO - Vibration Sensor is healthy
2026-03-21 11:31:48,457 - ERROR - Fuel Flow Sensor FAILED - Fuel flow interrupted
2026-03-21 11:31:48,459 - INFO - Voltage Sensor is healthy
2026-03-21 11:31:48,459 - INFO - Speed Sensor is healthy
2026-03-21 11:31:48,459 - INFO - Brake Pressure Sensor is healthy
2026-03-21 11:31:48,460 - INFO - Humidity Sensor is healthy
2026-03-21 11:31:48,460 - INFO - Track Alignment Sensor is healthy
2026-03-21 11:31:48,461 - INFO - Engine Load Sensor is healthy
2026-03-21 11:31:53,462 - INFO - Temperature Sensor is healthy
2026-03-21 11:31:53,463 - INFO - Pressure Sensor is healthy
2026-03-21 11:31:53,463 - INFO - Vibration Sensor is healthy
2026-03-21 11:31:53,463 - ERROR - Fuel Flow Sensor FAILED - Fuel flow interrupted
2026-03-21 11:31:53,464 - INFO - Voltage Sensor is healthy
2026-03-21 11:31:53,465 - INFO - Speed Sensor is healthy
2026-03-21 11:31:53,465 - INFO - Brake Pressure Sensor is healthy
2026-03-21 11:31:53,466 - INFO - Humidity Sensor is healthy
2026-03-21 11:31:53,466 - INFO - Track Alignment Sensor is healthy
2026-03-21 11:31:53,467 - INFO - Engine Load Sensor is healthy
2026-03-21 11:31:58,468 - INFO - Temperature Sensor is healthy
2026-03-21 11:31:58,469 - INFO - Pressure Sensor is healthy
2026-03-21 11:31:58,470 - INFO - Vibration Sensor is healthy
2026-03-21 11:31:58,470 - ERROR - Fuel Flow Sensor FAILED - Fuel flow interrupted
2026-03-21 11:31:58,471 - INFO - Voltage Sensor is healthy
2026-03-21 11:31:58,471 - INFO - Speed Sensor is healthy
2026-03-21 11:31:58,472 - INFO - Brake Pressure Sensor is healthy
2026-03-21 11:31:58,472 - INFO - Humidity Sensor is healthy
2026-03-21 11:31:58,473 - INFO - Track Alignment Sensor is healthy
2026-03-21 11:31:58,473 - INFO - Engine Load Sensor is healthy
2026-03-21 11:32:03,474 - INFO - Temperature Sensor is healthy
2026-03-21 11:32:03,475 - INFO - Pressure Sensor is healthy
2026-03-21 11:32:03,476 - INFO - Vibration Sensor is healthy
2026-03-21 11:32:03,476 - ERROR - Fuel Flow Sensor FAILED - Fuel flow interrupted
2026-03-21 11:32:03,476 - INFO - Voltage Sensor is healthy
2026-03-21 11:32:03,477 - INFO - Speed Sensor is healthy
2026-03-21 11:32:03,478 - INFO - Brake Pressure Sensor is healthy
2026-03-21 11:32:03,478 - INFO - Humidity Sensor is healthy
2026-03-21 11:32:03,479 - INFO - Track Alignment Sensor is healthy
2026-03-21 11:32:03,479 - INFO - Engine Load Sensor is healthy
2026-03-21 11:32:08,480 - INFO - Temperature Sensor is healthy
2026-03-21 11:32:08,480 - INFO - Pressure Sensor is healthy
2026-03-21 11:32:08,481 - INFO - Vibration Sensor is healthy
2026-03-21 11:32:08,481 - ERROR - Fuel Flow Sensor FAILED - Fuel flow interrupted
2026-03-21 11:32:08,482 - INFO - Voltage Sensor is healthy
2026-03-21 11:32:08,483 - INFO - Speed Sensor is healthy
2026-03-21 11:32:08,484 - INFO - Brake Pressure Sensor is healthy
2026-03-21 11:32:08,485 - INFO - Humidity Sensor is healthy
2026-03-21 11:32:08,486 - INFO - Track Alignment Sensor is healthy
2026-03-21 11:32:08,487 - INFO - Engine Load Sensor is healthy
2026-03-21 11:32:13,488 - INFO - Temperature Sensor is healthy
2026-03-21 11:32:13,489 - INFO - Pressure Sensor is healthy
2026-03-21 11:32:13,490 - INFO - Vibration Sensor is healthy
2026-03-21 11:32:13,490 - ERROR - Fuel Flow Sensor FAILED - Fuel flow interrupted
2026-03-21 11:32:13,491 - INFO - Voltage Sensor is healthy
2026-03-21 11:32:13,492 - INFO - Speed Sensor is healthy
2026-03-21 11:32:13,492 - INFO - Brake Pressure Sensor is healthy
2026-03-21 11:32:13,492 - INFO - Humidity Sensor is healthy
2026-03-21 11:32:13,493 - INFO - Track Alignment Sensor is healthy
2026-03-21 11:32:13,493 - INFO - Engine Load Sensor is healthy
2026-03-21 11:32:18,495 - INFO - Temperature Sensor is healthy
2026-03-21 11:32:18,496 - INFO - Pressure Sensor is healthy
2026-03-21 11:32:18,496 - INFO - Vibration Sensor is healthy
2026-03-21 11:32:18,497 - ERROR - Fuel Flow Sensor FAILED - Fuel flow interrupted
2026-03-21 11:32:18,497 - INFO - Voltage Sensor is healthy
2026-03-21 11:32:18,498 - INFO - Speed Sensor is healthy
2026-03-21 11:32:18,498 - INFO - Brake Pressure Sensor is healthy
2026-03-21 11:32:18,503 - INFO - Humidity Sensor is healthy
2026-03-21 11:32:18,503 - INFO - Track Alignment Sensor is healthy
2026-03-21 11:32:18,505 - INFO - Engine Load Sensor is healthy
2026-03-21 11:32:23,506 - INFO - Temperature Sensor is healthy
2026-03-21 11:32:23,507 - INFO - Pressure Sensor is healthy
2026-03-21 11:32:23,507 - INFO - Vibration Sensor is healthy
2026-03-21 11:32:23,507 - ERROR - Fuel Flow Sensor FAILED - Fuel flow interrupted
2026-03-21 11:32:23,508 - INFO - Voltage Sensor is healthy
2026-03-21 11:32:23,508 - INFO - Speed Sensor is healthy
2026-03-21 11:32:23,509 - INFO - Brake Pressure Sensor is healthy
2026-03-21 11:32:23,509 - INFO - Humidity Sensor is healthy
2026-03-21 11:32:23,509 - INFO - Track Alignment Sensor is healthy
2026-03-21 11:32:23,510 - INFO - Engine Load Sensor is healthy
2026-03-21 11:32:28,511 - INFO - Temperature Sensor is healthy
2026-03-21 11:32:28,512 - INFO - Pressure Sensor is healthy
2026-03-21 11:32:28,512 - INFO - Vibration Sensor is healthy
2026-03-21 11:32:28,512 - ERROR - Fuel Flow Sensor FAILED - Fuel flow interrupted
2026-03-21 11:32:28,513 - INFO - Voltage Sensor is healthy
2026-03-21 11:32:28,513 - INFO - Speed Sensor is healthy
2026-03-21 11:32:28,514 - INFO - Brake Pressure Sensor is healthy
2026-03-21 11:32:28,515 - INFO - Humidity Sensor is healthy
2026-03-21 11:32:28,516 - INFO - Track Alignment Sensor is healthy
2026-03-21 11:32:28,516 - INFO - Engine Load Sensor is healthy
2026-03-21 11:32:33,519 - INFO - Temperature Sensor is healthy
2026-03-21 11:32:33,520 - INFO - Pressure Sensor is healthy
2026-03-21 11:32:33,520 - INFO - Vibration Sensor is healthy
2026-03-21 11:32:33,521 - ERROR - Fuel Flow Sensor FAILED - Fuel flow interrupted
2026-03-21 11:32:33,521 - INFO - Voltage Sensor is healthy
2026-03-21 11:32:33,522 - INFO - Speed Sensor is healthy
2026-03-21 11:32:33,522 - INFO - Brake Pressure Sensor is healthy
2026-03-21 11:32:33,523 - INFO - Humidity Sensor is healthy
2026-03-21 11:32:33,524 - INFO - Track Alignment Sensor is healthy
2026-03-21 11:32:33,524 - INFO - Engine Load Sensor is healthy
2026-03-21 11:32:38,526 - INFO - Temperature Sensor is healthy
2026-03-21 11:32:38,527 - INFO - Pressure Sensor is healthy
2026-03-21 11:32:38,527 - INFO - Vibration Sensor is healthy
2026-03-21 11:32:38,528 - ERROR - Fuel Flow Sensor FAILED - Fuel flow interrupted
2026-03-21 11:32:38,528 - INFO - Voltage Sensor is healthy
2026-03-21 11:32:38,529 - INFO - Speed Sensor is healthy
2026-03-21 11:32:38,530 - INFO - Brake Pressure Sensor is healthy
2026-03-21 11:32:38,531 - INFO - Humidity Sensor is healthy
2026-03-21 11:32:38,531 - INFO - Track Alignment Sensor is healthy
2026-03-21 11:32:38,531 - INFO - Engine Load Sensor is healthy
2026-03-21 11:32:43,534 - INFO - Temperature Sensor is healthy
2026-03-21 11:32:43,536 - INFO - Pressure Sensor is healthy
2026-03-21 11:32:43,539 - INFO - Vibration Sensor is healthy
2026-03-21 11:32:43,541 - ERROR - Fuel Flow Sensor FAILED - Fuel flow interrupted
2026-03-21 11:32:43,542 - INFO - Voltage Sensor is healthy
2026-03-21 11:32:43,542 - INFO - Speed Sensor is healthy
2026-03-21 11:32:43,543 - INFO - Brake Pressure Sensor is healthy
2026-03-21 11:32:43,545 - INFO - Humidity Sensor is healthy
2026-03-21 11:32:43,546 - INFO - Track Alignment Sensor is healthy
2026-03-21 11:32:43,548 - INFO - Engine Load Sensor is healthy
2026-03-21 11:32:48,551 - INFO - Temperature Sensor is healthy
2026-03-21 11:32:48,552 - INFO - Pressure Sensor is healthy
2026-03-21 11:32:48,552 - INFO - Vibration Sensor is healthy
2026-03-21 11:32:48,553 - ERROR - Fuel Flow Sensor FAILED - Fuel flow interrupted
2026-03-21 11:32:48,553 - INFO - Voltage Sensor is healthy
2026-03-21 11:32:48,553 - INFO - Speed Sensor is healthy
2026-03-21 11:32:48,554 - INFO - Brake Pressure Sensor is healthy
2026-03-21 11:32:48,554 - INFO - Humidity Sensor is healthy
2026-03-21 11:32:48,555 - INFO - Track Alignment Sensor is healthy
2026-03-21 11:32:48,555 - INFO - Engine Load Sensor is healthy
2026-03-21 11:32:53,556 - INFO - Temperature Sensor is healthy
2026-03-21 11:32:53,557 - INFO - Pressure Sensor is healthy
2026-03-21 11:32:53,557 - INFO - Vibration Sensor is healthy
2026-03-21 11:32:53,558 - ERROR - Fuel Flow Sensor FAILED - Fuel flow interrupted
2026-03-21 11:32:53,558 - INFO - Voltage Sensor is healthy
2026-03-21 11:32:53,559 - INFO - Speed Sensor is healthy
2026-03-21 11:32:53,559 - INFO - Brake Pressure Sensor is healthy
2026-03-21 11:32:53,560 - INFO - Humidity Sensor is healthy
2026-03-21 11:32:53,560 - INFO - Track Alignment Sensor is healthy
2026-03-21 11:32:53,560 - INFO - Engine Load Sensor is healthy
2026-03-21 11:32:58,562 - INFO - Temperature Sensor is healthy
2026-03-21 11:32:58,563 - INFO - Pressure Sensor is healthy
2026-03-21 11:32:58,563 - INFO - Vibration Sensor is healthy
2026-03-21 11:32:58,563 - ERROR - Fuel Flow Sensor FAILED - Fuel flow interrupted
2026-03-21 11:32:58,564 - INFO - Voltage Sensor is healthy
2026-03-21 11:32:58,564 - INFO - Speed Sensor is healthy
2026-03-21 11:32:58,564 - INFO - Brake Pressure Sensor is healthy
2026-03-21 11:32:58,565 - INFO - Humidity Sensor is healthy
2026-03-21 11:32:58,565 - INFO - Track Alignment Sensor is healthy
2026-03-21 11:32:58,565 - INFO - Engine Load Sensor is healthy
2026-03-21 11:33:03,566 - INFO - Temperature Sensor is healthy
2026-03-21 11:33:03,567 - INFO - Pressure Sensor is healthy
2026-03-21 11:33:03,567 - INFO - Vibration Sensor is healthy
2026-03-21 11:33:03,568 - ERROR - Fuel Flow Sensor FAILED - Fuel flow interrupted
2026-03-21 11:33:03,569 - INFO - Voltage Sensor is healthy
2026-03-21 11:33:03,571 - INFO - Speed Sensor is healthy
2026-03-21 11:33:03,572 - INFO - Brake Pressure Sensor is healthy
2026-03-21 11:33:03,572 - INFO - Humidity Sensor is healthy
2026-03-21 11:33:03,573 - INFO - Track Alignment Sensor is healthy
2026-03-21 11:33:03,573 - INFO - Engine Load Sensor is healthy
2026-03-21 11:33:08,574 - INFO - Temperature Sensor is healthy
2026-03-21 11:33:08,575 - INFO - Pressure Sensor is healthy
2026-03-21 11:33:08,575 - INFO - Vibration Sensor is healthy
2026-03-21 11:33:08,576 - ERROR - Fuel Flow Sensor FAILED - Fuel flow interrupted
2026-03-21 11:33:08,577 - INFO - Voltage Sensor is healthy
2026-03-21 11:33:08,577 - INFO - Speed Sensor is healthy
2026-03-21 11:33:08,578 - INFO - Brake Pressure Sensor is healthy
2026-03-21 11:33:08,579 - INFO - Humidity Sensor is healthy
2026-03-21 11:33:08,580 - INFO - Track Alignment Sensor is healthy
2026-03-21 11:33:08,581 - INFO - Engine Load Sensor is healthy
2026-03-21 11:33:13,583 - INFO - Temperature Sensor is healthy
2026-03-21 11:33:13,584 - INFO - Pressure Sensor is healthy
2026-03-21 11:33:13,585 - INFO - Vibration Sensor is healthy
2026-03-21 11:33:13,586 - ERROR - Fuel Flow Sensor FAILED - Fuel flow interrupted
2026-03-21 11:33:13,587 - INFO - Voltage Sensor is healthy
2026-03-21 11:33:13,587 - INFO - Speed Sensor is healthy
2026-03-21 11:33:13,587 - INFO - Brake Pressure Sensor is healthy
2026-03-21 11:33:13,588 - INFO - Humidity Sensor is healthy
2026-03-21 11:33:13,588 - INFO - Track Alignment Sensor is healthy
2026-03-21 11:33:13,588 - INFO - Engine Load Sensor is healthy
2026-03-21 11:33:18,589 - INFO - Temperature Sensor is healthy
2026-03-21 11:33:18,590 - INFO - Pressure Sensor is healthy
2026-03-21 11:33:18,590 - INFO - Vibration Sensor is healthy
2026-03-21 11:33:18,591 - ERROR - Fuel Flow Sensor FAILED - Fuel flow interrupted
2026-03-21 11:33:18,591 - INFO - Voltage Sensor is healthy
2026-03-21 11:33:18,592 - INFO - Speed Sensor is healthy
2026-03-21 11:33:18,592 - INFO - Brake Pressure Sensor is healthy
2026-03-21 11:33:18,593 - INFO - Humidity Sensor is healthy
2026-03-21 11:33:18,593 - INFO - Track Alignment Sensor is healthy
2026-03-21 11:33:18,594 - INFO - Engine Load Sensor is healthy
2026-03-21 11:33:23,595 - INFO - Temperature Sensor is healthy
2026-03-21 11:33:23,595 - INFO - Pressure Sensor is healthy
2026-03-21 11:33:23,596 - INFO - Vibration Sensor is healthy
2026-03-21 11:33:23,596 - ERROR - Fuel Flow Sensor FAILED - Fuel flow interrupted
2026-03-21 11:33:23,597 - INFO - Voltage Sensor is healthy
2026-03-21 11:33:23,597 - INFO - Speed Sensor is healthy
2026-03-21 11:33:23,597 - INFO - Brake Pressure Sensor is healthy
2026-03-21 11:33:23,598 - INFO - Humidity Sensor is healthy
2026-03-21 11:33:23,598 - INFO - Track Alignment Sensor is healthy
2026-03-21 11:33:23,599 - INFO - Engine Load Sensor is healthy
2026-03-21 11:33:28,600 - INFO - Temperature Sensor is healthy
2026-03-21 11:33:28,601 - INFO - Pressure Sensor is healthy
2026-03-21 11:33:28,601 - INFO - Vibration Sensor is healthy
2026-03-21 11:33:28,602 - ERROR - Fuel Flow Sensor FAILED - Fuel flow interrupted
2026-03-21 11:33:28,602 - INFO - Voltage Sensor is healthy
2026-03-21 11:33:28,602 - INFO - Speed Sensor is healthy
2026-03-21 11:33:28,603 - INFO - Brake Pressure Sensor is healthy
2026-03-21 11:33:28,603 - INFO - Humidity Sensor is healthy
2026-03-21 11:33:28,604 - INFO - Track Alignment Sensor is healthy
2026-03-21 11:33:28,604 - INFO - Engine Load Sensor is healthy
2026-03-21 11:33:33,605 - INFO - Temperature Sensor is healthy
2026-03-21 11:33:33,606 - INFO - Pressure Sensor is healthy
2026-03-21 11:33:33,606 - INFO - Vibration Sensor is healthy
2026-03-21 11:33:33,606 - ERROR - Fuel Flow Sensor FAILED - Fuel flow interrupted
2026-03-21 11:33:33,607 - INFO - Voltage Sensor is healthy
2026-03-21 11:33:33,607 - INFO - Speed Sensor is healthy
2026-03-21 11:33:33,607 - INFO - Brake Pressure Sensor is healthy
2026-03-21 11:33:33,608 - INFO - Humidity Sensor is healthy
2026-03-21 11:33:33,608 - INFO - Track Alignment Sensor is healthy
2026-03-21 11:33:33,609 - INFO - Engine Load Sensor is healthy
2026-03-21 11:33:38,609 - INFO - Temperature Sensor is healthy
2026-03-21 11:33:38,610 - INFO - Pressure Sensor is healthy
2026-03-21 11:33:38,611 - INFO - Vibration Sensor is healthy
2026-03-21 11:33:38,611 - ERROR - Fuel Flow Sensor FAILED - Fuel flow interrupted
2026-03-21 11:33:38,611 - INFO - Voltage Sensor is healthy
2026-03-21 11:33:38,612 - INFO - Speed Sensor is healthy
2026-03-21 11:33:38,613 - INFO - Brake Pressure Sensor is healthy
2026-03-21 11:33:38,614 - INFO - Humidity Sensor is healthy
2026-03-21 11:33:38,614 - INFO - Track Alignment Sensor is healthy
2026-03-21 11:33:38,615 - INFO - Engine Load Sensor is healthy
2026-03-21 11:33:43,616 - INFO - Temperature Sensor is healthy
2026-03-21 11:33:43,617 - INFO - Pressure Sensor is healthy
2026-03-21 11:33:43,617 - INFO - Vibration Sensor is healthy
2026-03-21 11:33:43,618 - ERROR - Fuel Flow Sensor FAILED - Fuel flow interrupted
2026-03-21 11:33:43,618 - INFO - Voltage Sensor is healthy
2026-03-21 11:33:43,619 - INFO - Speed Sensor is healthy
2026-03-21 11:33:43,619 - INFO - Brake Pressure Sensor is healthy
2026-03-21 11:33:43,620 - INFO - Humidity Sensor is healthy
2026-03-21 11:33:43,620 - INFO - Track Alignment Sensor is healthy
2026-03-21 11:33:43,621 - INFO - Engine Load Sensor is healthy
2026-03-21 11:33:48,621 - INFO - Temperature Sensor is healthy
2026-03-21 11:33:48,622 - INFO - Pressure Sensor is healthy
2026-03-21 11:33:48,622 - INFO - Vibration Sensor is healthy
2026-03-21 11:33:48,623 - ERROR - Fuel Flow Sensor FAILED - Fuel flow interrupted
2026-03-21 11:33:48,623 - INFO - Voltage Sensor is healthy
2026-03-21 11:33:48,624 - INFO - Speed Sensor is healthy
2026-03-21 11:33:48,624 - INFO - Brake Pressure Sensor is healthy
2026-03-21 11:33:48,625 - INFO - Humidity Sensor is healthy
2026-03-21 11:33:48,625 - INFO - Track Alignment Sensor is healthy
2026-03-21 11:33:48,625 - INFO - Engine Load Sensor is healthy
2026-03-21 11:33:53,626 - INFO - Temperature Sensor is healthy
2026-03-21 11:33:53,627 - INFO - Pressure Sensor is healthy
2026-03-21 11:33:53,628 - INFO - Vibration Sensor is healthy
2026-03-21 11:33:53,628 - ERROR - Fuel Flow Sensor FAILED - Fuel flow interrupted
2026-03-21 11:33:53,629 - INFO - Voltage Sensor is healthy
2026-03-21 11:33:53,629 - INFO - Speed Sensor is healthy
2026-03-21 11:33:53,629 - INFO - Brake Pressure Sensor is healthy
2026-03-21 11:33:53,630 - INFO - Humidity Sensor is healthy
2026-03-21 11:33:53,630 - INFO - Track Alignment Sensor is healthy
2026-03-21 11:33:53,630 - INFO - Engine Load Sensor is healthy
2026-03-21 11:33:58,631 - INFO - Temperature Sensor is healthy
2026-03-21 11:33:58,632 - INFO - Pressure Sensor is healthy
2026-03-21 11:33:58,632 - INFO - Vibration Sensor is healthy
2026-03-21 11:33:58,632 - ERROR - Fuel Flow Sensor FAILED - Fuel flow interrupted
2026-03-21 11:33:58,633 - INFO - Voltage Sensor is healthy
2026-03-21 11:33:58,633 - INFO - Speed Sensor is healthy
2026-03-21 11:33:58,634 - INFO - Brake Pressure Sensor is healthy
2026-03-21 11:33:58,634 - INFO - Humidity Sensor is healthy
2026-03-21 11:33:58,635 - INFO - Track Alignment Sensor is healthy
2026-03-21 11:33:58,636 - INFO - Engine Load Sensor is healthy
2026-03-21 11:34:03,638 - INFO - Temperature Sensor is healthy
2026-03-21 11:34:03,639 - INFO - Pressure Sensor is healthy
2026-03-21 11:34:03,639 - INFO - Vibration Sensor is healthy
2026-03-21 11:34:03,640 - ERROR - Fuel Flow Sensor FAILED - Fuel flow interrupted
2026-03-21 11:34:03,641 - INFO - Voltage Sensor is healthy
2026-03-21 11:34:03,642 - INFO - Speed Sensor is healthy
2026-03-21 11:34:03,643 - INFO - Brake Pressure Sensor is healthy
2026-03-21 11:34:03,643 - INFO - Humidity Sensor is healthy
2026-03-21 11:34:03,644 - INFO - Track Alignment Sensor is healthy
2026-03-21 11:34:03,646 - INFO - Engine Load Sensor is healthy
2026-03-21 11:34:08,647 - INFO - Temperature Sensor is healthy
2026-03-21 11:34:08,648 - INFO - Pressure Sensor is healthy
2026-03-21 11:34:08,648 - INFO - Vibration Sensor is healthy
2026-03-21 11:34:08,649 - ERROR - Fuel Flow Sensor FAILED - Fuel flow interrupted
2026-03-21 11:34:08,649 - INFO - Voltage Sensor is healthy
2026-03-21 11:34:08,650 - INFO - Speed Sensor is healthy
2026-03-21 11:34:08,650 - INFO - Brake Pressure Sensor is healthy
2026-03-21 11:34:08,651 - INFO - Humidity Sensor is healthy
2026-03-21 11:34:08,651 - INFO - Track Alignment Sensor is healthy
2026-03-21 11:34:08,652 - INFO - Engine Load Sensor is healthy
2026-03-21 11:34:13,653 - INFO - Temperature Sensor is healthy
2026-03-21 11:34:13,653 - INFO - Pressure Sensor is healthy
2026-03-21 11:34:13,654 - INFO - Vibration Sensor is healthy
2026-03-21 11:34:13,654 - ERROR - Fuel Flow Sensor FAILED - Fuel flow interrupted
2026-03-21 11:34:13,655 - INFO - Voltage Sensor is healthy
2026-03-21 11:34:13,655 - INFO - Speed Sensor is healthy
2026-03-21 11:34:13,655 - INFO - Brake Pressure Sensor is healthy
2026-03-21 11:34:13,655 - INFO - Humidity Sensor is healthy
2026-03-21 11:34:13,656 - INFO - Track Alignment Sensor is healthy
2026-03-21 11:34:13,656 - INFO - Engine Load Sensor is healthy
2026-03-21 11:34:18,657 - INFO - Temperature Sensor is healthy
2026-03-21 11:34:18,658 - INFO - Pressure Sensor is healthy
2026-03-21 11:34:18,658 - INFO - Vibration Sensor is healthy
2026-03-21 11:34:18,658 - ERROR - Fuel Flow Sensor FAILED - Fuel flow interrupted
2026-03-21 11:34:18,659 - INFO - Voltage Sensor is healthy
2026-03-21 11:34:18,660 - INFO - Speed Sensor is healthy
2026-03-21 11:34:18,660 - INFO - Brake Pressure Sensor is healthy
2026-03-21 11:34:18,661 - INFO - Humidity Sensor is healthy
2026-03-21 11:34:18,661 - INFO - Track Alignment Sensor is healthy
2026-03-21 11:34:18,662 - INFO - Engine Load Sensor is healthy
2026-03-21 11:34:23,663 - INFO - Temperature Sensor is healthy
2026-03-21 11:34:23,664 - INFO - Pressure Sensor is healthy
2026-03-21 11:34:23,664 - INFO - Vibration Sensor is healthy
2026-03-21 11:34:23,665 - ERROR - Fuel Flow Sensor FAILED - Fuel flow interrupted
2026-03-21 11:34:23,665 - INFO - Voltage Sensor is healthy
2026-03-21 11:34:23,665 - INFO - Speed Sensor is healthy
2026-03-21 11:34:23,666 - INFO - Brake Pressure Sensor is healthy
2026-03-21 11:34:23,666 - INFO - Humidity Sensor is healthy
2026-03-21 11:34:23,666 - INFO - Track Alignment Sensor is healthy
2026-03-21 11:34:23,667 - INFO - Engine Load Sensor is healthy
2026-03-21 11:34:28,668 - INFO - Temperature Sensor is healthy
2026-03-21 11:34:28,669 - INFO - Pressure Sensor is healthy
2026-03-21 11:34:28,670 - INFO - Vibration Sensor is healthy
2026-03-21 11:34:28,671 - ERROR - Fuel Flow Sensor FAILED - Fuel flow interrupted
2026-03-21 11:34:28,671 - INFO - Voltage Sensor is healthy
2026-03-21 11:34:28,672 - INFO - Speed Sensor is healthy
2026-03-21 11:34:28,673 - INFO - Brake Pressure Sensor is healthy
2026-03-21 11:34:28,673 - INFO - Humidity Sensor is healthy
2026-03-21 11:34:28,673 - INFO - Track Alignment Sensor is healthy
2026-03-21 11:34:28,674 - INFO - Engine Load Sensor is healthy
2026-03-21 11:34:33,675 - INFO - Temperature Sensor is healthy
2026-03-21 11:34:33,676 - INFO - Pressure Sensor is healthy
2026-03-21 11:34:33,676 - INFO - Vibration Sensor is healthy
2026-03-21 11:34:33,677 - ERROR - Fuel Flow Sensor FAILED - Fuel flow interrupted
2026-03-21 11:34:33,678 - INFO - Voltage Sensor is healthy
2026-03-21 11:34:33,678 - INFO - Speed Sensor is healthy
2026-03-21 11:34:33,679 - INFO - Brake Pressure Sensor is healthy
2026-03-21 11:34:33,679 - INFO - Humidity Sensor is healthy
2026-03-21 11:34:33,679 - INFO - Track Alignment Sensor is healthy
2026-03-21 11:34:33,680 - INFO - Engine Load Sensor is healthy
2026-03-21 11:34:38,680 - INFO - Temperature Sensor is healthy
2026-03-21 11:34:38,681 - INFO - Pressure Sensor is healthy
2026-03-21 11:34:38,681 - INFO - Vibration Sensor is healthy
2026-03-21 11:34:38,682 - ERROR - Fuel Flow Sensor FAILED - Fuel flow interrupted
2026-03-21 11:34:38,682 - INFO - Voltage Sensor is healthy
2026-03-21 11:34:38,683 - INFO - Speed Sensor is healthy
2026-03-21 11:34:38,683 - INFO - Brake Pressure Sensor is healthy
2026-03-21 11:34:38,683 - INFO - Humidity Sensor is healthy
2026-03-21 11:34:38,684 - INFO - Track Alignment Sensor is healthy
2026-03-21 11:34:38,685 - INFO - Engine Load Sensor is healthy
2026-03-21 11:34:43,686 - INFO - Temperature Sensor is healthy
2026-03-21 11:34:43,687 - INFO - Pressure Sensor is healthy
2026-03-21 11:34:43,687 - INFO - Vibration Sensor is healthy
2026-03-21 11:34:43,688 - ERROR - Fuel Flow Sensor FAILED - Fuel flow interrupted
2026-03-21 11:34:43,688 - INFO - Voltage Sensor is healthy
2026-03-21 11:34:43,688 - INFO - Speed Sensor is healthy
2026-03-21 11:34:43,689 - INFO - Brake Pressure Sensor is healthy
2026-03-21 11:34:43,689 - INFO - Humidity Sensor is healthy
2026-03-21 11:34:43,689 - INFO - Track Alignment Sensor is healthy
2026-03-21 11:34:43,690 - INFO - Engine Load Sensor is healthy
2026-03-21 11:34:48,692 - INFO - Temperature Sensor is healthy
2026-03-21 11:34:48,694 - INFO - Pressure Sensor is healthy
2026-03-21 11:34:48,696 - INFO - Vibration Sensor is healthy
2026-03-21 11:34:48,697 - ERROR - Fuel Flow Sensor FAILED - Fuel flow interrupted
2026-03-21 11:34:48,698 - INFO - Voltage Sensor is healthy
2026-03-21 11:34:48,701 - INFO - Speed Sensor is healthy
2026-03-21 11:34:48,702 - INFO - Brake Pressure Sensor is healthy
2026-03-21 11:34:48,706 - INFO - Humidity Sensor is healthy
2026-03-21 11:34:48,707 - INFO - Track Alignment Sensor is healthy
2026-03-21 11:34:48,708 - INFO - Engine Load Sensor is healthy
2026-03-21 11:34:53,709 - INFO - Temperature Sensor is healthy
2026-03-21 11:34:53,710 - INFO - Pressure Sensor is healthy
2026-03-21 11:34:53,711 - INFO - Vibration Sensor is healthy
2026-03-21 11:34:53,711 - ERROR - Fuel Flow Sensor FAILED - Fuel flow interrupted
2026-03-21 11:34:53,712 - INFO - Voltage Sensor is healthy
2026-03-21 11:34:53,713 - INFO - Speed Sensor is healthy
2026-03-21 11:34:53,713 - INFO - Brake Pressure Sensor is healthy
2026-03-21 11:34:53,713 - INFO - Humidity Sensor is healthy
2026-03-21 11:34:53,714 - INFO - Track Alignment Sensor is healthy
2026-03-21 11:34:53,714 - INFO - Engine Load Sensor is healthy
2026-03-21 11:34:58,715 - INFO - Temperature Sensor is healthy
2026-03-21 11:34:58,716 - INFO - Pressure Sensor is healthy
2026-03-21 11:34:58,716 - INFO - Vibration Sensor is healthy
2026-03-21 11:34:58,716 - ERROR - Fuel Flow Sensor FAILED - Fuel flow interrupted
2026-03-21 11:34:58,716 - INFO - Voltage Sensor is healthy
2026-03-21 11:34:58,717 - INFO - Speed Sensor is healthy
2026-03-21 11:34:58,717 - INFO - Brake Pressure Sensor is healthy
2026-03-21 11:34:58,718 - INFO - Humidity Sensor is healthy
2026-03-21 11:34:58,718 - INFO - Track Alignment Sensor is healthy
2026-03-21 11:34:58,719 - INFO - Engine Load Sensor is healthy
2026-03-21 11:35:03,719 - INFO - Temperature Sensor is healthy
2026-03-21 11:35:03,720 - INFO - Pressure Sensor is healthy
2026-03-21 11:35:03,720 - INFO - Vibration Sensor is healthy
2026-03-21 11:35:03,721 - ERROR - Fuel Flow Sensor FAILED - Fuel flow interrupted
2026-03-21 11:35:03,722 - INFO - Voltage Sensor is healthy
2026-03-21 11:35:03,723 - INFO - Speed Sensor is healthy
2026-03-21 11:35:03,723 - INFO - Brake Pressure Sensor is healthy
2026-03-21 11:35:03,724 - INFO - Humidity Sensor is healthy
2026-03-21 11:35:03,725 - INFO - Track Alignment Sensor is healthy
2026-03-21 11:35:03,725 - INFO - Engine Load Sensor is healthy
2026-03-21 11:35:08,727 - INFO - Temperature Sensor is healthy
2026-03-21 11:35:08,728 - INFO - Pressure Sensor is healthy
2026-03-21 11:35:08,728 - INFO - Vibration Sensor is healthy
2026-03-21 11:35:08,729 - ERROR - Fuel Flow Sensor FAILED - Fuel flow interrupted
2026-03-21 11:35:08,729 - INFO - Voltage Sensor is healthy
2026-03-21 11:35:08,730 - INFO - Speed Sensor is healthy
2026-03-21 11:35:08,730 - INFO - Brake Pressure Sensor is healthy
2026-03-21 11:35:08,730 - INFO - Humidity Sensor is healthy
2026-03-21 11:35:08,731 - INFO - Track Alignment Sensor is healthy
2026-03-21 11:35:08,731 - INFO - Engine Load Sensor is healthy
2026-03-21 11:35:13,733 - INFO - Temperature Sensor is healthy
2026-03-21 11:35:13,734 - INFO - Pressure Sensor is healthy
2026-03-21 11:35:13,734 - INFO - Vibration Sensor is healthy
2026-03-21 11:35:13,735 - ERROR - Fuel Flow Sensor FAILED - Fuel flow interrupted
2026-03-21 11:35:13,736 - INFO - Voltage Sensor is healthy
2026-03-21 11:35:13,736 - INFO - Speed Sensor is healthy
2026-03-21 11:35:13,737 - INFO - Brake Pressure Sensor is healthy
2026-03-21 11:35:13,737 - INFO - Humidity Sensor is healthy
2026-03-21 11:35:13,738 - INFO - Track Alignment Sensor is healthy
2026-03-21 11:35:13,738 - INFO - Engine Load Sensor is healthy
2026-03-21 11:35:18,739 - INFO - Temperature Sensor is healthy
2026-03-21 11:35:18,740 - INFO - Pressure Sensor is healthy
2026-03-21 11:35:18,740 - INFO - Vibration Sensor is healthy
2026-03-21 11:35:18,741 - ERROR - Fuel Flow Sensor FAILED - Fuel flow interrupted
2026-03-21 11:35:18,741 - INFO - Voltage Sensor is healthy
2026-03-21 11:35:18,742 - INFO - Speed Sensor is healthy
2026-03-21 11:35:18,742 - INFO - Brake Pressure Sensor is healthy
2026-03-21 11:35:18,742 - INFO - Humidity Sensor is healthy
2026-03-21 11:35:18,743 - INFO - Track Alignment Sensor is healthy
2026-03-21 11:35:18,743 - INFO - Engine Load Sensor is healthy
2026-03-21 11:35:23,744 - INFO - Temperature Sensor is healthy
2026-03-21 11:35:23,745 - INFO - Pressure Sensor is healthy
2026-03-21 11:35:23,745 - INFO - Vibration Sensor is healthy
2026-03-21 11:35:23,746 - ERROR - Fuel Flow Sensor FAILED - Fuel flow interrupted
2026-03-21 11:35:23,746 - INFO - Voltage Sensor is healthy
2026-03-21 11:35:23,746 - INFO - Speed Sensor is healthy
2026-03-21 11:35:23,747 - INFO - Brake Pressure Sensor is healthy
2026-03-21 11:35:23,747 - INFO - Humidity Sensor is healthy
2026-03-21 11:35:23,747 - INFO - Track Alignment Sensor is healthy
2026-03-21 11:35:23,748 - INFO - Engine Load Sensor is healthy
2026-03-21 11:35:28,748 - INFO - Temperature Sensor is healthy
2026-03-21 11:35:28,749 - INFO - Pressure Sensor is healthy
2026-03-21 11:35:28,750 - INFO - Vibration Sensor is healthy
2026-03-21 11:35:28,750 - ERROR - Fuel Flow Sensor FAILED - Fuel flow interrupted
2026-03-21 11:35:28,751 - INFO - Voltage Sensor is healthy
2026-03-21 11:35:28,753 - INFO - Speed Sensor is healthy
2026-03-21 11:35:28,753 - INFO - Brake Pressure Sensor is healthy
2026-03-21 11:35:28,755 - INFO - Humidity Sensor is healthy
2026-03-21 11:35:28,757 - INFO - Track Alignment Sensor is healthy
2026-03-21 11:35:28,759 - INFO - Engine Load Sensor is healthy
2026-03-21 11:35:33,760 - INFO - Temperature Sensor is healthy
2026-03-21 11:35:33,761 - INFO - Pressure Sensor is healthy
2026-03-21 11:35:33,762 - INFO - Vibration Sensor is healthy
2026-03-21 11:35:33,780 - ERROR - Fuel Flow Sensor FAILED - Fuel flow interrupted
2026-03-21 11:35:33,781 - INFO - Voltage Sensor is healthy
2026-03-21 11:35:33,781 - INFO - Speed Sensor is healthy
2026-03-21 11:35:33,782 - INFO - Brake Pressure Sensor is healthy
2026-03-21 11:35:33,782 - INFO - Humidity Sensor is healthy
2026-03-21 11:35:33,782 - INFO - Track Alignment Sensor is healthy
2026-03-21 11:35:33,783 - INFO - Engine Load Sensor is healthy
2026-03-21 11:35:38,784 - INFO - Temperature Sensor is healthy
2026-03-21 11:35:38,785 - INFO - Pressure Sensor is healthy
2026-03-21 11:35:38,786 - INFO - Vibration Sensor is healthy
2026-03-21 11:35:38,786 - ERROR - Fuel Flow Sensor FAILED - Fuel flow interrupted
2026-03-21 11:35:38,787 - INFO - Voltage Sensor is healthy
2026-03-21 11:35:38,787 - INFO - Speed Sensor is healthy
2026-03-21 11:35:38,788 - INFO - Brake Pressure Sensor is healthy
2026-03-21 11:35:38,789 - INFO - Humidity Sensor is healthy
2026-03-21 11:35:38,790 - INFO - Track Alignment Sensor is healthy
2026-03-21 11:35:38,790 - INFO - Engine Load Sensor is healthy
2026-03-21 11:35:43,791 - INFO - Temperature Sensor is healthy
2026-03-21 11:35:43,792 - INFO - Pressure Sensor is healthy
2026-03-21 11:35:43,792 - INFO - Vibration Sensor is healthy
2026-03-21 11:35:43,793 - ERROR - Fuel Flow Sensor FAILED - Fuel flow interrupted
2026-03-21 11:35:43,793 - INFO - Voltage Sensor is healthy
2026-03-21 11:35:43,794 - INFO - Speed Sensor is healthy
2026-03-21 11:35:43,794 - INFO - Brake Pressure Sensor is healthy
2026-03-21 11:35:43,795 - INFO - Humidity Sensor is healthy
2026-03-21 11:35:43,795 - INFO - Track Alignment Sensor is healthy
2026-03-21 11:35:43,795 - INFO - Engine Load Sensor is healthy
2026-03-21 11:35:48,797 - INFO - Temperature Sensor is healthy
2026-03-21 11:35:48,798 - INFO - Pressure Sensor is healthy
2026-03-21 11:35:48,798 - INFO - Vibration Sensor is healthy
2026-03-21 11:35:48,799 - ERROR - Fuel Flow Sensor FAILED - Fuel flow interrupted
2026-03-21 11:35:48,799 - INFO - Voltage Sensor is healthy
2026-03-21 11:35:48,799 - INFO - Speed Sensor is healthy
2026-03-21 11:35:48,800 - INFO - Brake Pressure Sensor is healthy
2026-03-21 11:35:48,800 - INFO - Humidity Sensor is healthy
2026-03-21 11:35:48,801 - INFO - Track Alignment Sensor is healthy
2026-03-21 11:35:48,801 - INFO - Engine Load Sensor is healthy
2026-03-21 11:35:53,802 - INFO - Temperature Sensor is healthy
2026-03-21 11:35:53,808 - INFO - Pressure Sensor is healthy
2026-03-21 11:35:53,810 - INFO - Vibration Sensor is healthy
2026-03-21 11:35:53,811 - ERROR - Fuel Flow Sensor FAILED - Fuel flow interrupted
2026-03-21 11:35:53,813 - INFO - Voltage Sensor is healthy
2026-03-21 11:35:53,819 - INFO - Speed Sensor is healthy
2026-03-21 11:35:53,828 - INFO - Brake Pressure Sensor is healthy
2026-03-21 11:35:53,833 - INFO - Humidity Sensor is healthy
2026-03-21 11:35:53,848 - INFO - Track Alignment Sensor is healthy
2026-03-21 11:35:53,852 - INFO - Engine Load Sensor is healthy
2026-03-21 11:35:58,868 - INFO - Temperature Sensor is healthy
2026-03-21 11:35:58,869 - INFO - Pressure Sensor is healthy
2026-03-21 11:35:58,869 - INFO - Vibration Sensor is healthy
2026-03-21 11:35:58,870 - ERROR - Fuel Flow Sensor FAILED - Fuel flow interrupted
2026-03-21 11:35:58,871 - INFO - Voltage Sensor is healthy
2026-03-21 11:35:58,871 - INFO - Speed Sensor is healthy
2026-03-21 11:35:58,872 - INFO - Brake Pressure Sensor is healthy
2026-03-21 11:35:58,872 - INFO - Humidity Sensor is healthy
2026-03-21 11:35:58,873 - INFO - Track Alignment Sensor is healthy
2026-03-21 11:35:58,874 - INFO - Engine Load Sensor is healthy
2026-03-21 11:36:03,875 - INFO - Temperature Sensor is healthy
2026-03-21 11:36:03,875 - INFO - Pressure Sensor is healthy
2026-03-21 11:36:03,894 - INFO - Vibration Sensor is healthy
2026-03-21 11:36:03,895 - ERROR - Fuel Flow Sensor FAILED - Fuel flow interrupted
2026-03-21 11:36:03,895 - INFO - Voltage Sensor is healthy
2026-03-21 11:36:03,896 - INFO - Speed Sensor is healthy
2026-03-21 11:36:03,896 - INFO - Brake Pressure Sensor is healthy
2026-03-21 11:36:03,897 - INFO - Humidity Sensor is healthy
2026-03-21 11:36:03,897 - INFO - Track Alignment Sensor is healthy
2026-03-21 11:36:03,898 - INFO - Engine Load Sensor is healthy
2026-03-21 11:36:08,899 - INFO - Temperature Sensor is healthy
2026-03-21 11:36:08,900 - INFO - Pressure Sensor is healthy
2026-03-21 11:36:08,900 - INFO - Vibration Sensor is healthy
2026-03-21 11:36:08,900 - ERROR - Fuel Flow Sensor FAILED - Fuel flow interrupted
2026-03-21 11:36:08,901 - INFO - Voltage Sensor is healthy
2026-03-21 11:36:08,901 - INFO - Speed Sensor is healthy
2026-03-21 11:36:08,901 - INFO - Brake Pressure Sensor is healthy
2026-03-21 11:36:08,902 - INFO - Humidity Sensor is healthy
2026-03-21 11:36:08,902 - INFO - Track Alignment Sensor is healthy
2026-03-21 11:36:08,903 - INFO - Engine Load Sensor is healthy
2026-03-21 11:36:13,904 - INFO - Temperature Sensor is healthy
2026-03-21 11:36:13,905 - INFO - Pressure Sensor is healthy
2026-03-21 11:36:13,905 - INFO - Vibration Sensor is healthy
2026-03-21 11:36:13,907 - ERROR - Fuel Flow Sensor FAILED - Fuel flow interrupted
2026-03-21 11:36:13,907 - INFO - Voltage Sensor is healthy
2026-03-21 11:36:13,908 - INFO - Speed Sensor is healthy
2026-03-21 11:36:13,908 - INFO - Brake Pressure Sensor is healthy
2026-03-21 11:36:13,909 - INFO - Humidity Sensor is healthy
2026-03-21 11:36:13,909 - INFO - Track Alignment Sensor is healthy
2026-03-21 11:36:13,909 - INFO - Engine Load Sensor is healthy
2026-03-21 11:36:18,911 - INFO - Temperature Sensor is healthy
2026-03-21 11:36:18,911 - INFO - Pressure Sensor is healthy
2026-03-21 11:36:18,912 - INFO - Vibration Sensor is healthy
2026-03-21 11:36:18,912 - ERROR - Fuel Flow Sensor FAILED - Fuel flow interrupted
2026-03-21 11:36:18,913 - INFO - Voltage Sensor is healthy
2026-03-21 11:36:18,913 - INFO - Speed Sensor is healthy
2026-03-21 11:36:18,914 - INFO - Brake Pressure Sensor is healthy
2026-03-21 11:36:18,914 - INFO - Humidity Sensor is healthy
2026-03-21 11:36:18,915 - INFO - Track Alignment Sensor is healthy
2026-03-21 11:36:18,915 - INFO - Engine Load Sensor is healthy
2026-03-21 11:36:23,916 - INFO - Temperature Sensor is healthy
2026-03-21 11:36:23,917 - INFO - Pressure Sensor is healthy
2026-03-21 11:36:23,917 - INFO - Vibration Sensor is healthy
2026-03-21 11:36:23,918 - ERROR - Fuel Flow Sensor FAILED - Fuel flow interrupted
2026-03-21 11:36:23,919 - INFO - Voltage Sensor is healthy
2026-03-21 11:36:23,920 - INFO - Speed Sensor is healthy
2026-03-21 11:36:23,921 - INFO - Brake Pressure Sensor is healthy
2026-03-21 11:36:23,921 - INFO - Humidity Sensor is healthy
2026-03-21 11:36:23,922 - INFO - Track Alignment Sensor is healthy
2026-03-21 11:36:23,926 - INFO - Engine Load Sensor is healthy
2026-03-21 11:36:28,927 - INFO - Temperature Sensor is healthy
2026-03-21 11:36:28,928 - INFO - Pressure Sensor is healthy
2026-03-21 11:36:28,929 - INFO - Vibration Sensor is healthy
2026-03-21 11:36:28,929 - ERROR - Fuel Flow Sensor FAILED - Fuel flow interrupted
2026-03-21 11:36:28,930 - INFO - Voltage Sensor is healthy
2026-03-21 11:36:28,930 - INFO - Speed Sensor is healthy
2026-03-21 11:36:28,931 - INFO - Brake Pressure Sensor is healthy
2026-03-21 11:36:28,931 - INFO - Humidity Sensor is healthy
2026-03-21 11:36:28,931 - INFO - Track Alignment Sensor is healthy
2026-03-21 11:36:28,932 - INFO - Engine Load Sensor is healthy
2026-03-21 11:36:33,933 - INFO - Temperature Sensor is healthy
2026-03-21 11:36:33,933 - INFO - Pressure Sensor is healthy
2026-03-21 11:36:33,934 - INFO - Vibration Sensor is healthy
2026-03-21 11:36:33,934 - ERROR - Fuel Flow Sensor FAILED - Fuel flow interrupted
2026-03-21 11:36:33,935 - INFO - Voltage Sensor is healthy
2026-03-21 11:36:33,935 - INFO - Speed Sensor is healthy
2026-03-21 11:36:33,935 - INFO - Brake Pressure Sensor is healthy
2026-03-21 11:36:33,936 - INFO - Humidity Sensor is healthy
2026-03-21 11:36:33,936 - INFO - Track Alignment Sensor is healthy
2026-03-21 11:36:33,936 - INFO - Engine Load Sensor is healthy
2026-03-21 11:36:38,937 - INFO - Temperature Sensor is healthy
2026-03-21 11:36:38,938 - INFO - Pressure Sensor is healthy
2026-03-21 11:36:38,939 - INFO - Vibration Sensor is healthy
2026-03-21 11:36:38,941 - ERROR - Fuel Flow Sensor FAILED - Fuel flow interrupted
2026-03-21 11:36:38,942 - INFO - Voltage Sensor is healthy
2026-03-21 11:36:38,942 - INFO - Speed Sensor is healthy
2026-03-21 11:36:38,943 - INFO - Brake Pressure Sensor is healthy
2026-03-21 11:36:38,943 - INFO - Humidity Sensor is healthy
2026-03-21 11:36:38,947 - INFO - Track Alignment Sensor is healthy
2026-03-21 11:36:38,949 - INFO - Engine Load Sensor is healthy
2026-03-21 11:36:43,950 - INFO - Temperature Sensor is healthy
2026-03-21 11:36:43,951 - INFO - Pressure Sensor is healthy
2026-03-21 11:36:43,952 - INFO - Vibration Sensor is healthy
2026-03-21 11:36:43,952 - ERROR - Fuel Flow Sensor FAILED - Fuel flow interrupted
2026-03-21 11:36:43,953 - INFO - Voltage Sensor is healthy
2026-03-21 11:36:43,953 - INFO - Speed Sensor is healthy
2026-03-21 11:36:43,954 - INFO - Brake Pressure Sensor is healthy
2026-03-21 11:36:43,954 - INFO - Humidity Sensor is healthy
2026-03-21 11:36:43,954 - INFO - Track Alignment Sensor is healthy
2026-03-21 11:36:43,955 - INFO - Engine Load Sensor is healthy
2026-03-21 11:36:48,956 - INFO - Temperature Sensor is healthy
2026-03-21 11:36:48,957 - INFO - Pressure Sensor is healthy
2026-03-21 11:36:48,958 - INFO - Vibration Sensor is healthy
2026-03-21 11:36:48,959 - ERROR - Fuel Flow Sensor FAILED - Fuel flow interrupted
2026-03-21 11:36:48,959 - INFO - Voltage Sensor is healthy
2026-03-21 11:36:48,961 - INFO - Speed Sensor is healthy
2026-03-21 11:36:48,962 - INFO - Brake Pressure Sensor is healthy
2026-03-21 11:36:48,963 - INFO - Humidity Sensor is healthy
2026-03-21 11:36:48,964 - INFO - Track Alignment Sensor is healthy
2026-03-21 11:36:48,965 - INFO - Engine Load Sensor is healthy
2026-03-21 11:36:53,966 - INFO - Temperature Sensor is healthy
2026-03-21 11:36:53,967 - INFO - Pressure Sensor is healthy
2026-03-21 11:36:53,967 - INFO - Vibration Sensor is healthy
2026-03-21 11:36:53,968 - ERROR - Fuel Flow Sensor FAILED - Fuel flow interrupted
2026-03-21 11:36:53,968 - INFO - Voltage Sensor is healthy
2026-03-21 11:36:53,969 - INFO - Speed Sensor is healthy
2026-03-21 11:36:53,970 - INFO - Brake Pressure Sensor is healthy
2026-03-21 11:36:53,970 - INFO - Humidity Sensor is healthy
2026-03-21 11:36:53,971 - INFO - Track Alignment Sensor is healthy
2026-03-21 11:36:53,971 - INFO - Engine Load Sensor is healthy
2026-03-21 11:36:58,973 - INFO - Temperature Sensor is healthy
2026-03-21 11:36:58,974 - INFO - Pressure Sensor is healthy
2026-03-21 11:36:58,974 - INFO - Vibration Sensor is healthy
2026-03-21 11:36:58,975 - ERROR - Fuel Flow Sensor FAILED - Fuel flow interrupted
2026-03-21 11:36:58,975 - INFO - Voltage Sensor is healthy
2026-03-21 11:36:58,975 - INFO - Speed Sensor is healthy
2026-03-21 11:36:58,976 - INFO - Brake Pressure Sensor is healthy
2026-03-21 11:36:58,976 - INFO - Humidity Sensor is healthy
2026-03-21 11:36:58,977 - INFO - Track Alignment Sensor is healthy
2026-03-21 11:36:58,977 - INFO - Engine Load Sensor is healthy
2026-03-21 11:37:03,978 - INFO - Temperature Sensor is healthy
2026-03-21 11:37:03,979 - INFO - Pressure Sensor is healthy
2026-03-21 11:37:03,979 - INFO - Vibration Sensor is healthy
2026-03-21 11:37:03,980 - ERROR - Fuel Flow Sensor FAILED - Fuel flow interrupted
2026-03-21 11:37:03,981 - INFO - Voltage Sensor is healthy
2026-03-21 11:37:03,981 - INFO - Speed Sensor is healthy
2026-03-21 11:37:03,981 - INFO - Brake Pressure Sensor is healthy
2026-03-21 11:37:03,982 - INFO - Humidity Sensor is healthy
2026-03-21 11:37:03,982 - INFO - Track Alignment Sensor is healthy
2026-03-21 11:37:03,983 - INFO - Engine Load Sensor is healthy
2026-03-21 11:37:08,984 - INFO - Temperature Sensor is healthy
2026-03-21 11:37:08,986 - INFO - Pressure Sensor is healthy
2026-03-21 11:37:08,986 - INFO - Vibration Sensor is healthy
2026-03-21 11:37:08,987 - ERROR - Fuel Flow Sensor FAILED - Fuel flow interrupted
2026-03-21 11:37:08,987 - INFO - Voltage Sensor is healthy
2026-03-21 11:37:08,988 - INFO - Speed Sensor is healthy
2026-03-21 11:37:08,988 - INFO - Brake Pressure Sensor is healthy
2026-03-21 11:37:08,988 - INFO - Humidity Sensor is healthy
2026-03-21 11:37:08,989 - INFO - Track Alignment Sensor is healthy
2026-03-21 11:37:08,989 - INFO - Engine Load Sensor is healthy
2026-03-21 11:37:13,990 - INFO - Temperature Sensor is healthy
2026-03-21 11:37:13,992 - INFO - Pressure Sensor is healthy
2026-03-21 11:37:13,993 - INFO - Vibration Sensor is healthy
2026-03-21 11:37:13,993 - ERROR - Fuel Flow Sensor FAILED - Fuel flow interrupted
2026-03-21 11:37:13,994 - INFO - Voltage Sensor is healthy
2026-03-21 11:37:13,994 - INFO - Speed Sensor is healthy
2026-03-21 11:37:13,995 - INFO - Brake Pressure Sensor is healthy
2026-03-21 11:37:13,995 - INFO - Humidity Sensor is healthy
2026-03-21 11:37:13,996 - INFO - Track Alignment Sensor is healthy
2026-03-21 11:37:13,997 - INFO - Engine Load Sensor is healthy
2026-03-21 11:37:18,998 - INFO - Temperature Sensor is healthy
2026-03-21 11:37:18,998 - INFO - Pressure Sensor is healthy
2026-03-21 11:37:18,999 - INFO - Vibration Sensor is healthy
2026-03-21 11:37:19,000 - ERROR - Fuel Flow Sensor FAILED - Fuel flow interrupted
2026-03-21 11:37:19,000 - INFO - Voltage Sensor is healthy
2026-03-21 11:37:19,001 - INFO - Speed Sensor is healthy
2026-03-21 11:37:19,003 - INFO - Brake Pressure Sensor is healthy
2026-03-21 11:37:19,005 - INFO - Humidity Sensor is healthy
2026-03-21 11:37:19,006 - INFO - Track Alignment Sensor is healthy
2026-03-21 11:37:19,009 - INFO - Engine Load Sensor is healthy
2026-03-21 11:37:24,011 - INFO - Temperature Sensor is healthy
2026-03-21 11:37:24,011 - INFO - Pressure Sensor is healthy
2026-03-21 11:37:24,012 - INFO - Vibration Sensor is healthy
2026-03-21 11:37:24,013 - ERROR - Fuel Flow Sensor FAILED - Fuel flow interrupted
2026-03-21 11:37:24,014 - INFO - Voltage Sensor is healthy
2026-03-21 11:37:24,015 - INFO - Speed Sensor is healthy
2026-03-21 11:37:24,015 - INFO - Brake Pressure Sensor is healthy
2026-03-21 11:37:24,015 - INFO - Humidity Sensor is healthy
2026-03-21 11:37:24,016 - INFO - Track Alignment Sensor is healthy
2026-03-21 11:37:24,016 - INFO - Engine Load Sensor is healthy
2026-03-21 11:37:29,016 - INFO - Temperature Sensor is healthy
2026-03-21 11:37:29,017 - INFO - Pressure Sensor is healthy
2026-03-21 11:37:29,018 - INFO - Vibration Sensor is healthy
2026-03-21 11:37:29,019 - ERROR - Fuel Flow Sensor FAILED - Fuel flow interrupted
2026-03-21 11:37:29,019 - INFO - Voltage Sensor is healthy
2026-03-21 11:37:29,019 - INFO - Speed Sensor is healthy
2026-03-21 11:37:29,020 - INFO - Brake Pressure Sensor is healthy
2026-03-21 11:37:29,021 - INFO - Humidity Sensor is healthy
2026-03-21 11:37:29,021 - INFO - Track Alignment Sensor is healthy
2026-03-21 11:37:29,022 - INFO - Engine Load Sensor is healthy
2026-03-21 11:37:34,023 - INFO - Temperature Sensor is healthy
2026-03-21 11:37:34,023 - INFO - Pressure Sensor is healthy
2026-03-21 11:37:34,024 - INFO - Vibration Sensor is healthy
2026-03-21 11:37:34,025 - ERROR - Fuel Flow Sensor FAILED - Fuel flow interrupted
2026-03-21 11:37:34,027 - INFO - Voltage Sensor is healthy
2026-03-21 11:37:34,028 - INFO - Speed Sensor is healthy
2026-03-21 11:37:34,029 - INFO - Brake Pressure Sensor is healthy
2026-03-21 11:37:34,029 - INFO - Humidity Sensor is healthy
2026-03-21 11:37:34,030 - INFO - Track Alignment Sensor is healthy
2026-03-21 11:37:34,031 - INFO - Engine Load Sensor is healthy
2026-03-21 11:37:39,033 - INFO - Temperature Sensor is healthy
2026-03-21 11:37:39,033 - INFO - Pressure Sensor is healthy
2026-03-21 11:37:39,034 - INFO - Vibration Sensor is healthy
2026-03-21 11:37:39,034 - ERROR - Fuel Flow Sensor FAILED - Fuel flow interrupted
2026-03-21 11:37:39,035 - INFO - Voltage Sensor is healthy
2026-03-21 11:37:39,035 - INFO - Speed Sensor is healthy
2026-03-21 11:37:39,036 - INFO - Brake Pressure Sensor is healthy
2026-03-21 11:37:39,036 - INFO - Humidity Sensor is healthy
2026-03-21 11:37:39,037 - INFO - Track Alignment Sensor is healthy
2026-03-21 11:37:39,037 - INFO - Engine Load Sensor is healthy
2026-03-21 11:37:44,039 - INFO - Temperature Sensor is healthy
2026-03-21 11:37:44,039 - INFO - Pressure Sensor is healthy
2026-03-21 11:37:44,040 - INFO - Vibration Sensor is healthy
2026-03-21 11:37:44,040 - ERROR - Fuel Flow Sensor FAILED - Fuel flow interrupted
2026-03-21 11:37:44,041 - INFO - Voltage Sensor is healthy
2026-03-21 11:37:44,042 - INFO - Speed Sensor is healthy
2026-03-21 11:37:44,043 - INFO - Brake Pressure Sensor is healthy
2026-03-21 11:37:44,043 - INFO - Humidity Sensor is healthy
2026-03-21 11:37:44,043 - INFO - Track Alignment Sensor is healthy
2026-03-21 11:37:44,044 - INFO - Engine Load Sensor is healthy
2026-03-21 11:37:49,045 - INFO - Temperature Sensor is healthy
2026-03-21 11:37:49,046 - INFO - Pressure Sensor is healthy
2026-03-21 11:37:49,047 - INFO - Vibration Sensor is healthy
2026-03-21 11:37:49,048 - ERROR - Fuel Flow Sensor FAILED - Fuel flow interrupted
2026-03-21 11:37:49,048 - INFO - Voltage Sensor is healthy
2026-03-21 11:37:49,049 - INFO - Speed Sensor is healthy
2026-03-21 11:37:49,050 - INFO - Brake Pressure Sensor is healthy
2026-03-21 11:37:49,051 - INFO - Humidity Sensor is healthy
2026-03-21 11:37:49,052 - INFO - Track Alignment Sensor is healthy
2026-03-21 11:37:49,052 - INFO - Engine Load Sensor is healthy
2026-03-21 11:37:54,056 - INFO - Temperature Sensor is healthy
2026-03-21 11:37:54,057 - INFO - Pressure Sensor is healthy
2026-03-21 11:37:54,057 - INFO - Vibration Sensor is healthy
2026-03-21 11:37:54,058 - ERROR - Fuel Flow Sensor FAILED - Fuel flow interrupted
2026-03-21 11:37:54,058 - INFO - Voltage Sensor is healthy
2026-03-21 11:37:54,059 - INFO - Speed Sensor is healthy
2026-03-21 11:37:54,059 - INFO - Brake Pressure Sensor is healthy
2026-03-21 11:37:54,060 - INFO - Humidity Sensor is healthy
2026-03-21 11:37:54,060 - INFO - Track Alignment Sensor is healthy
2026-03-21 11:37:54,061 - INFO - Engine Load Sensor is healthy
2026-03-21 11:37:59,062 - INFO - Temperature Sensor is healthy
2026-03-21 11:37:59,063 - INFO - Pressure Sensor is healthy
2026-03-21 11:37:59,063 - INFO - Vibration Sensor is healthy
2026-03-21 11:37:59,064 - ERROR - Fuel Flow Sensor FAILED - Fuel flow interrupted
2026-03-21 11:37:59,064 - INFO - Voltage Sensor is healthy
2026-03-21 11:37:59,065 - INFO - Speed Sensor is healthy
2026-03-21 11:37:59,065 - INFO - Brake Pressure Sensor is healthy
2026-03-21 11:37:59,066 - INFO - Humidity Sensor is healthy
2026-03-21 11:37:59,066 - INFO - Track Alignment Sensor is healthy
2026-03-21 11:37:59,067 - INFO - Engine Load Sensor is healthy
2026-03-21 11:38:04,068 - INFO - Temperature Sensor is healthy
2026-03-21 11:38:04,069 - INFO - Pressure Sensor is healthy
2026-03-21 11:38:04,069 - INFO - Vibration Sensor is healthy
2026-03-21 11:38:04,070 - ERROR - Fuel Flow Sensor FAILED - Fuel flow interrupted
2026-03-21 11:38:04,070 - INFO - Voltage Sensor is healthy
2026-03-21 11:38:04,071 - INFO - Speed Sensor is healthy
2026-03-21 11:38:04,071 - INFO - Brake Pressure Sensor is healthy
2026-03-21 11:38:04,071 - INFO - Humidity Sensor is healthy
2026-03-21 11:38:04,072 - INFO - Track Alignment Sensor is healthy
2026-03-21 11:38:04,072 - INFO - Engine Load Sensor is healthy
2026-03-21 11:38:09,073 - INFO - Temperature Sensor is healthy
2026-03-21 11:38:09,074 - INFO - Pressure Sensor is healthy
2026-03-21 11:38:09,075 - INFO - Vibration Sensor is healthy
2026-03-21 11:38:09,075 - ERROR - Fuel Flow Sensor FAILED - Fuel flow interrupted
2026-03-21 11:38:09,076 - INFO - Voltage Sensor is healthy
2026-03-21 11:38:09,076 - INFO - Speed Sensor is healthy
2026-03-21 11:38:09,077 - INFO - Brake Pressure Sensor is healthy
2026-03-21 11:38:09,077 - INFO - Humidity Sensor is healthy
2026-03-21 11:38:09,078 - INFO - Track Alignment Sensor is healthy
2026-03-21 11:38:09,078 - INFO - Engine Load Sensor is healthy
2026-03-21 11:38:14,079 - INFO - Temperature Sensor is healthy
2026-03-21 11:38:14,080 - INFO - Pressure Sensor is healthy
2026-03-21 11:38:14,081 - INFO - Vibration Sensor is healthy
2026-03-21 11:38:14,081 - ERROR - Fuel Flow Sensor FAILED - Fuel flow interrupted
2026-03-21 11:38:14,082 - INFO - Voltage Sensor is healthy
2026-03-21 11:38:14,083 - INFO - Speed Sensor is healthy
2026-03-21 11:38:14,083 - INFO - Brake Pressure Sensor is healthy
2026-03-21 11:38:14,083 - INFO - Humidity Sensor is healthy
2026-03-21 11:38:14,084 - INFO - Track Alignment Sensor is healthy
2026-03-21 11:38:14,084 - INFO - Engine Load Sensor is healthy
2026-03-21 11:38:19,085 - INFO - Temperature Sensor is healthy
2026-03-21 11:38:19,086 - INFO - Pressure Sensor is healthy
2026-03-21 11:38:19,087 - INFO - Vibration Sensor is healthy
2026-03-21 11:38:19,087 - ERROR - Fuel Flow Sensor FAILED - Fuel flow interrupted
2026-03-21 11:38:19,088 - INFO - Voltage Sensor is healthy
2026-03-21 11:38:19,088 - INFO - Speed Sensor is healthy
2026-03-21 11:38:19,089 - INFO - Brake Pressure Sensor is healthy
2026-03-21 11:38:19,089 - INFO - Humidity Sensor is healthy
2026-03-21 11:38:19,089 - INFO - Track Alignment Sensor is healthy
2026-03-21 11:38:19,090 - INFO - Engine Load Sensor is healthy
2026-03-21 11:38:24,090 - INFO - Temperature Sensor is healthy
2026-03-21 11:38:24,091 - INFO - Pressure Sensor is healthy
2026-03-21 11:38:24,093 - INFO - Vibration Sensor is healthy
2026-03-21 11:38:24,094 - ERROR - Fuel Flow Sensor FAILED - Fuel flow interrupted
2026-03-21 11:38:24,094 - INFO - Voltage Sensor is healthy
2026-03-21 11:38:24,095 - INFO - Speed Sensor is healthy
2026-03-21 11:38:24,095 - INFO - Brake Pressure Sensor is healthy
2026-03-21 11:38:24,096 - INFO - Humidity Sensor is healthy
2026-03-21 11:38:24,097 - INFO - Track Alignment Sensor is healthy
2026-03-21 11:38:24,097 - INFO - Engine Load Sensor is healthy
2026-03-21 11:38:29,098 - INFO - Temperature Sensor is healthy
2026-03-21 11:38:29,099 - INFO - Pressure Sensor is healthy
2026-03-21 11:38:29,100 - INFO - Vibration Sensor is healthy
2026-03-21 11:38:29,100 - ERROR - Fuel Flow Sensor FAILED - Fuel flow interrupted
2026-03-21 11:38:29,101 - INFO - Voltage Sensor is healthy
2026-03-21 11:38:29,102 - INFO - Speed Sensor is healthy
2026-03-21 11:38:29,103 - INFO - Brake Pressure Sensor is healthy
2026-03-21 11:38:29,103 - INFO - Humidity Sensor is healthy
2026-03-21 11:38:29,104 - INFO - Track Alignment Sensor is healthy
2026-03-21 11:38:29,104 - INFO - Engine Load Sensor is healthy
2026-03-21 11:38:34,105 - INFO - Temperature Sensor is healthy
2026-03-21 11:38:34,106 - INFO - Pressure Sensor is healthy
2026-03-21 11:38:34,108 - INFO - Vibration Sensor is healthy
2026-03-21 11:38:34,109 - ERROR - Fuel Flow Sensor FAILED - Fuel flow interrupted
2026-03-21 11:38:34,110 - INFO - Voltage Sensor is healthy
2026-03-21 11:38:34,111 - INFO - Speed Sensor is healthy
2026-03-21 11:38:34,111 - INFO - Brake Pressure Sensor is healthy
2026-03-21 11:38:34,112 - INFO - Humidity Sensor is healthy
2026-03-21 11:38:34,113 - INFO - Track Alignment Sensor is healthy
2026-03-21 11:38:34,114 - INFO - Engine Load Sensor is healthy
2026-03-21 11:38:39,115 - INFO - Temperature Sensor is healthy
2026-03-21 11:38:39,117 - INFO - Pressure Sensor is healthy
2026-03-21 11:38:39,125 - INFO - Vibration Sensor is healthy
2026-03-21 11:38:39,135 - ERROR - Fuel Flow Sensor FAILED - Fuel flow interrupted
2026-03-21 11:38:39,135 - INFO - Voltage Sensor is healthy
2026-03-21 11:38:39,137 - INFO - Speed Sensor is healthy
2026-03-21 11:38:39,140 - INFO - Brake Pressure Sensor is healthy
2026-03-21 11:38:39,141 - INFO - Humidity Sensor is healthy
2026-03-21 11:38:39,145 - INFO - Track Alignment Sensor is healthy
2026-03-21 11:38:39,154 - INFO - Engine Load Sensor is healthy
2026-03-21 11:38:44,157 - INFO - Temperature Sensor is healthy
2026-03-21 11:38:44,158 - INFO - Pressure Sensor is healthy
2026-03-21 11:38:44,159 - INFO - Vibration Sensor is healthy
2026-03-21 11:38:44,160 - ERROR - Fuel Flow Sensor FAILED - Fuel flow interrupted
2026-03-21 11:38:44,161 - INFO - Voltage Sensor is healthy
2026-03-21 11:38:44,162 - INFO - Speed Sensor is healthy
2026-03-21 11:38:44,162 - INFO - Brake Pressure Sensor is healthy
2026-03-21 11:38:44,163 - INFO - Humidity Sensor is healthy
2026-03-21 11:38:44,163 - INFO - Track Alignment Sensor is healthy
2026-03-21 11:38:44,164 - INFO - Engine Load Sensor is healthy
2026-03-21 11:38:49,164 - INFO - Temperature Sensor is healthy
2026-03-21 11:38:49,165 - INFO - Pressure Sensor is healthy
2026-03-21 11:38:49,166 - INFO - Vibration Sensor is healthy
2026-03-21 11:38:49,166 - ERROR - Fuel Flow Sensor FAILED - Fuel flow interrupted
2026-03-21 11:38:49,167 - INFO - Voltage Sensor is healthy
2026-03-21 11:38:49,167 - INFO - Speed Sensor is healthy
2026-03-21 11:38:49,168 - INFO - Brake Pressure Sensor is healthy
2026-03-21 11:38:49,169 - INFO - Humidity Sensor is healthy
2026-03-21 11:38:49,170 - INFO - Track Alignment Sensor is healthy
2026-03-21 11:38:49,170 - INFO - Engine Load Sensor is healthy
2026-03-21 11:38:54,172 - INFO - Temperature Sensor is healthy
2026-03-21 11:38:54,172 - INFO - Pressure Sensor is healthy
2026-03-21 11:38:54,173 - INFO - Vibration Sensor is healthy
2026-03-21 11:38:54,173 - ERROR - Fuel Flow Sensor FAILED - Fuel flow interrupted
2026-03-21 11:38:54,174 - INFO - Voltage Sensor is healthy
2026-03-21 11:38:54,174 - INFO - Speed Sensor is healthy
2026-03-21 11:38:54,175 - INFO - Brake Pressure Sensor is healthy
2026-03-21 11:38:54,175 - INFO - Humidity Sensor is healthy
2026-03-21 11:38:54,176 - INFO - Track Alignment Sensor is healthy
2026-03-21 11:38:54,176 - INFO - Engine Load Sensor is healthy
2026-03-21 11:38:59,177 - INFO - Temperature Sensor is healthy
2026-03-21 11:38:59,178 - INFO - Pressure Sensor is healthy
2026-03-21 11:38:59,178 - INFO - Vibration Sensor is healthy
2026-03-21 11:38:59,179 - ERROR - Fuel Flow Sensor FAILED - Fuel flow interrupted
2026-03-21 11:38:59,180 - INFO - Voltage Sensor is healthy
2026-03-21 11:38:59,180 - INFO - Speed Sensor is healthy
2026-03-21 11:38:59,180 - INFO - Brake Pressure Sensor is healthy
2026-03-21 11:38:59,181 - INFO - Humidity Sensor is healthy
2026-03-21 11:38:59,181 - INFO - Track Alignment Sensor is healthy
2026-03-21 11:38:59,182 - INFO - Engine Load Sensor is healthy
2026-03-21 11:39:04,182 - INFO - Temperature Sensor is healthy
2026-03-21 11:39:04,183 - INFO - Pressure Sensor is healthy
2026-03-21 11:39:04,184 - INFO - Vibration Sensor is healthy
2026-03-21 11:39:04,185 - ERROR - Fuel Flow Sensor FAILED - Fuel flow interrupted
2026-03-21 11:39:04,185 - INFO - Voltage Sensor is healthy
2026-03-21 11:39:04,186 - INFO - Speed Sensor is healthy
2026-03-21 11:39:04,186 - INFO - Brake Pressure Sensor is healthy
2026-03-21 11:39:04,187 - INFO - Humidity Sensor is healthy
2026-03-21 11:39:04,187 - INFO - Track Alignment Sensor is healthy
2026-03-21 11:39:04,187 - INFO - Engine Load Sensor is healthy
2026-03-21 11:39:09,189 - INFO - Temperature Sensor is healthy
2026-03-21 11:39:09,190 - INFO - Pressure Sensor is healthy
2026-03-21 11:39:09,190 - INFO - Vibration Sensor is healthy
2026-03-21 11:39:09,191 - ERROR - Fuel Flow Sensor FAILED - Fuel flow interrupted
2026-03-21 11:39:09,192 - INFO - Voltage Sensor is healthy
2026-03-21 11:39:09,192 - INFO - Speed Sensor is healthy
2026-03-21 11:39:09,193 - INFO - Brake Pressure Sensor is healthy
2026-03-21 11:39:09,193 - INFO - Humidity Sensor is healthy
2026-03-21 11:39:09,194 - INFO - Track Alignment Sensor is healthy
2026-03-21 11:39:09,194 - INFO - Engine Load Sensor is healthy
2026-03-21 11:39:14,195 - INFO - Temperature Sensor is healthy
2026-03-21 11:39:14,196 - INFO - Pressure Sensor is healthy
2026-03-21 11:39:14,196 - INFO - Vibration Sensor is healthy
2026-03-21 11:39:14,197 - ERROR - Fuel Flow Sensor FAILED - Fuel flow interrupted
2026-03-21 11:39:14,198 - INFO - Voltage Sensor is healthy
2026-03-21 11:39:14,199 - INFO - Speed Sensor is healthy
2026-03-21 11:39:14,199 - INFO - Brake Pressure Sensor is healthy
2026-03-21 11:39:14,200 - INFO - Humidity Sensor is healthy
2026-03-21 11:39:14,200 - INFO - Track Alignment Sensor is healthy
2026-03-21 11:39:14,201 - INFO - Engine Load Sensor is healthy
2026-03-21 11:39:19,202 - INFO - Temperature Sensor is healthy
2026-03-21 11:39:19,203 - INFO - Pressure Sensor is healthy
2026-03-21 11:39:19,203 - INFO - Vibration Sensor is healthy
2026-03-21 11:39:19,204 - ERROR - Fuel Flow Sensor FAILED - Fuel flow interrupted
2026-03-21 11:39:19,205 - INFO - Voltage Sensor is healthy
2026-03-21 11:39:19,205 - INFO - Speed Sensor is healthy
2026-03-21 11:39:19,206 - INFO - Brake Pressure Sensor is healthy
2026-03-21 11:39:19,206 - INFO - Humidity Sensor is healthy
2026-03-21 11:39:19,206 - INFO - Track Alignment Sensor is healthy
2026-03-21 11:39:19,207 - INFO - Engine Load Sensor is healthy
2026-03-21 11:39:24,208 - INFO - Temperature Sensor is healthy
2026-03-21 11:39:24,209 - INFO - Pressure Sensor is healthy
2026-03-21 11:39:24,210 - INFO - Vibration Sensor is healthy
2026-03-21 11:39:24,210 - ERROR - Fuel Flow Sensor FAILED - Fuel flow interrupted
2026-03-21 11:39:24,210 - INFO - Voltage Sensor is healthy
2026-03-21 11:39:24,211 - INFO - Speed Sensor is healthy
2026-03-21 11:39:24,211 - INFO - Brake Pressure Sensor is healthy
2026-03-21 11:39:24,212 - INFO - Humidity Sensor is healthy
2026-03-21 11:39:24,212 - INFO - Track Alignment Sensor is healthy
2026-03-21 11:39:24,212 - INFO - Engine Load Sensor is healthy
2026-03-21 11:39:29,213 - INFO - Temperature Sensor is healthy
2026-03-21 11:39:29,214 - INFO - Pressure Sensor is healthy
2026-03-21 11:39:29,214 - INFO - Vibration Sensor is healthy
2026-03-21 11:39:29,215 - ERROR - Fuel Flow Sensor FAILED - Fuel flow interrupted
2026-03-21 11:39:29,215 - INFO - Voltage Sensor is healthy
2026-03-21 11:39:29,215 - INFO - Speed Sensor is healthy
2026-03-21 11:39:29,216 - INFO - Brake Pressure Sensor is healthy
2026-03-21 11:39:29,216 - INFO - Humidity Sensor is healthy
2026-03-21 11:39:29,216 - INFO - Track Alignment Sensor is healthy
2026-03-21 11:39:29,217 - INFO - Engine Load Sensor is healthy
2026-03-21 11:39:34,217 - INFO - Temperature Sensor is healthy
2026-03-21 11:39:34,218 - INFO - Pressure Sensor is healthy
2026-03-21 11:39:34,218 - INFO - Vibration Sensor is healthy
2026-03-21 11:39:34,219 - ERROR - Fuel Flow Sensor FAILED - Fuel flow interrupted
2026-03-21 11:39:34,219 - INFO - Voltage Sensor is healthy
2026-03-21 11:39:34,220 - INFO - Speed Sensor is healthy
2026-03-21 11:39:34,220 - INFO - Brake Pressure Sensor is healthy
2026-03-21 11:39:34,221 - INFO - Humidity Sensor is healthy
2026-03-21 11:39:34,222 - INFO - Track Alignment Sensor is healthy
2026-03-21 11:39:34,223 - INFO - Engine Load Sensor is healthy
2026-03-21 11:39:39,224 - INFO - Temperature Sensor is healthy
2026-03-21 11:39:39,225 - INFO - Pressure Sensor is healthy
2026-03-21 11:39:39,225 - INFO - Vibration Sensor is healthy
2026-03-21 11:39:39,226 - ERROR - Fuel Flow Sensor FAILED - Fuel flow interrupted
2026-03-21 11:39:39,227 - INFO - Voltage Sensor is healthy
2026-03-21 11:39:39,228 - INFO - Speed Sensor is healthy
2026-03-21 11:39:39,228 - INFO - Brake Pressure Sensor is healthy
2026-03-21 11:39:39,229 - INFO - Humidity Sensor is healthy
2026-03-21 11:39:39,230 - INFO - Track Alignment Sensor is healthy
2026-03-21 11:39:39,230 - INFO - Engine Load Sensor is healthy
2026-03-21 11:39:44,232 - INFO - Temperature Sensor is healthy
2026-03-21 11:39:44,233 - INFO - Pressure Sensor is healthy
2026-03-21 11:39:44,233 - INFO - Vibration Sensor is healthy
2026-03-21 11:39:44,234 - ERROR - Fuel Flow Sensor FAILED - Fuel flow interrupted
2026-03-21 11:39:44,234 - INFO - Voltage Sensor is healthy
2026-03-21 11:39:44,234 - INFO - Speed Sensor is healthy
2026-03-21 11:39:44,235 - INFO - Brake Pressure Sensor is healthy
2026-03-21 11:39:44,235 - INFO - Humidity Sensor is healthy
2026-03-21 11:39:44,235 - INFO - Track Alignment Sensor is healthy
2026-03-21 11:39:44,236 - INFO - Engine Load Sensor is healthy
2026-03-21 11:39:49,237 - INFO - Temperature Sensor is healthy
2026-03-21 11:39:49,238 - INFO - Pressure Sensor is healthy
2026-03-21 11:39:49,240 - INFO - Vibration Sensor is healthy
2026-03-21 11:39:49,240 - ERROR - Fuel Flow Sensor FAILED - Fuel flow interrupted
2026-03-21 11:39:49,241 - INFO - Voltage Sensor is healthy
2026-03-21 11:39:49,242 - INFO - Speed Sensor is healthy
2026-03-21 11:39:49,243 - INFO - Brake Pressure Sensor is healthy
2026-03-21 11:39:49,245 - INFO - Humidity Sensor is healthy
2026-03-21 11:39:49,246 - INFO - Track Alignment Sensor is healthy
2026-03-21 11:39:49,248 - INFO - Engine Load Sensor is healthy
2026-03-21 11:39:54,249 - INFO - Temperature Sensor is healthy
2026-03-21 11:39:54,250 - INFO - Pressure Sensor is healthy
2026-03-21 11:39:54,250 - INFO - Vibration Sensor is healthy
2026-03-21 11:39:54,251 - ERROR - Fuel Flow Sensor FAILED - Fuel flow interrupted
2026-03-21 11:39:54,252 - INFO - Voltage Sensor is healthy
2026-03-21 11:39:54,252 - INFO - Speed Sensor is healthy
2026-03-21 11:39:54,253 - INFO - Brake Pressure Sensor is healthy
2026-03-21 11:39:54,254 - INFO - Humidity Sensor is healthy
2026-03-21 11:39:54,256 - INFO - Track Alignment Sensor is healthy
2026-03-21 11:39:54,259 - INFO - Engine Load Sensor is healthy
2026-03-21 11:39:59,263 - INFO - Temperature Sensor is healthy
2026-03-21 11:39:59,263 - INFO - Pressure Sensor is healthy
2026-03-21 11:39:59,264 - INFO - Vibration Sensor is healthy
2026-03-21 11:39:59,265 - ERROR - Fuel Flow Sensor FAILED - Fuel flow interrupted
2026-03-21 11:39:59,265 - INFO - Voltage Sensor is healthy
2026-03-21 11:39:59,265 - INFO - Speed Sensor is healthy
2026-03-21 11:39:59,266 - INFO - Brake Pressure Sensor is healthy
2026-03-21 11:39:59,266 - INFO - Humidity Sensor is healthy
2026-03-21 11:39:59,267 - INFO - Track Alignment Sensor is healthy
2026-03-21 11:39:59,267 - INFO - Engine Load Sensor is healthy
2026-03-21 11:40:04,268 - INFO - Temperature Sensor is healthy
2026-03-21 11:40:04,269 - INFO - Pressure Sensor is healthy
2026-03-21 11:40:04,273 - INFO - Vibration Sensor is healthy
2026-03-21 11:40:04,274 - ERROR - Fuel Flow Sensor FAILED - Fuel flow interrupted
2026-03-21 11:40:04,274 - INFO - Voltage Sensor is healthy
2026-03-21 11:40:04,275 - INFO - Speed Sensor is healthy
2026-03-21 11:40:04,275 - INFO - Brake Pressure Sensor is healthy
2026-03-21 11:40:04,276 - INFO - Humidity Sensor is healthy
2026-03-21 11:40:04,278 - INFO - Track Alignment Sensor is healthy
2026-03-21 11:40:04,279 - INFO - Engine Load Sensor is healthy
2026-03-21 11:40:09,280 - INFO - Temperature Sensor is healthy
2026-03-21 11:40:09,282 - INFO - Pressure Sensor is healthy
2026-03-21 11:40:09,282 - INFO - Vibration Sensor is healthy
2026-03-21 11:40:09,283 - ERROR - Fuel Flow Sensor FAILED - Fuel flow interrupted
2026-03-21 11:40:09,284 - INFO - Voltage Sensor is healthy
2026-03-21 11:40:09,285 - INFO - Speed Sensor is healthy
2026-03-21 11:40:09,285 - INFO - Brake Pressure Sensor is healthy
2026-03-21 11:40:09,286 - INFO - Humidity Sensor is healthy
2026-03-21 11:40:09,286 - INFO - Track Alignment Sensor is healthy
2026-03-21 11:40:09,287 - INFO - Engine Load Sensor is healthy
2026-03-21 11:40:14,289 - INFO - Temperature Sensor is healthy
2026-03-21 11:40:14,290 - INFO - Pressure Sensor is healthy
2026-03-21 11:40:14,291 - INFO - Vibration Sensor is healthy
2026-03-21 11:40:14,291 - ERROR - Fuel Flow Sensor FAILED - Fuel flow interrupted
2026-03-21 11:40:14,291 - INFO - Voltage Sensor is healthy
2026-03-21 11:40:14,292 - INFO - Speed Sensor is healthy
2026-03-21 11:40:14,292 - INFO - Brake Pressure Sensor is healthy
2026-03-21 11:40:14,293 - INFO - Humidity Sensor is healthy
2026-03-21 11:40:14,293 - INFO - Track Alignment Sensor is healthy
2026-03-21 11:40:14,294 - INFO - Engine Load Sensor is healthy
2026-03-21 11:40:19,295 - INFO - Temperature Sensor is healthy
2026-03-21 11:40:19,297 - INFO - Pressure Sensor is healthy
2026-03-21 11:40:19,298 - INFO - Vibration Sensor is healthy
2026-03-21 11:40:19,299 - ERROR - Fuel Flow Sensor FAILED - Fuel flow interrupted
2026-03-21 11:40:19,299 - INFO - Voltage Sensor is healthy
2026-03-21 11:40:19,299 - INFO - Speed Sensor is healthy
2026-03-21 11:40:19,300 - INFO - Brake Pressure Sensor is healthy
2026-03-21 11:40:19,300 - INFO - Humidity Sensor is healthy
2026-03-21 11:40:19,300 - INFO - Track Alignment Sensor is healthy
2026-03-21 11:40:19,301 - INFO - Engine Load Sensor is healthy
2026-03-21 11:40:24,301 - INFO - Temperature Sensor is healthy
2026-03-21 11:40:24,302 - INFO - Pressure Sensor is healthy
2026-03-21 11:40:24,303 - INFO - Vibration Sensor is healthy
2026-03-21 11:40:24,303 - ERROR - Fuel Flow Sensor FAILED - Fuel flow interrupted
2026-03-21 11:40:24,304 - INFO - Voltage Sensor is healthy
2026-03-21 11:40:24,304 - INFO - Speed Sensor is healthy
2026-03-21 11:40:24,305 - INFO - Brake Pressure Sensor is healthy
2026-03-21 11:40:24,305 - INFO - Humidity Sensor is healthy
2026-03-21 11:40:24,306 - INFO - Track Alignment Sensor is healthy
2026-03-21 11:40:24,306 - INFO - Engine Load Sensor is healthy
2026-03-21 11:40:29,307 - INFO - Temperature Sensor is healthy
2026-03-21 11:40:29,308 - INFO - Pressure Sensor is healthy
2026-03-21 11:40:29,308 - INFO - Vibration Sensor is healthy
2026-03-21 11:40:29,309 - ERROR - Fuel Flow Sensor FAILED - Fuel flow interrupted
2026-03-21 11:40:29,309 - INFO - Voltage Sensor is healthy
2026-03-21 11:40:29,309 - INFO - Speed Sensor is healthy
2026-03-21 11:40:29,310 - INFO - Brake Pressure Sensor is healthy
2026-03-21 11:40:29,310 - INFO - Humidity Sensor is healthy
2026-03-21 11:40:29,311 - INFO - Track Alignment Sensor is healthy
2026-03-21 11:40:29,312 - INFO - Engine Load Sensor is healthy
2026-03-21 11:40:34,313 - INFO - Temperature Sensor is healthy
2026-03-21 11:40:34,314 - INFO - Pressure Sensor is healthy
2026-03-21 11:40:34,314 - INFO - Vibration Sensor is healthy
2026-03-21 11:40:34,314 - ERROR - Fuel Flow Sensor FAILED - Fuel flow interrupted
2026-03-21 11:40:34,315 - INFO - Voltage Sensor is healthy
2026-03-21 11:40:34,315 - INFO - Speed Sensor is healthy
2026-03-21 11:40:34,315 - INFO - Brake Pressure Sensor is healthy
2026-03-21 11:40:34,316 - INFO - Humidity Sensor is healthy
2026-03-21 11:40:34,316 - INFO - Track Alignment Sensor is healthy
2026-03-21 11:40:34,317 - INFO - Engine Load Sensor is healthy
2026-03-21 11:40:39,317 - INFO - Temperature Sensor is healthy
2026-03-21 11:40:39,318 - INFO - Pressure Sensor is healthy
2026-03-21 11:40:39,319 - INFO - Vibration Sensor is healthy
2026-03-21 11:40:39,319 - ERROR - Fuel Flow Sensor FAILED - Fuel flow interrupted
2026-03-21 11:40:39,320 - INFO - Voltage Sensor is healthy
2026-03-21 11:40:39,320 - INFO - Speed Sensor is healthy
2026-03-21 11:40:39,321 - INFO - Brake Pressure Sensor is healthy
2026-03-21 11:40:39,321 - INFO - Humidity Sensor is healthy
2026-03-21 11:40:39,322 - INFO - Track Alignment Sensor is healthy
2026-03-21 11:40:39,323 - INFO - Engine Load Sensor is healthy
2026-03-21 11:40:44,324 - INFO - Temperature Sensor is healthy
2026-03-21 11:40:44,325 - INFO - Pressure Sensor is healthy
2026-03-21 11:40:44,325 - INFO - Vibration Sensor is healthy
2026-03-21 11:40:44,326 - ERROR - Fuel Flow Sensor FAILED - Fuel flow interrupted
2026-03-21 11:40:44,326 - INFO - Voltage Sensor is healthy
2026-03-21 11:40:44,327 - INFO - Speed Sensor is healthy
2026-03-21 11:40:44,327 - INFO - Brake Pressure Sensor is healthy
2026-03-21 11:40:44,328 - INFO - Humidity Sensor is healthy
2026-03-21 11:40:44,329 - INFO - Track Alignment Sensor is healthy
2026-03-21 11:40:44,330 - INFO - Engine Load Sensor is healthy
2026-03-21 11:40:49,331 - INFO - Temperature Sensor is healthy
2026-03-21 11:40:49,332 - INFO - Pressure Sensor is healthy
2026-03-21 11:40:49,332 - INFO - Vibration Sensor is healthy
2026-03-21 11:40:49,333 - ERROR - Fuel Flow Sensor FAILED - Fuel flow interrupted
2026-03-21 11:40:49,333 - INFO - Voltage Sensor is healthy
2026-03-21 11:40:49,334 - INFO - Speed Sensor is healthy
2026-03-21 11:40:49,334 - INFO - Brake Pressure Sensor is healthy
2026-03-21 11:40:49,335 - INFO - Humidity Sensor is healthy
2026-03-21 11:40:49,335 - INFO - Track Alignment Sensor is healthy
2026-03-21 11:40:49,336 - INFO - Engine Load Sensor is healthy
2026-03-21 11:40:54,339 - INFO - Temperature Sensor is healthy
2026-03-21 11:40:54,341 - INFO - Pressure Sensor is healthy
2026-03-21 11:40:54,342 - INFO - Vibration Sensor is healthy
2026-03-21 11:40:54,342 - ERROR - Fuel Flow Sensor FAILED - Fuel flow interrupted
2026-03-21 11:40:54,343 - INFO - Voltage Sensor is healthy
2026-03-21 11:40:54,344 - INFO - Speed Sensor is healthy
2026-03-21 11:40:54,345 - INFO - Brake Pressure Sensor is healthy
2026-03-21 11:40:54,347 - INFO - Humidity Sensor is healthy
2026-03-21 11:40:54,349 - INFO - Track Alignment Sensor is healthy
2026-03-21 11:40:54,350 - INFO - Engine Load Sensor is healthy
2026-03-21 11:40:59,352 - INFO - Temperature Sensor is healthy
2026-03-21 11:40:59,353 - INFO - Pressure Sensor is healthy
2026-03-21 11:40:59,354 - INFO - Vibration Sensor is healthy
2026-03-21 11:40:59,354 - ERROR - Fuel Flow Sensor FAILED - Fuel flow interrupted
2026-03-21 11:40:59,355 - INFO - Voltage Sensor is healthy
2026-03-21 11:40:59,355 - INFO - Speed Sensor is healthy
2026-03-21 11:40:59,355 - INFO - Brake Pressure Sensor is healthy
2026-03-21 11:40:59,356 - INFO - Humidity Sensor is healthy
2026-03-21 11:40:59,356 - INFO - Track Alignment Sensor is healthy
2026-03-21 11:40:59,356 - INFO - Engine Load Sensor is healthy
2026-03-21 11:41:04,357 - INFO - Temperature Sensor is healthy
2026-03-21 11:41:04,358 - INFO - Pressure Sensor is healthy
2026-03-21 11:41:04,359 - INFO - Vibration Sensor is healthy
2026-03-21 11:41:04,359 - ERROR - Fuel Flow Sensor FAILED - Fuel flow interrupted
2026-03-21 11:41:04,360 - INFO - Voltage Sensor is healthy
2026-03-21 11:41:04,360 - INFO - Speed Sensor is healthy
2026-03-21 11:41:04,361 - INFO - Brake Pressure Sensor is healthy
2026-03-21 11:41:04,361 - INFO - Humidity Sensor is healthy
2026-03-21 11:41:04,363 - INFO - Track Alignment Sensor is healthy
2026-03-21 11:41:04,364 - INFO - Engine Load Sensor is healthy
2026-03-21 11:41:09,365 - INFO - Temperature Sensor is healthy
2026-03-21 11:41:09,366 - INFO - Pressure Sensor is healthy
2026-03-21 11:41:09,367 - INFO - Vibration Sensor is healthy
2026-03-21 11:41:09,367 - ERROR - Fuel Flow Sensor FAILED - Fuel flow interrupted
2026-03-21 11:41:09,368 - INFO - Voltage Sensor is healthy
2026-03-21 11:41:09,368 - INFO - Speed Sensor is healthy
2026-03-21 11:41:09,369 - INFO - Brake Pressure Sensor is healthy
2026-03-21 11:41:09,369 - INFO - Humidity Sensor is healthy
2026-03-21 11:41:09,370 - INFO - Track Alignment Sensor is healthy
2026-03-21 11:41:09,370 - INFO - Engine Load Sensor is healthy
2026-03-21 11:41:14,371 - INFO - Temperature Sensor is healthy
2026-03-21 11:41:14,372 - INFO - Pressure Sensor is healthy
2026-03-21 11:41:14,373 - INFO - Vibration Sensor is healthy
2026-03-21 11:41:14,374 - ERROR - Fuel Flow Sensor FAILED - Fuel flow interrupted
2026-03-21 11:41:14,375 - INFO - Voltage Sensor is healthy
2026-03-21 11:41:14,376 - INFO - Speed Sensor is healthy
2026-03-21 11:41:14,377 - INFO - Brake Pressure Sensor is healthy
2026-03-21 11:41:14,377 - INFO - Humidity Sensor is healthy
2026-03-21 11:41:14,381 - INFO - Track Alignment Sensor is healthy
2026-03-21 11:41:14,382 - INFO - Engine Load Sensor is healthy
2026-03-21 11:41:19,383 - INFO - Temperature Sensor is healthy
2026-03-21 11:41:19,384 - INFO - Pressure Sensor is healthy
2026-03-21 11:41:19,385 - INFO - Vibration Sensor is healthy
2026-03-21 11:41:19,386 - ERROR - Fuel Flow Sensor FAILED - Fuel flow interrupted
2026-03-21 11:41:19,387 - INFO - Voltage Sensor is healthy
2026-03-21 11:41:19,388 - INFO - Speed Sensor is healthy
2026-03-21 11:41:19,389 - INFO - Brake Pressure Sensor is healthy
2026-03-21 11:41:19,389 - INFO - Humidity Sensor is healthy
2026-03-21 11:41:19,389 - INFO - Track Alignment Sensor is healthy
2026-03-21 11:41:19,390 - INFO - Engine Load Sensor is healthy
2026-03-21 11:41:24,391 - INFO - Temperature Sensor is healthy
2026-03-21 11:41:24,392 - INFO - Pressure Sensor is healthy
2026-03-21 11:41:24,392 - INFO - Vibration Sensor is healthy
2026-03-21 11:41:24,393 - ERROR - Fuel Flow Sensor FAILED - Fuel flow interrupted
2026-03-21 11:41:24,393 - INFO - Voltage Sensor is healthy
2026-03-21 11:41:24,394 - INFO - Speed Sensor is healthy
2026-03-21 11:41:24,394 - INFO - Brake Pressure Sensor is healthy
2026-03-21 11:41:24,395 - INFO - Humidity Sensor is healthy
2026-03-21 11:41:24,396 - INFO - Track Alignment Sensor is healthy
2026-03-21 11:41:24,396 - INFO - Engine Load Sensor is healthy
2026-03-21 11:41:29,397 - INFO - Temperature Sensor is healthy
2026-03-21 11:41:29,398 - INFO - Pressure Sensor is healthy
2026-03-21 11:41:29,398 - INFO - Vibration Sensor is healthy
2026-03-21 11:41:29,399 - ERROR - Fuel Flow Sensor FAILED - Fuel flow interrupted
2026-03-21 11:41:29,400 - INFO - Voltage Sensor is healthy
2026-03-21 11:41:29,400 - INFO - Speed Sensor is healthy
2026-03-21 11:41:29,400 - INFO - Brake Pressure Sensor is healthy
2026-03-21 11:41:29,401 - INFO - Humidity Sensor is healthy
2026-03-21 11:41:29,401 - INFO - Track Alignment Sensor is healthy
2026-03-21 11:41:29,402 - INFO - Engine Load Sensor is healthy
2026-03-21 11:41:34,403 - INFO - Temperature Sensor is healthy
2026-03-21 11:41:34,404 - INFO - Pressure Sensor is healthy
2026-03-21 11:41:34,405 - INFO - Vibration Sensor is healthy
2026-03-21 11:41:34,406 - ERROR - Fuel Flow Sensor FAILED - Fuel flow interrupted
2026-03-21 11:41:34,407 - INFO - Voltage Sensor is healthy
2026-03-21 11:41:34,408 - INFO - Speed Sensor is healthy
2026-03-21 11:41:34,408 - INFO - Brake Pressure Sensor is healthy
2026-03-21 11:41:34,408 - INFO - Humidity Sensor is healthy
2026-03-21 11:41:34,409 - INFO - Track Alignment Sensor is healthy
2026-03-21 11:41:34,409 - INFO - Engine Load Sensor is healthy
2026-03-21 11:41:39,410 - INFO - Temperature Sensor is healthy
2026-03-21 11:41:39,411 - INFO - Pressure Sensor is healthy
2026-03-21 11:41:39,411 - INFO - Vibration Sensor is healthy
2026-03-21 11:41:39,412 - ERROR - Fuel Flow Sensor FAILED - Fuel flow interrupted
2026-03-21 11:41:39,412 - INFO - Voltage Sensor is healthy
2026-03-21 11:41:39,413 - INFO - Speed Sensor is healthy
2026-03-21 11:41:39,413 - INFO - Brake Pressure Sensor is healthy
2026-03-21 11:41:39,413 - INFO - Humidity Sensor is healthy
2026-03-21 11:41:39,414 - INFO - Track Alignment Sensor is healthy
2026-03-21 11:41:39,414 - INFO - Engine Load Sensor is healthy
2026-03-21 11:41:44,416 - INFO - Temperature Sensor is healthy
2026-03-21 11:41:44,416 - INFO - Pressure Sensor is healthy
2026-03-21 11:41:44,417 - INFO - Vibration Sensor is healthy
2026-03-21 11:41:44,418 - ERROR - Fuel Flow Sensor FAILED - Fuel flow interrupted
2026-03-21 11:41:44,418 - INFO - Voltage Sensor is healthy
2026-03-21 11:41:44,419 - INFO - Speed Sensor is healthy
2026-03-21 11:41:44,419 - INFO - Brake Pressure Sensor is healthy
2026-03-21 11:41:44,420 - INFO - Humidity Sensor is healthy
2026-03-21 11:41:44,421 - INFO - Track Alignment Sensor is healthy
2026-03-21 11:41:44,421 - INFO - Engine Load Sensor is healthy
2026-03-21 11:41:49,423 - INFO - Temperature Sensor is healthy
2026-03-21 11:41:49,424 - INFO - Pressure Sensor is healthy
2026-03-21 11:41:49,424 - INFO - Vibration Sensor is healthy
2026-03-21 11:41:49,425 - ERROR - Fuel Flow Sensor FAILED - Fuel flow interrupted
2026-03-21 11:41:49,426 - INFO - Voltage Sensor is healthy
2026-03-21 11:41:49,426 - INFO - Speed Sensor is healthy
2026-03-21 11:41:49,427 - INFO - Brake Pressure Sensor is healthy
2026-03-21 11:41:49,427 - INFO - Humidity Sensor is healthy
2026-03-21 11:41:49,428 - INFO - Track Alignment Sensor is healthy
2026-03-21 11:41:49,428 - INFO - Engine Load Sensor is healthy
2026-03-21 11:41:54,429 - INFO - Temperature Sensor is healthy
2026-03-21 11:41:54,430 - INFO - Pressure Sensor is healthy
2026-03-21 11:41:54,431 - INFO - Vibration Sensor is healthy
2026-03-21 11:41:54,431 - ERROR - Fuel Flow Sensor FAILED - Fuel flow interrupted
2026-03-21 11:41:54,432 - INFO - Voltage Sensor is healthy
2026-03-21 11:41:54,432 - INFO - Speed Sensor is healthy
2026-03-21 11:41:54,433 - INFO - Brake Pressure Sensor is healthy
2026-03-21 11:41:54,433 - INFO - Humidity Sensor is healthy
2026-03-21 11:41:54,434 - INFO - Track Alignment Sensor is healthy
2026-03-21 11:41:54,434 - INFO - Engine Load Sensor is healthy
2026-03-21 11:41:59,435 - INFO - Temperature Sensor is healthy
2026-03-21 11:41:59,436 - INFO - Pressure Sensor is healthy
2026-03-21 11:41:59,437 - INFO - Vibration Sensor is healthy
2026-03-21 11:41:59,437 - ERROR - Fuel Flow Sensor FAILED - Fuel flow interrupted
2026-03-21 11:41:59,438 - INFO - Voltage Sensor is healthy
2026-03-21 11:41:59,439 - INFO - Speed Sensor is healthy
2026-03-21 11:41:59,439 - INFO - Brake Pressure Sensor is healthy
2026-03-21 11:41:59,440 - INFO - Humidity Sensor is healthy
2026-03-21 11:41:59,441 - INFO - Track Alignment Sensor is healthy
2026-03-21 11:41:59,442 - INFO - Engine Load Sensor is healthy
2026-03-21 11:42:04,444 - INFO - Temperature Sensor is healthy
2026-03-21 11:42:04,452 - INFO - Pressure Sensor is healthy
2026-03-21 11:42:04,456 - INFO - Vibration Sensor is healthy
2026-03-21 11:42:04,463 - ERROR - Fuel Flow Sensor FAILED - Fuel flow interrupted
2026-03-21 11:42:04,466 - INFO - Voltage Sensor is healthy
2026-03-21 11:42:04,468 - INFO - Speed Sensor is healthy
2026-03-21 11:42:04,469 - INFO - Brake Pressure Sensor is healthy
2026-03-21 11:42:04,469 - INFO - Humidity Sensor is healthy
2026-03-21 11:42:04,470 - INFO - Track Alignment Sensor is healthy
2026-03-21 11:42:04,471 - INFO - Engine Load Sensor is healthy
2026-03-21 11:42:09,474 - INFO - Temperature Sensor is healthy
2026-03-21 11:42:09,474 - INFO - Pressure Sensor is healthy
2026-03-21 11:42:09,474 - INFO - Vibration Sensor is healthy
2026-03-21 11:42:09,475 - ERROR - Fuel Flow Sensor FAILED - Fuel flow interrupted
2026-03-21 11:42:09,475 - INFO - Voltage Sensor is healthy
2026-03-21 11:42:09,475 - INFO - Speed Sensor is healthy
2026-03-21 11:42:09,476 - INFO - Brake Pressure Sensor is healthy
2026-03-21 11:42:09,477 - INFO - Humidity Sensor is healthy
2026-03-21 11:42:09,477 - INFO - Track Alignment Sensor is healthy
2026-03-21 11:42:09,477 - INFO - Engine Load Sensor is healthy
2026-03-21 11:42:14,478 - INFO - Temperature Sensor is healthy
2026-03-21 11:42:14,479 - INFO - Pressure Sensor is healthy
2026-03-21 11:42:14,479 - INFO - Vibration Sensor is healthy
2026-03-21 11:42:14,480 - ERROR - Fuel Flow Sensor FAILED - Fuel flow interrupted
2026-03-21 11:42:14,480 - INFO - Voltage Sensor is healthy
2026-03-21 11:42:14,481 - INFO - Speed Sensor is healthy
2026-03-21 11:42:14,481 - INFO - Brake Pressure Sensor is healthy
2026-03-21 11:42:14,481 - INFO - Humidity Sensor is healthy
2026-03-21 11:42:14,482 - INFO - Track Alignment Sensor is healthy
2026-03-21 11:42:14,482 - INFO - Engine Load Sensor is healthy
2026-03-21 11:42:19,483 - INFO - Temperature Sensor is healthy
2026-03-21 11:42:19,484 - INFO - Pressure Sensor is healthy
2026-03-21 11:42:19,484 - INFO - Vibration Sensor is healthy
2026-03-21 11:42:19,484 - ERROR - Fuel Flow Sensor FAILED - Fuel flow interrupted
2026-03-21 11:42:19,485 - INFO - Voltage Sensor is healthy
2026-03-21 11:42:19,485 - INFO - Speed Sensor is healthy
2026-03-21 11:42:19,485 - INFO - Brake Pressure Sensor is healthy
2026-03-21 11:42:19,485 - INFO - Humidity Sensor is healthy
2026-03-21 11:42:19,486 - INFO - Track Alignment Sensor is healthy
2026-03-21 11:42:19,486 - INFO - Engine Load Sensor is healthy
2026-03-21 11:42:24,486 - INFO - Temperature Sensor is healthy
2026-03-21 11:42:24,487 - INFO - Pressure Sensor is healthy
2026-03-21 11:42:24,488 - INFO - Vibration Sensor is healthy
2026-03-21 11:42:24,488 - ERROR - Fuel Flow Sensor FAILED - Fuel flow interrupted
2026-03-21 11:42:24,489 - INFO - Voltage Sensor is healthy
2026-03-21 11:42:24,489 - INFO - Speed Sensor is healthy
2026-03-21 11:42:24,490 - INFO - Brake Pressure Sensor is healthy
2026-03-21 11:42:24,490 - INFO - Humidity Sensor is healthy
2026-03-21 11:42:24,490 - INFO - Track Alignment Sensor is healthy
2026-03-21 11:42:24,490 - INFO - Engine Load Sensor is healthy
2026-03-21 11:42:29,492 - INFO - Temperature Sensor is healthy
2026-03-21 11:42:29,492 - INFO - Pressure Sensor is healthy
2026-03-21 11:42:29,493 - INFO - Vibration Sensor is healthy
2026-03-21 11:42:29,494 - ERROR - Fuel Flow Sensor FAILED - Fuel flow interrupted
2026-03-21 11:42:29,494 - INFO - Voltage Sensor is healthy
2026-03-21 11:42:29,495 - INFO - Speed Sensor is healthy
2026-03-21 11:42:29,495 - INFO - Brake Pressure Sensor is healthy
2026-03-21 11:42:29,496 - INFO - Humidity Sensor is healthy
2026-03-21 11:42:29,496 - INFO - Track Alignment Sensor is healthy
2026-03-21 11:42:29,496 - INFO - Engine Load Sensor is healthy
2026-03-21 11:42:34,498 - INFO - Temperature Sensor is healthy
2026-03-21 11:42:34,498 - INFO - Pressure Sensor is healthy
2026-03-21 11:42:34,499 - INFO - Vibration Sensor is healthy
2026-03-21 11:42:34,499 - ERROR - Fuel Flow Sensor FAILED - Fuel flow interrupted
2026-03-21 11:42:34,499 - INFO - Voltage Sensor is healthy
2026-03-21 11:42:34,500 - INFO - Speed Sensor is healthy
2026-03-21 11:42:34,500 - INFO - Brake Pressure Sensor is healthy
2026-03-21 11:42:34,500 - INFO - Humidity Sensor is healthy
2026-03-21 11:42:34,501 - INFO - Track Alignment Sensor is healthy
2026-03-21 11:42:34,501 - INFO - Engine Load Sensor is healthy
2026-03-21 11:42:39,502 - INFO - Temperature Sensor is healthy
2026-03-21 11:42:39,502 - INFO - Pressure Sensor is healthy
2026-03-21 11:42:39,503 - INFO - Vibration Sensor is healthy
2026-03-21 11:42:39,503 - ERROR - Fuel Flow Sensor FAILED - Fuel flow interrupted
2026-03-21 11:42:39,504 - INFO - Voltage Sensor is healthy
2026-03-21 11:42:39,504 - INFO - Speed Sensor is healthy
2026-03-21 11:42:39,505 - INFO - Brake Pressure Sensor is healthy
2026-03-21 11:42:39,505 - INFO - Humidity Sensor is healthy
2026-03-21 11:42:39,506 - INFO - Track Alignment Sensor is healthy
2026-03-21 11:42:39,506 - INFO - Engine Load Sensor is healthy
2026-03-21 11:42:44,507 - INFO - Temperature Sensor is healthy
2026-03-21 11:42:44,508 - INFO - Pressure Sensor is healthy
2026-03-21 11:42:44,509 - INFO - Vibration Sensor is healthy
2026-03-21 11:42:44,509 - ERROR - Fuel Flow Sensor FAILED - Fuel flow interrupted
2026-03-21 11:42:44,509 - INFO - Voltage Sensor is healthy
2026-03-21 11:42:44,510 - INFO - Speed Sensor is healthy
2026-03-21 11:42:44,510 - INFO - Brake Pressure Sensor is healthy
2026-03-21 11:42:44,510 - INFO - Humidity Sensor is healthy
2026-03-21 11:42:44,511 - INFO - Track Alignment Sensor is healthy
2026-03-21 11:42:44,511 - INFO - Engine Load Sensor is healthy
2026-03-21 11:42:49,512 - INFO - Temperature Sensor is healthy
2026-03-21 11:42:49,512 - INFO - Pressure Sensor is healthy
2026-03-21 11:42:49,513 - INFO - Vibration Sensor is healthy
2026-03-21 11:42:49,513 - ERROR - Fuel Flow Sensor FAILED - Fuel flow interrupted
2026-03-21 11:42:49,514 - INFO - Voltage Sensor is healthy
2026-03-21 11:42:49,515 - INFO - Speed Sensor is healthy
2026-03-21 11:42:49,515 - INFO - Brake Pressure Sensor is healthy
2026-03-21 11:42:49,516 - INFO - Humidity Sensor is healthy
2026-03-21 11:42:49,517 - INFO - Track Alignment Sensor is healthy
2026-03-21 11:42:49,517 - INFO - Engine Load Sensor is healthy
2026-03-21 11:42:54,518 - INFO - Temperature Sensor is healthy
2026-03-21 11:42:54,519 - INFO - Pressure Sensor is healthy
2026-03-21 11:42:54,520 - INFO - Vibration Sensor is healthy
2026-03-21 11:42:54,520 - ERROR - Fuel Flow Sensor FAILED - Fuel flow interrupted
2026-03-21 11:42:54,521 - INFO - Voltage Sensor is healthy
2026-03-21 11:42:54,521 - INFO - Speed Sensor is healthy
2026-03-21 11:42:54,522 - INFO - Brake Pressure Sensor is healthy
2026-03-21 11:42:54,522 - INFO - Humidity Sensor is healthy
2026-03-21 11:42:54,523 - INFO - Track Alignment Sensor is healthy
2026-03-21 11:42:54,523 - INFO - Engine Load Sensor is healthy
2026-03-21 11:42:59,524 - INFO - Temperature Sensor is healthy
2026-03-21 11:42:59,525 - INFO - Pressure Sensor is healthy
2026-03-21 11:42:59,525 - INFO - Vibration Sensor is healthy
2026-03-21 11:42:59,526 - ERROR - Fuel Flow Sensor FAILED - Fuel flow interrupted
2026-03-21 11:42:59,526 - INFO - Voltage Sensor is healthy
2026-03-21 11:42:59,526 - INFO - Speed Sensor is healthy
2026-03-21 11:42:59,527 - INFO - Brake Pressure Sensor is healthy
2026-03-21 11:42:59,527 - INFO - Humidity Sensor is healthy
2026-03-21 11:42:59,528 - INFO - Track Alignment Sensor is healthy
2026-03-21 11:42:59,528 - INFO - Engine Load Sensor is healthy
2026-03-21 11:43:04,529 - INFO - Temperature Sensor is healthy
2026-03-21 11:43:04,530 - INFO - Pressure Sensor is healthy
2026-03-21 11:43:04,530 - INFO - Vibration Sensor is healthy
2026-03-21 11:43:04,530 - ERROR - Fuel Flow Sensor FAILED - Fuel flow interrupted
2026-03-21 11:43:04,531 - INFO - Voltage Sensor is healthy
2026-03-21 11:43:04,531 - INFO - Speed Sensor is healthy
2026-03-21 11:43:04,532 - INFO - Brake Pressure Sensor is healthy
2026-03-21 11:43:04,532 - INFO - Humidity Sensor is healthy
2026-03-21 11:43:04,532 - INFO - Track Alignment Sensor is healthy
2026-03-21 11:43:04,533 - INFO - Engine Load Sensor is healthy
2026-03-21 11:43:09,533 - INFO - Temperature Sensor is healthy
2026-03-21 11:43:09,534 - INFO - Pressure Sensor is healthy
2026-03-21 11:43:09,534 - INFO - Vibration Sensor is healthy
2026-03-21 11:43:09,535 - ERROR - Fuel Flow Sensor FAILED - Fuel flow interrupted
2026-03-21 11:43:09,535 - INFO - Voltage Sensor is healthy
2026-03-21 11:43:09,536 - INFO - Speed Sensor is healthy
2026-03-21 11:43:09,536 - INFO - Brake Pressure Sensor is healthy
2026-03-21 11:43:09,536 - INFO - Humidity Sensor is healthy
2026-03-21 11:43:09,537 - INFO - Track Alignment Sensor is healthy
2026-03-21 11:43:09,537 - INFO - Engine Load Sensor is healthy
2026-03-21 11:43:14,538 - INFO - Temperature Sensor is healthy
2026-03-21 11:43:14,539 - INFO - Pressure Sensor is healthy
2026-03-21 11:43:14,539 - INFO - Vibration Sensor is healthy
2026-03-21 11:43:14,540 - ERROR - Fuel Flow Sensor FAILED - Fuel flow interrupted
2026-03-21 11:43:14,540 - INFO - Voltage Sensor is healthy
2026-03-21 11:43:14,540 - INFO - Speed Sensor is healthy
2026-03-21 11:43:14,541 - INFO - Brake Pressure Sensor is healthy
2026-03-21 11:43:14,541 - INFO - Humidity Sensor is healthy
2026-03-21 11:43:14,541 - INFO - Track Alignment Sensor is healthy
2026-03-21 11:43:14,542 - INFO - Engine Load Sensor is healthy
2026-03-21 11:43:19,542 - INFO - Temperature Sensor is healthy
2026-03-21 11:43:19,543 - INFO - Pressure Sensor is healthy
2026-03-21 11:43:19,543 - INFO - Vibration Sensor is healthy
2026-03-21 11:43:19,543 - ERROR - Fuel Flow Sensor FAILED - Fuel flow interrupted
2026-03-21 11:43:19,544 - INFO - Voltage Sensor is healthy
2026-03-21 11:43:19,544 - INFO - Speed Sensor is healthy
2026-03-21 11:43:19,544 - INFO - Brake Pressure Sensor is healthy
2026-03-21 11:43:19,544 - INFO - Humidity Sensor is healthy
2026-03-21 11:43:19,544 - INFO - Track Alignment Sensor is healthy
2026-03-21 11:43:19,545 - INFO - Engine Load Sensor is healthy
2026-03-21 11:43:24,545 - INFO - Temperature Sensor is healthy
2026-03-21 11:43:24,546 - INFO - Pressure Sensor is healthy
2026-03-21 11:43:24,547 - INFO - Vibration Sensor is healthy
2026-03-21 11:43:24,547 - ERROR - Fuel Flow Sensor FAILED - Fuel flow interrupted
2026-03-21 11:43:24,547 - INFO - Voltage Sensor is healthy
2026-03-21 11:43:24,548 - INFO - Speed Sensor is healthy
2026-03-21 11:43:24,549 - INFO - Brake Pressure Sensor is healthy
2026-03-21 11:43:24,549 - INFO - Humidity Sensor is healthy
2026-03-21 11:43:24,550 - INFO - Track Alignment Sensor is healthy
2026-03-21 11:43:24,550 - INFO - Engine Load Sensor is healthy
2026-03-21 11:43:29,551 - INFO - Temperature Sensor is healthy
2026-03-21 11:43:29,552 - INFO - Pressure Sensor is healthy
2026-03-21 11:43:29,552 - INFO - Vibration Sensor is healthy
2026-03-21 11:43:29,552 - ERROR - Fuel Flow Sensor FAILED - Fuel flow interrupted
2026-03-21 11:43:29,553 - INFO - Voltage Sensor is healthy
2026-03-21 11:43:29,553 - INFO - Speed Sensor is healthy
2026-03-21 11:43:29,553 - INFO - Brake Pressure Sensor is healthy
2026-03-21 11:43:29,554 - INFO - Humidity Sensor is healthy
2026-03-21 11:43:29,554 - INFO - Track Alignment Sensor is healthy
2026-03-21 11:43:29,555 - INFO - Engine Load Sensor is healthy
2026-03-21 11:43:34,555 - INFO - Temperature Sensor is healthy
2026-03-21 11:43:34,557 - INFO - Pressure Sensor is healthy
2026-03-21 11:43:34,561 - INFO - Vibration Sensor is healthy
2026-03-21 11:43:34,576 - ERROR - Fuel Flow Sensor FAILED - Fuel flow interrupted
2026-03-21 11:43:34,577 - INFO - Voltage Sensor is healthy
2026-03-21 11:43:34,578 - INFO - Speed Sensor is healthy
2026-03-21 11:43:34,585 - INFO - Brake Pressure Sensor is healthy
2026-03-21 11:43:34,586 - INFO - Humidity Sensor is healthy
2026-03-21 11:43:34,586 - INFO - Track Alignment Sensor is healthy
2026-03-21 11:43:34,587 - INFO - Engine Load Sensor is healthy
2026-03-21 11:43:39,587 - INFO - Temperature Sensor is healthy
2026-03-21 11:43:39,588 - INFO - Pressure Sensor is healthy
2026-03-21 11:43:39,589 - INFO - Vibration Sensor is healthy
2026-03-21 11:43:39,589 - ERROR - Fuel Flow Sensor FAILED - Fuel flow interrupted
2026-03-21 11:43:39,589 - INFO - Voltage Sensor is healthy
2026-03-21 11:43:39,590 - INFO - Speed Sensor is healthy
2026-03-21 11:43:39,590 - INFO - Brake Pressure Sensor is healthy
2026-03-21 11:43:39,590 - INFO - Humidity Sensor is healthy
2026-03-21 11:43:39,591 - INFO - Track Alignment Sensor is healthy
2026-03-21 11:43:39,591 - INFO - Engine Load Sensor is healthy
2026-03-21 11:43:44,592 - INFO - Temperature Sensor is healthy
2026-03-21 11:43:44,593 - INFO - Pressure Sensor is healthy
2026-03-21 11:43:44,593 - INFO - Vibration Sensor is healthy
2026-03-21 11:43:44,594 - ERROR - Fuel Flow Sensor FAILED - Fuel flow interrupted
2026-03-21 11:43:44,594 - INFO - Voltage Sensor is healthy
2026-03-21 11:43:44,595 - INFO - Speed Sensor is healthy
2026-03-21 11:43:44,595 - INFO - Brake Pressure Sensor is healthy
2026-03-21 11:43:44,596 - INFO - Humidity Sensor is healthy
2026-03-21 11:43:44,596 - INFO - Track Alignment Sensor is healthy
2026-03-21 11:43:44,596 - INFO - Engine Load Sensor is healthy
2026-03-21 11:43:49,597 - INFO - Temperature Sensor is healthy
2026-03-21 11:43:49,598 - INFO - Pressure Sensor is healthy
2026-03-21 11:43:49,598 - INFO - Vibration Sensor is healthy
2026-03-21 11:43:49,599 - ERROR - Fuel Flow Sensor FAILED - Fuel flow interrupted
2026-03-21 11:43:49,601 - INFO - Voltage Sensor is healthy
2026-03-21 11:43:49,601 - INFO - Speed Sensor is healthy
2026-03-21 11:43:49,602 - INFO - Brake Pressure Sensor is healthy
2026-03-21 11:43:49,603 - INFO - Humidity Sensor is healthy
2026-03-21 11:43:49,603 - INFO - Track Alignment Sensor is healthy
2026-03-21 11:43:49,603 - INFO - Engine Load Sensor is healthy
2026-03-21 11:43:54,606 - INFO - Temperature Sensor is healthy
2026-03-21 11:43:54,606 - INFO - Pressure Sensor is healthy
2026-03-21 11:43:54,607 - INFO - Vibration Sensor is healthy
2026-03-21 11:43:54,607 - ERROR - Fuel Flow Sensor FAILED - Fuel flow interrupted
2026-03-21 11:43:54,608 - INFO - Voltage Sensor is healthy
2026-03-21 11:43:54,608 - INFO - Speed Sensor is healthy
2026-03-21 11:43:54,609 - INFO - Brake Pressure Sensor is healthy
2026-03-21 11:43:54,610 - INFO - Humidity Sensor is healthy
2026-03-21 11:43:54,611 - INFO - Track Alignment Sensor is healthy
2026-03-21 11:43:54,611 - INFO - Engine Load Sensor is healthy
2026-03-21 11:43:59,613 - INFO - Temperature Sensor is healthy
2026-03-21 11:43:59,614 - INFO - Pressure Sensor is healthy
2026-03-21 11:43:59,615 - INFO - Vibration Sensor is healthy
2026-03-21 11:43:59,615 - ERROR - Fuel Flow Sensor FAILED - Fuel flow interrupted
2026-03-21 11:43:59,616 - INFO - Voltage Sensor is healthy
2026-03-21 11:43:59,617 - INFO - Speed Sensor is healthy
2026-03-21 11:43:59,617 - INFO - Brake Pressure Sensor is healthy
2026-03-21 11:43:59,617 - INFO - Humidity Sensor is healthy
2026-03-21 11:43:59,618 - INFO - Track Alignment Sensor is healthy
2026-03-21 11:43:59,619 - INFO - Engine Load Sensor is healthy
2026-03-21 11:44:04,620 - INFO - Temperature Sensor is healthy
2026-03-21 11:44:04,621 - INFO - Pressure Sensor is healthy
2026-03-21 11:44:04,621 - INFO - Vibration Sensor is healthy
2026-03-21 11:44:04,621 - ERROR - Fuel Flow Sensor FAILED - Fuel flow interrupted
2026-03-21 11:44:04,622 - INFO - Voltage Sensor is healthy
2026-03-21 11:44:04,622 - INFO - Speed Sensor is healthy
2026-03-21 11:44:04,622 - INFO - Brake Pressure Sensor is healthy
2026-03-21 11:44:04,623 - INFO - Humidity Sensor is healthy
2026-03-21 11:44:04,623 - INFO - Track Alignment Sensor is healthy
2026-03-21 11:44:04,623 - INFO - Engine Load Sensor is healthy
2026-03-21 11:44:09,624 - INFO - Temperature Sensor is healthy
2026-03-21 11:44:09,625 - INFO - Pressure Sensor is healthy
2026-03-21 11:44:09,625 - INFO - Vibration Sensor is healthy
2026-03-21 11:44:09,626 - ERROR - Fuel Flow Sensor FAILED - Fuel flow interrupted
2026-03-21 11:44:09,626 - INFO - Voltage Sensor is healthy
2026-03-21 11:44:09,626 - INFO - Speed Sensor is healthy
2026-03-21 11:44:09,627 - INFO - Brake Pressure Sensor is healthy
2026-03-21 11:44:09,627 - INFO - Humidity Sensor is healthy
2026-03-21 11:44:09,627 - INFO - Track Alignment Sensor is healthy
2026-03-21 11:44:09,628 - INFO - Engine Load Sensor is healthy
2026-03-21 11:44:14,629 - INFO - Temperature Sensor is healthy
2026-03-21 11:44:14,630 - INFO - Pressure Sensor is healthy
2026-03-21 11:44:14,630 - INFO - Vibration Sensor is healthy
2026-03-21 11:44:14,630 - ERROR - Fuel Flow Sensor FAILED - Fuel flow interrupted
2026-03-21 11:44:14,631 - INFO - Voltage Sensor is healthy
2026-03-21 11:44:14,631 - INFO - Speed Sensor is healthy
2026-03-21 11:44:14,631 - INFO - Brake Pressure Sensor is healthy
2026-03-21 11:44:14,632 - INFO - Humidity Sensor is healthy
2026-03-21 11:44:14,632 - INFO - Track Alignment Sensor is healthy
2026-03-21 11:44:14,633 - INFO - Engine Load Sensor is healthy
2026-03-21 11:44:19,633 - INFO - Temperature Sensor is healthy
2026-03-21 11:44:19,634 - INFO - Pressure Sensor is healthy
2026-03-21 11:44:19,634 - INFO - Vibration Sensor is healthy
2026-03-21 11:44:19,635 - ERROR - Fuel Flow Sensor FAILED - Fuel flow interrupted
2026-03-21 11:44:19,635 - INFO - Voltage Sensor is healthy
2026-03-21 11:44:19,635 - INFO - Speed Sensor is healthy
2026-03-21 11:44:19,636 - INFO - Brake Pressure Sensor is healthy
2026-03-21 11:44:19,636 - INFO - Humidity Sensor is healthy
2026-03-21 11:44:19,636 - INFO - Track Alignment Sensor is healthy
2026-03-21 11:44:19,637 - INFO - Engine Load Sensor is healthy
2026-03-21 11:44:24,637 - INFO - Temperature Sensor is healthy
2026-03-21 11:44:24,638 - INFO - Pressure Sensor is healthy
2026-03-21 11:44:24,638 - INFO - Vibration Sensor is healthy
2026-03-21 11:44:24,639 - ERROR - Fuel Flow Sensor FAILED - Fuel flow interrupted
2026-03-21 11:44:24,639 - INFO - Voltage Sensor is healthy
2026-03-21 11:44:24,639 - INFO - Speed Sensor is healthy
2026-03-21 11:44:24,640 - INFO - Brake Pressure Sensor is healthy
2026-03-21 11:44:24,640 - INFO - Humidity Sensor is healthy
2026-03-21 11:44:24,641 - INFO - Track Alignment Sensor is healthy
2026-03-21 11:44:24,641 - INFO - Engine Load Sensor is healthy
2026-03-21 11:44:29,642 - INFO - Temperature Sensor is healthy
2026-03-21 11:44:29,643 - INFO - Pressure Sensor is healthy
2026-03-21 11:44:29,643 - INFO - Vibration Sensor is healthy
2026-03-21 11:44:29,643 - ERROR - Fuel Flow Sensor FAILED - Fuel flow interrupted
2026-03-21 11:44:29,644 - INFO - Voltage Sensor is healthy
2026-03-21 11:44:29,644 - INFO - Speed Sensor is healthy
2026-03-21 11:44:29,644 - INFO - Brake Pressure Sensor is healthy
2026-03-21 11:44:29,645 - INFO - Humidity Sensor is healthy
2026-03-21 11:44:29,645 - INFO - Track Alignment Sensor is healthy
2026-03-21 11:44:29,645 - INFO - Engine Load Sensor is healthy
2026-03-21 11:44:34,646 - INFO - Temperature Sensor is healthy
2026-03-21 11:44:34,647 - INFO - Pressure Sensor is healthy
2026-03-21 11:44:34,648 - INFO - Vibration Sensor is healthy
2026-03-21 11:44:34,648 - ERROR - Fuel Flow Sensor FAILED - Fuel flow interrupted
2026-03-21 11:44:34,649 - INFO - Voltage Sensor is healthy
2026-03-21 11:44:34,649 - INFO - Speed Sensor is healthy
2026-03-21 11:44:34,649 - INFO - Brake Pressure Sensor is healthy
2026-03-21 11:44:34,650 - INFO - Humidity Sensor is healthy
2026-03-21 11:44:34,650 - INFO - Track Alignment Sensor is healthy
2026-03-21 11:44:34,651 - INFO - Engine Load Sensor is healthy
2026-03-21 11:44:39,652 - INFO - Temperature Sensor is healthy
2026-03-21 11:44:39,652 - INFO - Pressure Sensor is healthy
2026-03-21 11:44:39,653 - INFO - Vibration Sensor is healthy
2026-03-21 11:44:39,653 - ERROR - Fuel Flow Sensor FAILED - Fuel flow interrupted
2026-03-21 11:44:39,653 - INFO - Voltage Sensor is healthy
2026-03-21 11:44:39,654 - INFO - Speed Sensor is healthy
2026-03-21 11:44:39,654 - INFO - Brake Pressure Sensor is healthy
2026-03-21 11:44:39,654 - INFO - Humidity Sensor is healthy
2026-03-21 11:44:39,655 - INFO - Track Alignment Sensor is healthy
2026-03-21 11:44:39,655 - INFO - Engine Load Sensor is healthy
2026-03-21 11:44:44,656 - INFO - Temperature Sensor is healthy
2026-03-21 11:44:44,657 - INFO - Pressure Sensor is healthy
2026-03-21 11:44:44,658 - INFO - Vibration Sensor is healthy
2026-03-21 11:44:44,658 - ERROR - Fuel Flow Sensor FAILED - Fuel flow interrupted
2026-03-21 11:44:44,659 - INFO - Voltage Sensor is healthy
2026-03-21 11:44:44,659 - INFO - Speed Sensor is healthy
2026-03-21 11:44:44,659 - INFO - Brake Pressure Sensor is healthy
2026-03-21 11:44:44,660 - INFO - Humidity Sensor is healthy
2026-03-21 11:44:44,660 - INFO - Track Alignment Sensor is healthy
2026-03-21 11:44:44,661 - INFO - Engine Load Sensor is healthy
2026-03-21 11:44:49,662 - INFO - Temperature Sensor is healthy
2026-03-21 11:44:49,663 - INFO - Pressure Sensor is healthy
2026-03-21 11:44:49,664 - INFO - Vibration Sensor is healthy
2026-03-21 11:44:49,664 - ERROR - Fuel Flow Sensor FAILED - Fuel flow interrupted
2026-03-21 11:44:49,665 - INFO - Voltage Sensor is healthy
2026-03-21 11:44:49,665 - INFO - Speed Sensor is healthy
2026-03-21 11:44:49,667 - INFO - Brake Pressure Sensor is healthy
2026-03-21 11:44:49,668 - INFO - Humidity Sensor is healthy
2026-03-21 11:44:49,669 - INFO - Track Alignment Sensor is healthy
2026-03-21 11:44:49,669 - INFO - Engine Load Sensor is healthy
2026-03-21 11:44:54,670 - INFO - Temperature Sensor is healthy
2026-03-21 11:44:54,671 - INFO - Pressure Sensor is healthy
2026-03-21 11:44:54,671 - INFO - Vibration Sensor is healthy
2026-03-21 11:44:54,671 - ERROR - Fuel Flow Sensor FAILED - Fuel flow interrupted
2026-03-21 11:44:54,671 - INFO - Voltage Sensor is healthy
2026-03-21 11:44:54,672 - INFO - Speed Sensor is healthy
2026-03-21 11:44:54,672 - INFO - Brake Pressure Sensor is healthy
2026-03-21 11:44:54,673 - INFO - Humidity Sensor is healthy
2026-03-21 11:44:54,673 - INFO - Track Alignment Sensor is healthy
2026-03-21 11:44:54,674 - INFO - Engine Load Sensor is healthy
2026-03-21 11:44:59,675 - INFO - Temperature Sensor is healthy
2026-03-21 11:44:59,676 - INFO - Pressure Sensor is healthy
2026-03-21 11:44:59,677 - INFO - Vibration Sensor is healthy
2026-03-21 11:44:59,677 - ERROR - Fuel Flow Sensor FAILED - Fuel flow interrupted
2026-03-21 11:44:59,677 - INFO - Voltage Sensor is healthy
2026-03-21 11:44:59,678 - INFO - Speed Sensor is healthy
2026-03-21 11:44:59,678 - INFO - Brake Pressure Sensor is healthy
2026-03-21 11:44:59,678 - INFO - Humidity Sensor is healthy
2026-03-21 11:44:59,679 - INFO - Track Alignment Sensor is healthy
2026-03-21 11:44:59,679 - INFO - Engine Load Sensor is healthy
2026-03-21 11:45:04,680 - INFO - Temperature Sensor is healthy
2026-03-21 11:45:04,681 - INFO - Pressure Sensor is healthy
2026-03-21 11:45:04,681 - INFO - Vibration Sensor is healthy
2026-03-21 11:45:04,681 - ERROR - Fuel Flow Sensor FAILED - Fuel flow interrupted
2026-03-21 11:45:04,682 - INFO - Voltage Sensor is healthy
2026-03-21 11:45:04,682 - INFO - Speed Sensor is healthy
2026-03-21 11:45:04,682 - INFO - Brake Pressure Sensor is healthy
2026-03-21 11:45:04,683 - INFO - Humidity Sensor is healthy
2026-03-21 11:45:04,683 - INFO - Track Alignment Sensor is healthy
2026-03-21 11:45:04,683 - INFO - Engine Load Sensor is healthy
2026-03-21 11:45:09,684 - INFO - Temperature Sensor is healthy
2026-03-21 11:45:09,685 - INFO - Pressure Sensor is healthy
2026-03-21 11:45:09,685 - INFO - Vibration Sensor is healthy
2026-03-21 11:45:09,685 - ERROR - Fuel Flow Sensor FAILED - Fuel flow interrupted
2026-03-21 11:45:09,685 - INFO - Voltage Sensor is healthy
2026-03-21 11:45:09,686 - INFO - Speed Sensor is healthy
2026-03-21 11:45:09,686 - INFO - Brake Pressure Sensor is healthy
2026-03-21 11:45:09,686 - INFO - Humidity Sensor is healthy
2026-03-21 11:45:09,686 - INFO - Track Alignment Sensor is healthy
2026-03-21 11:45:09,687 - INFO - Engine Load Sensor is healthy
2026-03-21 11:45:14,688 - INFO - Temperature Sensor is healthy
2026-03-21 11:45:14,688 - INFO - Pressure Sensor is healthy
2026-03-21 11:45:14,689 - INFO - Vibration Sensor is healthy
2026-03-21 11:45:14,689 - ERROR - Fuel Flow Sensor FAILED - Fuel flow interrupted
2026-03-21 11:45:14,689 - INFO - Voltage Sensor is healthy
2026-03-21 11:45:14,690 - INFO - Speed Sensor is healthy
2026-03-21 11:45:14,690 - INFO - Brake Pressure Sensor is healthy
2026-03-21 11:45:14,691 - INFO - Humidity Sensor is healthy
2026-03-21 11:45:14,692 - INFO - Track Alignment Sensor is healthy
2026-03-21 11:45:14,693 - INFO - Engine Load Sensor is healthy
2026-03-21 11:45:19,694 - INFO - Temperature Sensor is healthy
2026-03-21 11:45:19,695 - INFO - Pressure Sensor is healthy
2026-03-21 11:45:19,696 - INFO - Vibration Sensor is healthy
2026-03-21 11:45:19,696 - ERROR - Fuel Flow Sensor FAILED - Fuel flow interrupted
2026-03-21 11:45:19,697 - INFO - Voltage Sensor is healthy
2026-03-21 11:45:19,698 - INFO - Speed Sensor is healthy
2026-03-21 11:45:19,698 - INFO - Brake Pressure Sensor is healthy
2026-03-21 11:45:19,698 - INFO - Humidity Sensor is healthy
2026-03-21 11:45:19,698 - INFO - Track Alignment Sensor is healthy
2026-03-21 11:45:19,699 - INFO - Engine Load Sensor is healthy
2026-03-21 11:45:24,700 - INFO - Temperature Sensor is healthy
2026-03-21 11:45:24,700 - INFO - Pressure Sensor is healthy
2026-03-21 11:45:24,700 - INFO - Vibration Sensor is healthy
2026-03-21 11:45:24,702 - ERROR - Fuel Flow Sensor FAILED - Fuel flow interrupted
2026-03-21 11:45:24,702 - INFO - Voltage Sensor is healthy
2026-03-21 11:45:24,703 - INFO - Speed Sensor is healthy
2026-03-21 11:45:24,704 - INFO - Brake Pressure Sensor is healthy
2026-03-21 11:45:24,704 - INFO - Humidity Sensor is healthy
2026-03-21 11:45:24,705 - INFO - Track Alignment Sensor is healthy
2026-03-21 11:45:24,705 - INFO - Engine Load Sensor is healthy
2026-03-21 11:45:29,706 - INFO - Temperature Sensor is healthy
2026-03-21 11:45:29,707 - INFO - Pressure Sensor is healthy
2026-03-21 11:45:29,707 - INFO - Vibration Sensor is healthy
2026-03-21 11:45:29,708 - ERROR - Fuel Flow Sensor FAILED - Fuel flow interrupted
2026-03-21 11:45:29,708 - INFO - Voltage Sensor is healthy
2026-03-21 11:45:29,708 - INFO - Speed Sensor is healthy
2026-03-21 11:45:29,709 - INFO - Brake Pressure Sensor is healthy
2026-03-21 11:45:29,709 - INFO - Humidity Sensor is healthy
2026-03-21 11:45:29,710 - INFO - Track Alignment Sensor is healthy
2026-03-21 11:45:29,710 - INFO - Engine Load Sensor is healthy
2026-03-21 11:45:34,711 - INFO - Temperature Sensor is healthy
2026-03-21 11:45:34,712 - INFO - Pressure Sensor is healthy
2026-03-21 11:45:34,713 - INFO - Vibration Sensor is healthy
2026-03-21 11:45:34,714 - ERROR - Fuel Flow Sensor FAILED - Fuel flow interrupted
2026-03-21 11:45:34,714 - INFO - Voltage Sensor is healthy
2026-03-21 11:45:34,714 - INFO - Speed Sensor is healthy
2026-03-21 11:45:34,715 - INFO - Brake Pressure Sensor is healthy
2026-03-21 11:45:34,715 - INFO - Humidity Sensor is healthy
2026-03-21 11:45:34,715 - INFO - Track Alignment Sensor is healthy
2026-03-21 11:45:34,715 - INFO - Engine Load Sensor is healthy
2026-03-21 11:45:39,716 - INFO - Temperature Sensor is healthy
2026-03-21 11:45:39,717 - INFO - Pressure Sensor is healthy
2026-03-21 11:45:39,718 - INFO - Vibration Sensor is healthy
2026-03-21 11:45:39,721 - ERROR - Fuel Flow Sensor FAILED - Fuel flow interrupted
2026-03-21 11:45:39,723 - INFO - Voltage Sensor is healthy
2026-03-21 11:45:39,724 - INFO - Speed Sensor is healthy
2026-03-21 11:45:39,726 - INFO - Brake Pressure Sensor is healthy
2026-03-21 11:45:39,728 - INFO - Humidity Sensor is healthy
2026-03-21 11:45:39,728 - INFO - Track Alignment Sensor is healthy
2026-03-21 11:45:39,729 - INFO - Engine Load Sensor is healthy
2026-03-21 11:45:44,730 - INFO - Temperature Sensor is healthy
2026-03-21 11:45:44,731 - INFO - Pressure Sensor is healthy
2026-03-21 11:45:44,731 - INFO - Vibration Sensor is healthy
2026-03-21 11:45:44,732 - ERROR - Fuel Flow Sensor FAILED - Fuel flow interrupted
2026-03-21 11:45:44,732 - INFO - Voltage Sensor is healthy
2026-03-21 11:45:44,732 - INFO - Speed Sensor is healthy
2026-03-21 11:45:44,733 - INFO - Brake Pressure Sensor is healthy
2026-03-21 11:45:44,733 - INFO - Humidity Sensor is healthy
2026-03-21 11:45:44,733 - INFO - Track Alignment Sensor is healthy
2026-03-21 11:45:44,734 - INFO - Engine Load Sensor is healthy
2026-03-21 11:45:49,735 - INFO - Temperature Sensor is healthy
2026-03-21 11:45:49,736 - INFO - Pressure Sensor is healthy
2026-03-21 11:45:49,736 - INFO - Vibration Sensor is healthy
2026-03-21 11:45:49,737 - ERROR - Fuel Flow Sensor FAILED - Fuel flow interrupted
2026-03-21 11:45:49,737 - INFO - Voltage Sensor is healthy
2026-03-21 11:45:49,738 - INFO - Speed Sensor is healthy
2026-03-21 11:45:49,738 - INFO - Brake Pressure Sensor is healthy
2026-03-21 11:45:49,738 - INFO - Humidity Sensor is healthy
2026-03-21 11:45:49,739 - INFO - Track Alignment Sensor is healthy
2026-03-21 11:45:49,739 - INFO - Engine Load Sensor is healthy
2026-03-21 11:45:54,741 - INFO - Temperature Sensor is healthy
2026-03-21 11:45:54,741 - INFO - Pressure Sensor is healthy
2026-03-21 11:45:54,742 - INFO - Vibration Sensor is healthy
2026-03-21 11:45:54,742 - ERROR - Fuel Flow Sensor FAILED - Fuel flow interrupted
2026-03-21 11:45:54,742 - INFO - Voltage Sensor is healthy
2026-03-21 11:45:54,743 - INFO - Speed Sensor is healthy
2026-03-21 11:45:54,743 - INFO - Brake Pressure Sensor is healthy
2026-03-21 11:45:54,744 - INFO - Humidity Sensor is healthy
2026-03-21 11:45:54,744 - INFO - Track Alignment Sensor is healthy
2026-03-21 11:45:54,745 - INFO - Engine Load Sensor is healthy
2026-03-21 11:45:59,745 - INFO - Temperature Sensor is healthy
2026-03-21 11:45:59,746 - INFO - Pressure Sensor is healthy
2026-03-21 11:45:59,746 - INFO - Vibration Sensor is healthy
2026-03-21 11:45:59,747 - ERROR - Fuel Flow Sensor FAILED - Fuel flow interrupted
2026-03-21 11:45:59,747 - INFO - Voltage Sensor is healthy
2026-03-21 11:45:59,747 - INFO - Speed Sensor is healthy
2026-03-21 11:45:59,747 - INFO - Brake Pressure Sensor is healthy
2026-03-21 11:45:59,748 - INFO - Humidity Sensor is healthy
2026-03-21 11:45:59,748 - INFO - Track Alignment Sensor is healthy
2026-03-21 11:45:59,748 - INFO - Engine Load Sensor is healthy
2026-03-21 11:46:04,750 - INFO - Temperature Sensor is healthy
2026-03-21 11:46:04,756 - INFO - Pressure Sensor is healthy
2026-03-21 11:46:04,758 - INFO - Vibration Sensor is healthy
2026-03-21 11:46:04,759 - ERROR - Fuel Flow Sensor FAILED - Fuel flow interrupted
2026-03-21 11:46:04,759 - INFO - Voltage Sensor is healthy
2026-03-21 11:46:04,760 - INFO - Speed Sensor is healthy
2026-03-21 11:46:04,761 - INFO - Brake Pressure Sensor is healthy
2026-03-21 11:46:04,761 - INFO - Humidity Sensor is healthy
2026-03-21 11:46:04,762 - INFO - Track Alignment Sensor is healthy
2026-03-21 11:46:04,762 - INFO - Engine Load Sensor is healthy
2026-03-21 11:46:09,766 - INFO - Temperature Sensor is healthy
2026-03-21 11:46:09,781 - INFO - Pressure Sensor is healthy
2026-03-21 11:46:09,783 - INFO - Vibration Sensor is healthy
2026-03-21 11:46:09,791 - ERROR - Fuel Flow Sensor FAILED - Fuel flow interrupted
2026-03-21 11:46:09,793 - INFO - Voltage Sensor is healthy
2026-03-21 11:46:09,794 - INFO - Speed Sensor is healthy
2026-03-21 11:46:09,801 - INFO - Brake Pressure Sensor is healthy
2026-03-21 11:46:09,815 - INFO - Humidity Sensor is healthy
2026-03-21 11:46:09,817 - INFO - Track Alignment Sensor is healthy
2026-03-21 11:46:09,818 - INFO - Engine Load Sensor is healthy
2026-03-21 11:46:14,828 - INFO - Temperature Sensor is healthy
2026-03-21 11:46:14,829 - INFO - Pressure Sensor is healthy
2026-03-21 11:46:14,829 - INFO - Vibration Sensor is healthy
2026-03-21 11:46:14,830 - ERROR - Fuel Flow Sensor FAILED - Fuel flow interrupted
2026-03-21 11:46:14,830 - INFO - Voltage Sensor is healthy
2026-03-21 11:46:14,831 - INFO - Speed Sensor is healthy
2026-03-21 11:46:14,831 - INFO - Brake Pressure Sensor is healthy
2026-03-21 11:46:14,831 - INFO - Humidity Sensor is healthy
2026-03-21 11:46:14,832 - INFO - Track Alignment Sensor is healthy
2026-03-21 11:46:14,832 - INFO - Engine Load Sensor is healthy
2026-03-21 11:46:19,833 - INFO - Temperature Sensor is healthy
2026-03-21 11:46:19,833 - INFO - Pressure Sensor is healthy
2026-03-21 11:46:19,834 - INFO - Vibration Sensor is healthy
2026-03-21 11:46:19,836 - ERROR - Fuel Flow Sensor FAILED - Fuel flow interrupted
2026-03-21 11:46:19,837 - INFO - Voltage Sensor is healthy
2026-03-21 11:46:19,837 - INFO - Speed Sensor is healthy
2026-03-21 11:46:19,837 - INFO - Brake Pressure Sensor is healthy
2026-03-21 11:46:19,838 - INFO - Humidity Sensor is healthy
2026-03-21 11:46:19,838 - INFO - Track Alignment Sensor is healthy
2026-03-21 11:46:19,838 - INFO - Engine Load Sensor is healthy
2026-03-21 11:46:24,839 - INFO - Temperature Sensor is healthy
2026-03-21 11:46:24,840 - INFO - Pressure Sensor is healthy
2026-03-21 11:46:24,841 - INFO - Vibration Sensor is healthy
2026-03-21 11:46:24,841 - ERROR - Fuel Flow Sensor FAILED - Fuel flow interrupted
2026-03-21 11:46:24,841 - INFO - Voltage Sensor is healthy
2026-03-21 11:46:24,842 - INFO - Speed Sensor is healthy
2026-03-21 11:46:24,842 - INFO - Brake Pressure Sensor is healthy
2026-03-21 11:46:24,843 - INFO - Humidity Sensor is healthy
2026-03-21 11:46:24,843 - INFO - Track Alignment Sensor is healthy
2026-03-21 11:46:24,843 - INFO - Engine Load Sensor is healthy
2026-03-21 11:46:29,846 - INFO - Temperature Sensor is healthy
2026-03-21 11:46:29,847 - INFO - Pressure Sensor is healthy
2026-03-21 11:46:29,847 - INFO - Vibration Sensor is healthy
2026-03-21 11:46:29,847 - ERROR - Fuel Flow Sensor FAILED - Fuel flow interrupted
2026-03-21 11:46:29,848 - INFO - Voltage Sensor is healthy
2026-03-21 11:46:29,848 - INFO - Speed Sensor is healthy
2026-03-21 11:46:29,848 - INFO - Brake Pressure Sensor is healthy
2026-03-21 11:46:29,849 - INFO - Humidity Sensor is healthy
2026-03-21 11:46:29,849 - INFO - Track Alignment Sensor is healthy
2026-03-21 11:46:29,850 - INFO - Engine Load Sensor is healthy
2026-03-21 11:46:34,850 - INFO - Temperature Sensor is healthy
2026-03-21 11:46:34,851 - INFO - Pressure Sensor is healthy
2026-03-21 11:46:34,851 - INFO - Vibration Sensor is healthy
2026-03-21 11:46:34,851 - ERROR - Fuel Flow Sensor FAILED - Fuel flow interrupted
2026-03-21 11:46:34,852 - INFO - Voltage Sensor is healthy
2026-03-21 11:46:34,853 - INFO - Speed Sensor is healthy
2026-03-21 11:46:34,853 - INFO - Brake Pressure Sensor is healthy
2026-03-21 11:46:34,853 - INFO - Humidity Sensor is healthy
2026-03-21 11:46:34,854 - INFO - Track Alignment Sensor is healthy
2026-03-21 11:46:34,854 - INFO - Engine Load Sensor is healthy
2026-03-21 11:46:39,855 - INFO - Temperature Sensor is healthy
2026-03-21 11:46:39,856 - INFO - Pressure Sensor is healthy
2026-03-21 11:46:39,857 - INFO - Vibration Sensor is healthy
2026-03-21 11:46:39,857 - ERROR - Fuel Flow Sensor FAILED - Fuel flow interrupted
2026-03-21 11:46:39,857 - INFO - Voltage Sensor is healthy
2026-03-21 11:46:39,858 - INFO - Speed Sensor is healthy
2026-03-21 11:46:39,858 - INFO - Brake Pressure Sensor is healthy
2026-03-21 11:46:39,858 - INFO - Humidity Sensor is healthy
2026-03-21 11:46:39,859 - INFO - Track Alignment Sensor is healthy
2026-03-21 11:46:39,859 - INFO - Engine Load Sensor is healthy
2026-03-21 11:46:44,859 - INFO - Temperature Sensor is healthy
2026-03-21 11:46:44,860 - INFO - Pressure Sensor is healthy
2026-03-21 11:46:44,860 - INFO - Vibration Sensor is healthy
2026-03-21 11:46:44,861 - ERROR - Fuel Flow Sensor FAILED - Fuel flow interrupted
2026-03-21 11:46:44,862 - INFO - Voltage Sensor is healthy
2026-03-21 11:46:44,862 - INFO - Speed Sensor is healthy
2026-03-21 11:46:44,863 - INFO - Brake Pressure Sensor is healthy
2026-03-21 11:46:44,865 - INFO - Humidity Sensor is healthy
2026-03-21 11:46:44,866 - INFO - Track Alignment Sensor is healthy
2026-03-21 11:46:44,867 - INFO - Engine Load Sensor is healthy
2026-03-21 11:46:49,869 - INFO - Temperature Sensor is healthy
2026-03-21 11:46:49,873 - INFO - Pressure Sensor is healthy
2026-03-21 11:46:49,874 - INFO - Vibration Sensor is healthy
2026-03-21 11:46:49,876 - ERROR - Fuel Flow Sensor FAILED - Fuel flow interrupted
2026-03-21 11:46:49,876 - INFO - Voltage Sensor is healthy
2026-03-21 11:46:49,878 - INFO - Speed Sensor is healthy
2026-03-21 11:46:49,879 - INFO - Brake Pressure Sensor is healthy
2026-03-21 11:46:49,880 - INFO - Humidity Sensor is healthy
2026-03-21 11:46:49,881 - INFO - Track Alignment Sensor is healthy
2026-03-21 11:46:49,882 - INFO - Engine Load Sensor is healthy
2026-03-21 11:46:54,883 - INFO - Temperature Sensor is healthy
2026-03-21 11:46:54,884 - INFO - Pressure Sensor is healthy
2026-03-21 11:46:54,884 - INFO - Vibration Sensor is healthy
2026-03-21 11:46:54,885 - ERROR - Fuel Flow Sensor FAILED - Fuel flow interrupted
2026-03-21 11:46:54,885 - INFO - Voltage Sensor is healthy
2026-03-21 11:46:54,888 - INFO - Speed Sensor is healthy
2026-03-21 11:46:54,888 - INFO - Brake Pressure Sensor is healthy
2026-03-21 11:46:54,889 - INFO - Humidity Sensor is healthy
2026-03-21 11:46:54,889 - INFO - Track Alignment Sensor is healthy
2026-03-21 11:46:54,890 - INFO - Engine Load Sensor is healthy
2026-03-21 11:46:59,892 - INFO - Temperature Sensor is healthy
2026-03-21 11:46:59,893 - INFO - Pressure Sensor is healthy
2026-03-21 11:46:59,894 - INFO - Vibration Sensor is healthy
2026-03-21 11:46:59,894 - ERROR - Fuel Flow Sensor FAILED - Fuel flow interrupted
2026-03-21 11:46:59,895 - INFO - Voltage Sensor is healthy
2026-03-21 11:46:59,895 - INFO - Speed Sensor is healthy
2026-03-21 11:46:59,895 - INFO - Brake Pressure Sensor is healthy
2026-03-21 11:46:59,896 - INFO - Humidity Sensor is healthy
2026-03-21 11:46:59,896 - INFO - Track Alignment Sensor is healthy
2026-03-21 11:46:59,897 - INFO - Engine Load Sensor is healthy
2026-03-21 11:47:04,898 - INFO - Temperature Sensor is healthy
2026-03-21 11:47:04,898 - INFO - Pressure Sensor is healthy
2026-03-21 11:47:04,899 - INFO - Vibration Sensor is healthy
2026-03-21 11:47:04,899 - ERROR - Fuel Flow Sensor FAILED - Fuel flow interrupted
2026-03-21 11:47:04,899 - INFO - Voltage Sensor is healthy
2026-03-21 11:47:04,900 - INFO - Speed Sensor is healthy
2026-03-21 11:47:04,900 - INFO - Brake Pressure Sensor is healthy
2026-03-21 11:47:04,900 - INFO - Humidity Sensor is healthy
2026-03-21 11:47:04,901 - INFO - Track Alignment Sensor is healthy
2026-03-21 11:47:04,901 - INFO - Engine Load Sensor is healthy
2026-03-21 11:47:09,902 - INFO - Temperature Sensor is healthy
2026-03-21 11:47:09,902 - INFO - Pressure Sensor is healthy
2026-03-21 11:47:09,903 - INFO - Vibration Sensor is healthy
2026-03-21 11:47:09,903 - ERROR - Fuel Flow Sensor FAILED - Fuel flow interrupted
2026-03-21 11:47:09,904 - INFO - Voltage Sensor is healthy
2026-03-21 11:47:09,904 - INFO - Speed Sensor is healthy
2026-03-21 11:47:09,905 - INFO - Brake Pressure Sensor is healthy
2026-03-21 11:47:09,905 - INFO - Humidity Sensor is healthy
2026-03-21 11:47:09,905 - INFO - Track Alignment Sensor is healthy
2026-03-21 11:47:09,905 - INFO - Engine Load Sensor is healthy
2026-03-21 11:47:14,906 - INFO - Temperature Sensor is healthy
2026-03-21 11:47:14,907 - INFO - Pressure Sensor is healthy
2026-03-21 11:47:14,907 - INFO - Vibration Sensor is healthy
2026-03-21 11:47:14,907 - ERROR - Fuel Flow Sensor FAILED - Fuel flow interrupted
2026-03-21 11:47:14,908 - INFO - Voltage Sensor is healthy
2026-03-21 11:47:14,908 - INFO - Speed Sensor is healthy
2026-03-21 11:47:14,908 - INFO - Brake Pressure Sensor is healthy
2026-03-21 11:47:14,909 - INFO - Humidity Sensor is healthy
2026-03-21 11:47:14,909 - INFO - Track Alignment Sensor is healthy
2026-03-21 11:47:14,909 - INFO - Engine Load Sensor is healthy
2026-03-21 11:47:19,910 - INFO - Temperature Sensor is healthy
2026-03-21 11:47:19,910 - INFO - Pressure Sensor is healthy
2026-03-21 11:47:19,911 - INFO - Vibration Sensor is healthy
2026-03-21 11:47:19,911 - ERROR - Fuel Flow Sensor FAILED - Fuel flow interrupted
2026-03-21 11:47:19,912 - INFO - Voltage Sensor is healthy
2026-03-21 11:47:19,912 - INFO - Speed Sensor is healthy
2026-03-21 11:47:19,913 - INFO - Brake Pressure Sensor is healthy
2026-03-21 11:47:19,913 - INFO - Humidity Sensor is healthy
2026-03-21 11:47:19,914 - INFO - Track Alignment Sensor is healthy
2026-03-21 11:47:19,914 - INFO - Engine Load Sensor is healthy
2026-03-21 11:47:24,915 - INFO - Temperature Sensor is healthy
2026-03-21 11:47:24,916 - INFO - Pressure Sensor is healthy
2026-03-21 11:47:24,916 - INFO - Vibration Sensor is healthy
2026-03-21 11:47:24,916 - ERROR - Fuel Flow Sensor FAILED - Fuel flow interrupted
2026-03-21 11:47:24,917 - INFO - Voltage Sensor is healthy
2026-03-21 11:47:24,917 - INFO - Speed Sensor is healthy
2026-03-21 11:47:24,917 - INFO - Brake Pressure Sensor is healthy
2026-03-21 11:47:24,918 - INFO - Humidity Sensor is healthy
2026-03-21 11:47:24,918 - INFO - Track Alignment Sensor is healthy
2026-03-21 11:47:24,919 - INFO - Engine Load Sensor is healthy
2026-03-21 11:47:29,920 - INFO - Temperature Sensor is healthy
2026-03-21 11:47:29,921 - INFO - Pressure Sensor is healthy
2026-03-21 11:47:29,921 - INFO - Vibration Sensor is healthy
2026-03-21 11:47:29,922 - ERROR - Fuel Flow Sensor FAILED - Fuel flow interrupted
2026-03-21 11:47:29,922 - INFO - Voltage Sensor is healthy
2026-03-21 11:47:29,922 - INFO - Speed Sensor is healthy
2026-03-21 11:47:29,923 - INFO - Brake Pressure Sensor is healthy
2026-03-21 11:47:29,923 - INFO - Humidity Sensor is healthy
2026-03-21 11:47:29,923 - INFO - Track Alignment Sensor is healthy
2026-03-21 11:47:29,923 - INFO - Engine Load Sensor is healthy
2026-03-21 11:47:34,925 - INFO - Temperature Sensor is healthy
2026-03-21 11:47:34,926 - INFO - Pressure Sensor is healthy
2026-03-21 11:47:34,926 - INFO - Vibration Sensor is healthy
2026-03-21 11:47:34,926 - ERROR - Fuel Flow Sensor FAILED - Fuel flow interrupted
2026-03-21 11:47:34,927 - INFO - Voltage Sensor is healthy
2026-03-21 11:47:34,927 - INFO - Speed Sensor is healthy
2026-03-21 11:47:34,927 - INFO - Brake Pressure Sensor is healthy
2026-03-21 11:47:34,928 - INFO - Humidity Sensor is healthy
2026-03-21 11:47:34,928 - INFO - Track Alignment Sensor is healthy
2026-03-21 11:47:34,929 - INFO - Engine Load Sensor is healthy
2026-03-21 11:47:39,929 - INFO - Temperature Sensor is healthy
2026-03-21 11:47:39,930 - INFO - Pressure Sensor is healthy
2026-03-21 11:47:39,931 - INFO - Vibration Sensor is healthy
2026-03-21 11:47:39,931 - ERROR - Fuel Flow Sensor FAILED - Fuel flow interrupted
2026-03-21 11:47:39,932 - INFO - Voltage Sensor is healthy
2026-03-21 11:47:39,932 - INFO - Speed Sensor is healthy
2026-03-21 11:47:39,933 - INFO - Brake Pressure Sensor is healthy
2026-03-21 11:47:39,933 - INFO - Humidity Sensor is healthy
2026-03-21 11:47:39,934 - INFO - Track Alignment Sensor is healthy
2026-03-21 11:47:39,934 - INFO - Engine Load Sensor is healthy
2026-03-21 11:47:44,935 - INFO - Temperature Sensor is healthy
2026-03-21 11:47:44,936 - INFO - Pressure Sensor is healthy
2026-03-21 11:47:44,936 - INFO - Vibration Sensor is healthy
2026-03-21 11:47:44,936 - ERROR - Fuel Flow Sensor FAILED - Fuel flow interrupted
2026-03-21 11:47:44,937 - INFO - Voltage Sensor is healthy
2026-03-21 11:47:44,937 - INFO - Speed Sensor is healthy
2026-03-21 11:47:44,938 - INFO - Brake Pressure Sensor is healthy
2026-03-21 11:47:44,938 - INFO - Humidity Sensor is healthy
2026-03-21 11:47:44,939 - INFO - Track Alignment Sensor is healthy
2026-03-21 11:47:44,939 - INFO - Engine Load Sensor is healthy
2026-03-21 11:47:49,940 - INFO - Temperature Sensor is healthy
2026-03-21 11:47:49,940 - INFO - Pressure Sensor is healthy
2026-03-21 11:47:49,941 - INFO - Vibration Sensor is healthy
2026-03-21 11:47:49,941 - ERROR - Fuel Flow Sensor FAILED - Fuel flow interrupted
2026-03-21 11:47:49,941 - INFO - Voltage Sensor is healthy
2026-03-21 11:47:49,942 - INFO - Speed Sensor is healthy
2026-03-21 11:47:49,942 - INFO - Brake Pressure Sensor is healthy
2026-03-21 11:47:49,943 - INFO - Humidity Sensor is healthy
2026-03-21 11:47:49,943 - INFO - Track Alignment Sensor is healthy
2026-03-21 11:47:49,943 - INFO - Engine Load Sensor is healthy
2026-03-21 11:47:54,944 - INFO - Temperature Sensor is healthy
2026-03-21 11:47:54,945 - INFO - Pressure Sensor is healthy
2026-03-21 11:47:54,945 - INFO - Vibration Sensor is healthy
2026-03-21 11:47:54,946 - ERROR - Fuel Flow Sensor FAILED - Fuel flow interrupted
2026-03-21 11:47:54,946 - INFO - Voltage Sensor is healthy
2026-03-21 11:47:54,946 - INFO - Speed Sensor is healthy
2026-03-21 11:47:54,947 - INFO - Brake Pressure Sensor is healthy
2026-03-21 11:47:54,947 - INFO - Humidity Sensor is healthy
2026-03-21 11:47:54,948 - INFO - Track Alignment Sensor is healthy
2026-03-21 11:47:54,948 - INFO - Engine Load Sensor is healthy
2026-03-21 11:47:59,949 - INFO - Temperature Sensor is healthy
2026-03-21 11:47:59,950 - INFO - Pressure Sensor is healthy
2026-03-21 11:47:59,950 - INFO - Vibration Sensor is healthy
2026-03-21 11:47:59,950 - ERROR - Fuel Flow Sensor FAILED - Fuel flow interrupted
2026-03-21 11:47:59,950 - INFO - Voltage Sensor is healthy
2026-03-21 11:47:59,951 - INFO - Speed Sensor is healthy
2026-03-21 11:47:59,951 - INFO - Brake Pressure Sensor is healthy
2026-03-21 11:47:59,951 - INFO - Humidity Sensor is healthy
2026-03-21 11:47:59,951 - INFO - Track Alignment Sensor is healthy
2026-03-21 11:47:59,952 - INFO - Engine Load Sensor is healthy
2026-03-21 11:48:04,953 - INFO - Temperature Sensor is healthy
2026-03-21 11:48:04,953 - INFO - Pressure Sensor is healthy
2026-03-21 11:48:04,954 - INFO - Vibration Sensor is healthy
2026-03-21 11:48:04,954 - ERROR - Fuel Flow Sensor FAILED - Fuel flow interrupted
2026-03-21 11:48:04,955 - INFO - Voltage Sensor is healthy
2026-03-21 11:48:04,955 - INFO - Speed Sensor is healthy
2026-03-21 11:48:04,955 - INFO - Brake Pressure Sensor is healthy
2026-03-21 11:48:04,956 - INFO - Humidity Sensor is healthy
2026-03-21 11:48:04,956 - INFO - Track Alignment Sensor is healthy
2026-03-21 11:48:04,956 - INFO - Engine Load Sensor is healthy
2026-03-21 11:48:09,958 - INFO - Temperature Sensor is healthy
2026-03-21 11:48:09,959 - INFO - Pressure Sensor is healthy
2026-03-21 11:48:09,960 - INFO - Vibration Sensor is healthy
2026-03-21 11:48:09,960 - ERROR - Fuel Flow Sensor FAILED - Fuel flow interrupted
2026-03-21 11:48:09,960 - INFO - Voltage Sensor is healthy
2026-03-21 11:48:09,961 - INFO - Speed Sensor is healthy
2026-03-21 11:48:09,961 - INFO - Brake Pressure Sensor is healthy
2026-03-21 11:48:09,961 - INFO - Humidity Sensor is healthy
2026-03-21 11:48:09,961 - INFO - Track Alignment Sensor is healthy
2026-03-21 11:48:09,962 - INFO - Engine Load Sensor is healthy
2026-03-21 11:48:14,962 - INFO - Temperature Sensor is healthy
2026-03-21 11:48:14,963 - INFO - Pressure Sensor is healthy
2026-03-21 11:48:14,963 - INFO - Vibration Sensor is healthy
2026-03-21 11:48:14,964 - ERROR - Fuel Flow Sensor FAILED - Fuel flow interrupted
2026-03-21 11:48:14,964 - INFO - Voltage Sensor is healthy
2026-03-21 11:48:14,964 - INFO - Speed Sensor is healthy
2026-03-21 11:48:14,965 - INFO - Brake Pressure Sensor is healthy
2026-03-21 11:48:14,965 - INFO - Humidity Sensor is healthy
2026-03-21 11:48:14,965 - INFO - Track Alignment Sensor is healthy
2026-03-21 11:48:14,966 - INFO - Engine Load Sensor is healthy
2026-03-21 11:48:19,967 - INFO - Temperature Sensor is healthy
2026-03-21 11:48:19,968 - INFO - Pressure Sensor is healthy
2026-03-21 11:48:19,968 - INFO - Vibration Sensor is healthy
2026-03-21 11:48:19,969 - ERROR - Fuel Flow Sensor FAILED - Fuel flow interrupted
2026-03-21 11:48:19,969 - INFO - Voltage Sensor is healthy
2026-03-21 11:48:19,969 - INFO - Speed Sensor is healthy
2026-03-21 11:48:19,970 - INFO - Brake Pressure Sensor is healthy
2026-03-21 11:48:19,970 - INFO - Humidity Sensor is healthy
2026-03-21 11:48:19,970 - INFO - Track Alignment Sensor is healthy
2026-03-21 11:48:19,971 - INFO - Engine Load Sensor is healthy
2026-03-21 11:48:24,971 - INFO - Temperature Sensor is healthy
2026-03-21 11:48:24,972 - INFO - Pressure Sensor is healthy
2026-03-21 11:48:24,972 - INFO - Vibration Sensor is healthy
2026-03-21 11:48:24,973 - ERROR - Fuel Flow Sensor FAILED - Fuel flow interrupted
2026-03-21 11:48:24,973 - INFO - Voltage Sensor is healthy
2026-03-21 11:48:24,973 - INFO - Speed Sensor is healthy
2026-03-21 11:48:24,973 - INFO - Brake Pressure Sensor is healthy
2026-03-21 11:48:24,974 - INFO - Humidity Sensor is healthy
2026-03-21 11:48:24,974 - INFO - Track Alignment Sensor is healthy
2026-03-21 11:48:24,974 - INFO - Engine Load Sensor is healthy
2026-03-21 11:48:29,975 - INFO - Temperature Sensor is healthy
2026-03-21 11:48:29,976 - INFO - Pressure Sensor is healthy
2026-03-21 11:48:29,976 - INFO - Vibration Sensor is healthy
2026-03-21 11:48:29,976 - ERROR - Fuel Flow Sensor FAILED - Fuel flow interrupted
2026-03-21 11:48:29,977 - INFO - Voltage Sensor is healthy
2026-03-21 11:48:29,977 - INFO - Speed Sensor is healthy
2026-03-21 11:48:29,977 - INFO - Brake Pressure Sensor is healthy
2026-03-21 11:48:29,978 - INFO - Humidity Sensor is healthy
2026-03-21 11:48:29,978 - INFO - Track Alignment Sensor is healthy
2026-03-21 11:48:29,978 - INFO - Engine Load Sensor is healthy
2026-03-21 11:48:34,979 - INFO - Temperature Sensor is healthy
2026-03-21 11:48:34,980 - INFO - Pressure Sensor is healthy
2026-03-21 11:48:34,981 - INFO - Vibration Sensor is healthy
2026-03-21 11:48:34,981 - ERROR - Fuel Flow Sensor FAILED - Fuel flow interrupted
2026-03-21 11:48:34,981 - INFO - Voltage Sensor is healthy
2026-03-21 11:48:34,982 - INFO - Speed Sensor is healthy
2026-03-21 11:48:34,983 - INFO - Brake Pressure Sensor is healthy
2026-03-21 11:48:34,983 - INFO - Humidity Sensor is healthy
2026-03-21 11:48:34,984 - INFO - Track Alignment Sensor is healthy
2026-03-21 11:48:34,984 - INFO - Engine Load Sensor is healthy
2026-03-21 11:48:39,985 - INFO - Temperature Sensor is healthy
2026-03-21 11:48:39,986 - INFO - Pressure Sensor is healthy
2026-03-21 11:48:39,986 - INFO - Vibration Sensor is healthy
2026-03-21 11:48:39,987 - ERROR - Fuel Flow Sensor FAILED - Fuel flow interrupted
2026-03-21 11:48:39,987 - INFO - Voltage Sensor is healthy
2026-03-21 11:48:39,988 - INFO - Speed Sensor is healthy
2026-03-21 11:48:39,988 - INFO - Brake Pressure Sensor is healthy
2026-03-21 11:48:39,989 - INFO - Humidity Sensor is healthy
2026-03-21 11:48:39,989 - INFO - Track Alignment Sensor is healthy
2026-03-21 11:48:39,990 - INFO - Engine Load Sensor is healthy
2026-03-21 11:48:44,991 - INFO - Temperature Sensor is healthy
2026-03-21 11:48:44,991 - INFO - Pressure Sensor is healthy
2026-03-21 11:48:44,992 - INFO - Vibration Sensor is healthy
2026-03-21 11:48:44,992 - ERROR - Fuel Flow Sensor FAILED - Fuel flow interrupted
2026-03-21 11:48:44,992 - INFO - Voltage Sensor is healthy
2026-03-21 11:48:44,992 - INFO - Speed Sensor is healthy
2026-03-21 11:48:44,993 - INFO - Brake Pressure Sensor is healthy
2026-03-21 11:48:44,993 - INFO - Humidity Sensor is healthy
2026-03-21 11:48:44,993 - INFO - Track Alignment Sensor is healthy
2026-03-21 11:48:44,993 - INFO - Engine Load Sensor is healthy
2026-03-21 11:48:49,995 - INFO - Temperature Sensor is healthy
2026-03-21 11:48:49,996 - INFO - Pressure Sensor is healthy
2026-03-21 11:48:49,996 - INFO - Vibration Sensor is healthy
2026-03-21 11:48:49,996 - ERROR - Fuel Flow Sensor FAILED - Fuel flow interrupted
2026-03-21 11:48:49,997 - INFO - Voltage Sensor is healthy
2026-03-21 11:48:49,997 - INFO - Speed Sensor is healthy
2026-03-21 11:48:49,997 - INFO - Brake Pressure Sensor is healthy
2026-03-21 11:48:49,998 - INFO - Humidity Sensor is healthy
2026-03-21 11:48:49,998 - INFO - Track Alignment Sensor is healthy
2026-03-21 11:48:49,998 - INFO - Engine Load Sensor is healthy
2026-03-21 11:48:54,999 - INFO - Temperature Sensor is healthy
2026-03-21 11:48:55,000 - INFO - Pressure Sensor is healthy
2026-03-21 11:48:55,000 - INFO - Vibration Sensor is healthy
2026-03-21 11:48:55,001 - ERROR - Fuel Flow Sensor FAILED - Fuel flow interrupted
2026-03-21 11:48:55,002 - INFO - Voltage Sensor is healthy
2026-03-21 11:48:55,002 - INFO - Speed Sensor is healthy
2026-03-21 11:48:55,002 - INFO - Brake Pressure Sensor is healthy
2026-03-21 11:48:55,003 - INFO - Humidity Sensor is healthy
2026-03-21 11:48:55,003 - INFO - Track Alignment Sensor is healthy
2026-03-21 11:48:55,003 - INFO - Engine Load Sensor is healthy
2026-03-21 11:49:00,004 - INFO - Temperature Sensor is healthy
2026-03-21 11:49:00,005 - INFO - Pressure Sensor is healthy
2026-03-21 11:49:00,006 - INFO - Vibration Sensor is healthy
2026-03-21 11:49:00,006 - ERROR - Fuel Flow Sensor FAILED - Fuel flow interrupted
2026-03-21 11:49:00,006 - INFO - Voltage Sensor is healthy
2026-03-21 11:49:00,007 - INFO - Speed Sensor is healthy
2026-03-21 11:49:00,007 - INFO - Brake Pressure Sensor is healthy
2026-03-21 11:49:00,008 - INFO - Humidity Sensor is healthy
2026-03-21 11:49:00,009 - INFO - Track Alignment Sensor is healthy
2026-03-21 11:49:00,009 - INFO - Engine Load Sensor is healthy
2026-03-21 11:49:05,012 - INFO - Temperature Sensor is healthy
2026-03-21 11:49:05,013 - INFO - Pressure Sensor is healthy
2026-03-21 11:49:05,013 - INFO - Vibration Sensor is healthy
2026-03-21 11:49:05,014 - ERROR - Fuel Flow Sensor FAILED - Fuel flow interrupted
2026-03-21 11:49:05,015 - INFO - Voltage Sensor is healthy
2026-03-21 11:49:05,015 - INFO - Speed Sensor is healthy
2026-03-21 11:49:05,015 - INFO - Brake Pressure Sensor is healthy
2026-03-21 11:49:05,015 - INFO - Humidity Sensor is healthy
2026-03-21 11:49:05,016 - INFO - Track Alignment Sensor is healthy
2026-03-21 11:49:05,016 - INFO - Engine Load Sensor is healthy
2026-03-21 11:49:10,017 - INFO - Temperature Sensor is healthy
2026-03-21 11:49:10,018 - INFO - Pressure Sensor is healthy
2026-03-21 11:49:10,019 - INFO - Vibration Sensor is healthy
2026-03-21 11:49:10,019 - ERROR - Fuel Flow Sensor FAILED - Fuel flow interrupted
2026-03-21 11:49:10,020 - INFO - Voltage Sensor is healthy
2026-03-21 11:49:10,020 - INFO - Speed Sensor is healthy
2026-03-21 11:49:10,021 - INFO - Brake Pressure Sensor is healthy
2026-03-21 11:49:10,022 - INFO - Humidity Sensor is healthy
2026-03-21 11:49:10,023 - INFO - Track Alignment Sensor is healthy
2026-03-21 11:49:10,023 - INFO - Engine Load Sensor is healthy
2026-03-21 11:49:15,023 - INFO - Temperature Sensor is healthy
2026-03-21 11:49:15,024 - INFO - Pressure Sensor is healthy
2026-03-21 11:49:15,025 - INFO - Vibration Sensor is healthy
2026-03-21 11:49:15,026 - ERROR - Fuel Flow Sensor FAILED - Fuel flow interrupted
2026-03-21 11:49:15,026 - INFO - Voltage Sensor is healthy
2026-03-21 11:49:15,027 - INFO - Speed Sensor is healthy
2026-03-21 11:49:15,027 - INFO - Brake Pressure Sensor is healthy
2026-03-21 11:49:15,027 - INFO - Humidity Sensor is healthy
2026-03-21 11:49:15,028 - INFO - Track Alignment Sensor is healthy
2026-03-21 11:49:15,028 - INFO - Engine Load Sensor is healthy
2026-03-21 11:49:20,029 - INFO - Temperature Sensor is healthy
2026-03-21 11:49:20,030 - INFO - Pressure Sensor is healthy
2026-03-21 11:49:20,031 - INFO - Vibration Sensor is healthy
2026-03-21 11:49:20,032 - ERROR - Fuel Flow Sensor FAILED - Fuel flow interrupted
2026-03-21 11:49:20,032 - INFO - Voltage Sensor is healthy
2026-03-21 11:49:20,033 - INFO - Speed Sensor is healthy
2026-03-21 11:49:20,033 - INFO - Brake Pressure Sensor is healthy
2026-03-21 11:49:20,033 - INFO - Humidity Sensor is healthy
2026-03-21 11:49:20,034 - INFO - Track Alignment Sensor is healthy
2026-03-21 11:49:20,034 - INFO - Engine Load Sensor is healthy
2026-03-21 11:49:25,035 - INFO - Temperature Sensor is healthy
2026-03-21 11:49:25,036 - INFO - Pressure Sensor is healthy
2026-03-21 11:49:25,036 - INFO - Vibration Sensor is healthy
2026-03-21 11:49:25,036 - ERROR - Fuel Flow Sensor FAILED - Fuel flow interrupted
2026-03-21 11:49:25,037 - INFO - Voltage Sensor is healthy
2026-03-21 11:49:25,037 - INFO - Speed Sensor is healthy
2026-03-21 11:49:25,038 - INFO - Brake Pressure Sensor is healthy
2026-03-21 11:49:25,038 - INFO - Humidity Sensor is healthy
2026-03-21 11:49:25,039 - INFO - Track Alignment Sensor is healthy
2026-03-21 11:49:25,040 - INFO - Engine Load Sensor is healthy
2026-03-21 11:49:30,041 - INFO - Temperature Sensor is healthy
2026-03-21 11:49:30,041 - INFO - Pressure Sensor is healthy
2026-03-21 11:49:30,042 - INFO - Vibration Sensor is healthy
2026-03-21 11:49:30,042 - ERROR - Fuel Flow Sensor FAILED - Fuel flow interrupted
2026-03-21 11:49:30,043 - INFO - Voltage Sensor is healthy
2026-03-21 11:49:30,043 - INFO - Speed Sensor is healthy
2026-03-21 11:49:30,043 - INFO - Brake Pressure Sensor is healthy
2026-03-21 11:49:30,043 - INFO - Humidity Sensor is healthy
2026-03-21 11:49:30,043 - INFO - Track Alignment Sensor is healthy
2026-03-21 11:49:30,044 - INFO - Engine Load Sensor is healthy
2026-03-21 11:49:35,045 - INFO - Temperature Sensor is healthy
2026-03-21 11:49:35,045 - INFO - Pressure Sensor is healthy
2026-03-21 11:49:35,046 - INFO - Vibration Sensor is healthy
2026-03-21 11:49:35,046 - ERROR - Fuel Flow Sensor FAILED - Fuel flow interrupted
2026-03-21 11:49:35,046 - INFO - Voltage Sensor is healthy
2026-03-21 11:49:35,046 - INFO - Speed Sensor is healthy
2026-03-21 11:49:35,047 - INFO - Brake Pressure Sensor is healthy
2026-03-21 11:49:35,047 - INFO - Humidity Sensor is healthy
2026-03-21 11:49:35,047 - INFO - Track Alignment Sensor is healthy
2026-03-21 11:49:35,048 - INFO - Engine Load Sensor is healthy
2026-03-22 08:29:32,288 - INFO - Temperature Sensor is healthy
2026-03-22 08:29:32,290 - INFO - Pressure Sensor is healthy
2026-03-22 08:29:32,290 - INFO - Vibration Sensor is healthy
2026-03-22 08:29:32,291 - INFO - Fuel Flow Sensor is healthy
2026-03-22 08:29:32,291 - INFO - Voltage Sensor is healthy
2026-03-22 08:29:32,291 - INFO - Speed Sensor is healthy
2026-03-22 08:29:32,291 - INFO - Brake Pressure Sensor is healthy
2026-03-22 08:29:32,292 - INFO - Humidity Sensor is healthy
2026-03-22 08:29:32,292 - INFO - Track Alignment Sensor is healthy
2026-03-22 08:29:32,292 - INFO - Engine Load Sensor is healthy
2026-03-22 08:29:57,487 - INFO - Sensor Monitoring API is running
2026-03-22 08:30:02,490 - INFO - Temperature Sensor is healthy
2026-03-22 08:30:02,491 - INFO - Pressure Sensor is healthy
2026-03-22 08:30:02,491 - INFO - Vibration Sensor is healthy
2026-03-22 08:30:02,492 - INFO - Fuel Flow Sensor is healthy
2026-03-22 08:30:02,492 - INFO - Voltage Sensor is healthy
2026-03-22 08:30:02,512 - INFO - Speed Sensor is healthy
2026-03-22 08:30:02,513 - INFO - Brake Pressure Sensor is healthy
2026-03-22 08:30:02,513 - INFO - Humidity Sensor is healthy
2026-03-22 08:30:02,513 - INFO - Track Alignment Sensor is healthy
2026-03-22 08:30:02,514 - INFO - Engine Load Sensor is healthy
2026-03-22 08:30:07,515 - INFO - Temperature Sensor is healthy
2026-03-22 08:30:07,516 - INFO - Pressure Sensor is healthy
2026-03-22 08:30:07,516 - INFO - Vibration Sensor is healthy
2026-03-22 08:30:07,517 - INFO - Fuel Flow Sensor is healthy
2026-03-22 08:30:07,517 - INFO - Voltage Sensor is healthy
2026-03-22 08:30:07,517 - INFO - Speed Sensor is healthy
2026-03-22 08:30:07,518 - INFO - Brake Pressure Sensor is healthy
2026-03-22 08:30:07,518 - INFO - Humidity Sensor is healthy
2026-03-22 08:30:07,518 - INFO - Track Alignment Sensor is healthy
2026-03-22 08:30:07,519 - INFO - Engine Load Sensor is healthy
2026-03-24 18:53:47,481 - INFO - Sensor Monitoring API is running
2026-03-24 18:53:52,483 - INFO - Temperature Sensor is healthy
2026-03-24 18:53:52,484 - INFO - Pressure Sensor is healthy
2026-03-24 18:53:52,484 - INFO - Vibration Sensor is healthy
2026-03-24 18:53:52,485 - INFO - Fuel Flow Sensor is healthy
2026-03-24 18:53:52,485 - INFO - Voltage Sensor is healthy
2026-03-24 18:53:52,485 - INFO - Speed Sensor is healthy
2026-03-24 18:53:52,486 - INFO - Brake Pressure Sensor is healthy
2026-03-24 18:53:52,486 - INFO - Humidity Sensor is healthy
2026-03-24 18:53:52,487 - INFO - Track Alignment Sensor is healthy
2026-03-24 18:53:52,487 - INFO - Engine Load Sensor is healthy
2026-03-24 18:53:57,488 - INFO - Temperature Sensor is healthy
2026-03-24 18:53:57,489 - INFO - Pressure Sensor is healthy
2026-03-24 18:53:57,490 - INFO - Vibration Sensor is healthy
2026-03-24 18:53:57,490 - INFO - Fuel Flow Sensor is healthy
2026-03-24 18:53:57,491 - INFO - Voltage Sensor is healthy
2026-03-24 18:53:57,492 - INFO - Speed Sensor is healthy
2026-03-24 18:53:57,493 - INFO - Brake Pressure Sensor is healthy
2026-03-24 18:53:57,494 - INFO - Humidity Sensor is healthy
2026-03-24 18:53:57,494 - INFO - Track Alignment Sensor is healthy
2026-03-24 18:53:57,495 - INFO - Engine Load Sensor is healthy
2026-03-24 18:54:02,496 - INFO - Temperature Sensor is healthy
2026-03-24 18:54:02,496 - INFO - Pressure Sensor is healthy
2026-03-24 18:54:02,497 - INFO - Vibration Sensor is healthy
2026-03-24 18:54:02,498 - INFO - Fuel Flow Sensor is healthy
2026-03-24 18:54:02,499 - INFO - Voltage Sensor is healthy
2026-03-24 18:54:02,499 - INFO - Speed Sensor is healthy
2026-03-24 18:54:02,500 - INFO - Brake Pressure Sensor is healthy
2026-03-24 18:54:02,500 - INFO - Humidity Sensor is healthy
2026-03-24 18:54:02,501 - INFO - Track Alignment Sensor is healthy
2026-03-24 18:54:02,501 - INFO - Engine Load Sensor is healthy
2026-03-24 18:54:07,502 - INFO - Temperature Sensor is healthy
2026-03-24 18:54:07,503 - INFO - Pressure Sensor is healthy
2026-03-24 18:54:07,503 - INFO - Vibration Sensor is healthy
2026-03-24 18:54:07,504 - INFO - Fuel Flow Sensor is healthy
2026-03-24 18:54:07,505 - INFO - Voltage Sensor is healthy
2026-03-24 18:54:07,506 - INFO - Speed Sensor is healthy
2026-03-24 18:54:07,507 - INFO - Brake Pressure Sensor is healthy
2026-03-24 18:54:07,508 - INFO - Humidity Sensor is healthy
2026-03-24 18:54:07,509 - INFO - Track Alignment Sensor is healthy
2026-03-24 18:54:07,509 - INFO - Engine Load Sensor is healthy
2026-03-24 18:54:12,510 - INFO - Temperature Sensor is healthy
2026-03-24 18:54:12,511 - INFO - Pressure Sensor is healthy
2026-03-24 18:54:12,512 - INFO - Vibration Sensor is healthy
2026-03-24 18:54:12,513 - INFO - Fuel Flow Sensor is healthy
2026-03-24 18:54:12,514 - INFO - Voltage Sensor is healthy
2026-03-24 18:54:12,514 - INFO - Speed Sensor is healthy
2026-03-24 18:54:12,515 - INFO - Brake Pressure Sensor is healthy
2026-03-24 18:54:12,516 - INFO - Humidity Sensor is healthy
2026-03-24 18:54:12,517 - INFO - Track Alignment Sensor is healthy
2026-03-24 18:54:12,518 - INFO - Engine Load Sensor is healthy
2026-03-24 18:54:17,519 - INFO - Temperature Sensor is healthy
2026-03-24 18:54:17,520 - INFO - Pressure Sensor is healthy
2026-03-24 18:54:17,520 - INFO - Vibration Sensor is healthy
2026-03-24 18:54:17,520 - INFO - Fuel Flow Sensor is healthy
2026-03-24 18:54:17,521 - INFO - Voltage Sensor is healthy
2026-03-24 18:54:17,521 - INFO - Speed Sensor is healthy
2026-03-24 18:54:17,521 - INFO - Brake Pressure Sensor is healthy
2026-03-24 18:54:17,522 - INFO - Humidity Sensor is healthy
2026-03-24 18:54:17,522 - INFO - Track Alignment Sensor is healthy
2026-03-24 18:54:17,523 - INFO - Engine Load Sensor is healthy
2026-03-24 18:54:22,524 - INFO - Temperature Sensor is healthy
2026-03-24 18:54:22,525 - INFO - Pressure Sensor is healthy
2026-03-24 18:54:22,525 - INFO - Vibration Sensor is healthy
2026-03-24 18:54:22,525 - INFO - Fuel Flow Sensor is healthy
2026-03-24 18:54:22,526 - INFO - Voltage Sensor is healthy
2026-03-24 18:54:22,526 - INFO - Speed Sensor is healthy
2026-03-24 18:54:22,526 - INFO - Brake Pressure Sensor is healthy
2026-03-24 18:54:22,527 - INFO - Humidity Sensor is healthy
2026-03-24 18:54:22,527 - INFO - Track Alignment Sensor is healthy
2026-03-24 18:54:22,528 - INFO - Engine Load Sensor is healthy
2026-03-24 18:54:27,528 - INFO - Temperature Sensor is healthy
2026-03-24 18:54:27,529 - INFO - Pressure Sensor is healthy
2026-03-24 18:54:27,529 - INFO - Vibration Sensor is healthy
2026-03-24 18:54:27,530 - INFO - Fuel Flow Sensor is healthy
2026-03-24 18:54:27,530 - INFO - Voltage Sensor is healthy
2026-03-24 18:54:27,531 - INFO - Speed Sensor is healthy
2026-03-24 18:54:27,531 - INFO - Brake Pressure Sensor is healthy
2026-03-24 18:54:27,531 - INFO - Humidity Sensor is healthy
2026-03-24 18:54:27,532 - INFO - Track Alignment Sensor is healthy
2026-03-24 18:54:27,532 - INFO - Engine Load Sensor is healthy
2026-03-24 18:54:32,533 - INFO - Temperature Sensor is healthy
2026-03-24 18:54:32,534 - INFO - Pressure Sensor is healthy
2026-03-24 18:54:32,535 - INFO - Vibration Sensor is healthy
2026-03-24 18:54:32,535 - INFO - Fuel Flow Sensor is healthy
2026-03-24 18:54:32,536 - INFO - Voltage Sensor is healthy
2026-03-24 18:54:32,536 - INFO - Speed Sensor is healthy
2026-03-24 18:54:32,536 - INFO - Brake Pressure Sensor is healthy
2026-03-24 18:54:32,537 - INFO - Humidity Sensor is healthy
2026-03-24 18:54:32,537 - INFO - Track Alignment Sensor is healthy
2026-03-24 18:54:32,538 - INFO - Engine Load Sensor is healthy
2026-03-24 18:54:37,539 - INFO - Temperature Sensor is healthy
2026-03-24 18:54:37,540 - INFO - Pressure Sensor is healthy
2026-03-24 18:54:37,540 - INFO - Vibration Sensor is healthy
2026-03-24 18:54:37,541 - INFO - Fuel Flow Sensor is healthy
2026-03-24 18:54:37,542 - INFO - Voltage Sensor is healthy
2026-03-24 18:54:37,542 - INFO - Speed Sensor is healthy
2026-03-24 18:54:37,542 - INFO - Brake Pressure Sensor is healthy
2026-03-24 18:54:37,543 - INFO - Humidity Sensor is healthy
2026-03-24 18:54:37,543 - INFO - Track Alignment Sensor is healthy
2026-03-24 18:54:37,543 - INFO - Engine Load Sensor is healthy
2026-03-24 18:54:42,544 - INFO - Temperature Sensor is healthy
2026-03-24 18:54:42,545 - INFO - Pressure Sensor is healthy
2026-03-24 18:54:42,545 - INFO - Vibration Sensor is healthy
2026-03-24 18:54:42,546 - INFO - Fuel Flow Sensor is healthy
2026-03-24 18:54:42,546 - INFO - Voltage Sensor is healthy
2026-03-24 18:54:42,547 - INFO - Speed Sensor is healthy
2026-03-24 18:54:42,547 - INFO - Brake Pressure Sensor is healthy
2026-03-24 18:54:42,547 - INFO - Humidity Sensor is healthy
2026-03-24 18:54:42,548 - INFO - Track Alignment Sensor is healthy
2026-03-24 18:54:42,548 - INFO - Engine Load Sensor is healthy
2026-03-24 18:54:47,549 - INFO - Temperature Sensor is healthy
2026-03-24 18:54:47,550 - INFO - Pressure Sensor is healthy
2026-03-24 18:54:47,550 - INFO - Vibration Sensor is healthy
2026-03-24 18:54:47,551 - INFO - Fuel Flow Sensor is healthy
2026-03-24 18:54:47,551 - INFO - Voltage Sensor is healthy
2026-03-24 18:54:47,552 - INFO - Speed Sensor is healthy
2026-03-24 18:54:47,553 - INFO - Brake Pressure Sensor is healthy
2026-03-24 18:54:47,553 - INFO - Humidity Sensor is healthy
2026-03-24 18:54:47,554 - INFO - Track Alignment Sensor is healthy
2026-03-24 18:54:47,554 - INFO - Engine Load Sensor is healthy
2026-03-24 18:54:52,555 - INFO - Temperature Sensor is healthy
2026-03-24 18:54:52,556 - INFO - Pressure Sensor is healthy
2026-03-24 18:54:52,556 - INFO - Vibration Sensor is healthy
2026-03-24 18:54:52,557 - INFO - Fuel Flow Sensor is healthy
2026-03-24 18:54:52,557 - INFO - Voltage Sensor is healthy
2026-03-24 18:54:52,557 - INFO - Speed Sensor is healthy
2026-03-24 18:54:52,558 - INFO - Brake Pressure Sensor is healthy
2026-03-24 18:54:52,558 - INFO - Humidity Sensor is healthy
2026-03-24 18:54:52,558 - INFO - Track Alignment Sensor is healthy
2026-03-24 18:54:52,559 - INFO - Engine Load Sensor is healthy
2026-03-24 18:54:57,559 - INFO - Temperature Sensor is healthy
2026-03-24 18:54:57,560 - INFO - Pressure Sensor is healthy
2026-03-24 18:54:57,560 - INFO - Vibration Sensor is healthy
2026-03-24 18:54:57,561 - INFO - Fuel Flow Sensor is healthy
2026-03-24 18:54:57,561 - INFO - Voltage Sensor is healthy
2026-03-24 18:54:57,562 - INFO - Speed Sensor is healthy
2026-03-24 18:54:57,562 - INFO - Brake Pressure Sensor is healthy
2026-03-24 18:54:57,563 - INFO - Humidity Sensor is healthy
2026-03-24 18:54:57,563 - INFO - Track Alignment Sensor is healthy
2026-03-24 18:54:57,563 - INFO - Engine Load Sensor is healthy
2026-03-24 18:55:02,566 - INFO - Temperature Sensor is healthy
2026-03-24 18:55:02,566 - INFO - Pressure Sensor is healthy
2026-03-24 18:55:02,567 - INFO - Vibration Sensor is healthy
2026-03-24 18:55:02,567 - INFO - Fuel Flow Sensor is healthy
2026-03-24 18:55:02,568 - INFO - Voltage Sensor is healthy
2026-03-24 18:55:02,568 - INFO - Speed Sensor is healthy
2026-03-24 18:55:02,569 - INFO - Brake Pressure Sensor is healthy
2026-03-24 18:55:02,569 - INFO - Humidity Sensor is healthy
2026-03-24 18:55:02,570 - INFO - Track Alignment Sensor is healthy
2026-03-24 18:55:02,571 - INFO - Engine Load Sensor is healthy
2026-03-24 18:55:07,576 - INFO - Temperature Sensor is healthy
2026-03-24 18:55:07,577 - INFO - Pressure Sensor is healthy
2026-03-24 18:55:07,578 - INFO - Vibration Sensor is healthy
2026-03-24 18:55:07,578 - INFO - Fuel Flow Sensor is healthy
2026-03-24 18:55:07,578 - INFO - Voltage Sensor is healthy
2026-03-24 18:55:07,579 - INFO - Speed Sensor is healthy
2026-03-24 18:55:07,579 - INFO - Brake Pressure Sensor is healthy
2026-03-24 18:55:07,579 - INFO - Humidity Sensor is healthy
2026-03-24 18:55:07,580 - INFO - Track Alignment Sensor is healthy
2026-03-24 18:55:07,580 - INFO - Engine Load Sensor is healthy
2026-03-24 18:55:12,581 - INFO - Temperature Sensor is healthy
2026-03-24 18:55:12,582 - INFO - Pressure Sensor is healthy
2026-03-24 18:55:12,583 - INFO - Vibration Sensor is healthy
2026-03-24 18:55:12,584 - INFO - Fuel Flow Sensor is healthy
2026-03-24 18:55:12,584 - INFO - Voltage Sensor is healthy
2026-03-24 18:55:12,585 - INFO - Speed Sensor is healthy
2026-03-24 18:55:12,586 - INFO - Brake Pressure Sensor is healthy
2026-03-24 18:55:12,586 - INFO - Humidity Sensor is healthy
2026-03-24 18:55:12,587 - INFO - Track Alignment Sensor is healthy
2026-03-24 18:55:12,587 - INFO - Engine Load Sensor is healthy
2026-03-24 18:55:17,588 - INFO - Temperature Sensor is healthy
2026-03-24 18:55:17,589 - INFO - Pressure Sensor is healthy
2026-03-24 18:55:17,589 - INFO - Vibration Sensor is healthy
2026-03-24 18:55:17,590 - INFO - Fuel Flow Sensor is healthy
2026-03-24 18:55:17,590 - INFO - Voltage Sensor is healthy
2026-03-24 18:55:17,591 - INFO - Speed Sensor is healthy
2026-03-24 18:55:17,592 - INFO - Brake Pressure Sensor is healthy
2026-03-24 18:55:17,593 - INFO - Humidity Sensor is healthy
2026-03-24 18:55:17,593 - INFO - Track Alignment Sensor is healthy
2026-03-24 18:55:17,593 - INFO - Engine Load Sensor is healthy
2026-03-24 18:55:22,594 - INFO - Temperature Sensor is healthy
2026-03-24 18:55:22,595 - INFO - Pressure Sensor is healthy
2026-03-24 18:55:22,596 - INFO - Vibration Sensor is healthy
2026-03-24 18:55:22,596 - INFO - Fuel Flow Sensor is healthy
2026-03-24 18:55:22,597 - INFO - Voltage Sensor is healthy
2026-03-24 18:55:22,597 - INFO - Speed Sensor is healthy
2026-03-24 18:55:22,598 - INFO - Brake Pressure Sensor is healthy
2026-03-24 18:55:22,598 - INFO - Humidity Sensor is healthy
2026-03-24 18:55:22,599 - INFO - Track Alignment Sensor is healthy
2026-03-24 18:55:22,599 - INFO - Engine Load Sensor is healthy
2026-03-24 18:55:27,600 - INFO - Temperature Sensor is healthy
2026-03-24 18:55:27,601 - INFO - Pressure Sensor is healthy
2026-03-24 18:55:27,602 - INFO - Vibration Sensor is healthy
2026-03-24 18:55:27,602 - INFO - Fuel Flow Sensor is healthy
2026-03-24 18:55:27,602 - INFO - Voltage Sensor is healthy
2026-03-24 18:55:27,603 - INFO - Speed Sensor is healthy
2026-03-24 18:55:27,603 - INFO - Brake Pressure Sensor is healthy
2026-03-24 18:55:27,604 - INFO - Humidity Sensor is healthy
2026-03-24 18:55:27,604 - INFO - Track Alignment Sensor is healthy
2026-03-24 18:55:27,604 - INFO - Engine Load Sensor is healthy
2026-03-24 18:55:32,605 - INFO - Temperature Sensor is healthy
2026-03-24 18:55:32,606 - INFO - Pressure Sensor is healthy
2026-03-24 18:55:32,607 - INFO - Vibration Sensor is healthy
2026-03-24 18:55:32,608 - INFO - Fuel Flow Sensor is healthy
2026-03-24 18:55:32,609 - INFO - Voltage Sensor is healthy
2026-03-24 18:55:32,609 - INFO - Speed Sensor is healthy
2026-03-24 18:55:32,610 - INFO - Brake Pressure Sensor is healthy
2026-03-24 18:55:32,610 - INFO - Humidity Sensor is healthy
2026-03-24 18:55:32,611 - INFO - Track Alignment Sensor is healthy
2026-03-24 18:55:32,611 - INFO - Engine Load Sensor is healthy
2026-03-24 18:55:37,612 - INFO - Temperature Sensor is healthy
2026-03-24 18:55:37,613 - INFO - Pressure Sensor is healthy
2026-03-24 18:55:37,613 - INFO - Vibration Sensor is healthy
2026-03-24 18:55:37,614 - INFO - Fuel Flow Sensor is healthy
2026-03-24 18:55:37,614 - INFO - Voltage Sensor is healthy
2026-03-24 18:55:37,614 - INFO - Speed Sensor is healthy
2026-03-24 18:55:37,615 - INFO - Brake Pressure Sensor is healthy
2026-03-24 18:55:37,615 - INFO - Humidity Sensor is healthy
2026-03-24 18:55:37,616 - INFO - Track Alignment Sensor is healthy
2026-03-24 18:55:37,616 - INFO - Engine Load Sensor is healthy
2026-03-24 18:55:42,617 - INFO - Temperature Sensor is healthy
2026-03-24 18:55:42,618 - INFO - Pressure Sensor is healthy
2026-03-24 18:55:42,618 - INFO - Vibration Sensor is healthy
2026-03-24 18:55:42,618 - INFO - Fuel Flow Sensor is healthy
2026-03-24 18:55:42,619 - INFO - Voltage Sensor is healthy
2026-03-24 18:55:42,619 - INFO - Speed Sensor is healthy
2026-03-24 18:55:42,620 - INFO - Brake Pressure Sensor is healthy
2026-03-24 18:55:42,620 - INFO - Humidity Sensor is healthy
2026-03-24 18:55:42,620 - INFO - Track Alignment Sensor is healthy
2026-03-24 18:55:42,621 - INFO - Engine Load Sensor is healthy
2026-03-24 18:55:47,622 - INFO - Temperature Sensor is healthy
2026-03-24 18:55:47,622 - INFO - Pressure Sensor is healthy
2026-03-24 18:55:47,623 - INFO - Vibration Sensor is healthy
2026-03-24 18:55:47,623 - ERROR - Fuel Flow Sensor FAILED - Fuel flow interrupted
2026-03-24 18:55:47,624 - INFO - Voltage Sensor is healthy
2026-03-24 18:55:47,624 - INFO - Speed Sensor is healthy
2026-03-24 18:55:47,624 - INFO - Brake Pressure Sensor is healthy
2026-03-24 18:55:47,625 - INFO - Humidity Sensor is healthy
2026-03-24 18:55:47,625 - INFO - Track Alignment Sensor is healthy
2026-03-24 18:55:47,626 - INFO - Engine Load Sensor is healthy
2026-03-24 18:55:52,627 - INFO - Temperature Sensor is healthy
2026-03-24 18:55:52,628 - INFO - Pressure Sensor is healthy
2026-03-24 18:55:52,628 - INFO - Vibration Sensor is healthy
2026-03-24 18:55:52,629 - ERROR - Fuel Flow Sensor FAILED - Fuel flow interrupted
2026-03-24 18:55:52,629 - INFO - Voltage Sensor is healthy
2026-03-24 18:55:52,630 - INFO - Speed Sensor is healthy
2026-03-24 18:55:52,630 - INFO - Brake Pressure Sensor is healthy
2026-03-24 18:55:52,630 - INFO - Humidity Sensor is healthy
2026-03-24 18:55:52,631 - INFO - Track Alignment Sensor is healthy
2026-03-24 18:55:52,631 - INFO - Engine Load Sensor is healthy
2026-03-24 18:55:57,632 - INFO - Temperature Sensor is healthy
2026-03-24 18:55:57,633 - INFO - Pressure Sensor is healthy
2026-03-24 18:55:57,634 - INFO - Vibration Sensor is healthy
2026-03-24 18:55:57,634 - ERROR - Fuel Flow Sensor FAILED - Fuel flow interrupted
2026-03-24 18:55:57,635 - INFO - Voltage Sensor is healthy
2026-03-24 18:55:57,636 - INFO - Speed Sensor is healthy
2026-03-24 18:55:57,636 - INFO - Brake Pressure Sensor is healthy
2026-03-24 18:55:57,637 - INFO - Humidity Sensor is healthy
2026-03-24 18:55:57,637 - INFO - Track Alignment Sensor is healthy
2026-03-24 18:55:57,638 - INFO - Engine Load Sensor is healthy
2026-03-24 18:56:02,640 - INFO - Temperature Sensor is healthy
2026-03-24 18:56:02,640 - INFO - Pressure Sensor is healthy
2026-03-24 18:56:02,641 - INFO - Vibration Sensor is healthy
2026-03-24 18:56:02,641 - ERROR - Fuel Flow Sensor FAILED - Fuel flow interrupted
2026-03-24 18:56:02,641 - INFO - Voltage Sensor is healthy
2026-03-24 18:56:02,642 - INFO - Speed Sensor is healthy
2026-03-24 18:56:02,642 - INFO - Brake Pressure Sensor is healthy
2026-03-24 18:56:02,642 - INFO - Humidity Sensor is healthy
2026-03-24 18:56:02,643 - INFO - Track Alignment Sensor is healthy
2026-03-24 18:56:02,643 - INFO - Engine Load Sensor is healthy
2026-03-24 18:56:07,648 - INFO - Temperature Sensor is healthy
2026-03-24 18:56:07,649 - INFO - Pressure Sensor is healthy
2026-03-24 18:56:07,650 - INFO - Vibration Sensor is healthy
2026-03-24 18:56:07,650 - ERROR - Fuel Flow Sensor FAILED - Fuel flow interrupted
2026-03-24 18:56:07,650 - INFO - Voltage Sensor is healthy
2026-03-24 18:56:07,651 - INFO - Speed Sensor is healthy
2026-03-24 18:56:07,651 - INFO - Brake Pressure Sensor is healthy
2026-03-24 18:56:07,652 - INFO - Humidity Sensor is healthy
2026-03-24 18:56:07,652 - INFO - Track Alignment Sensor is healthy
2026-03-24 18:56:07,653 - INFO - Engine Load Sensor is healthy
2026-03-24 18:56:12,654 - INFO - Temperature Sensor is healthy
2026-03-24 18:56:12,656 - INFO - Pressure Sensor is healthy
2026-03-24 18:56:12,656 - INFO - Vibration Sensor is healthy
2026-03-24 18:56:12,657 - ERROR - Fuel Flow Sensor FAILED - Fuel flow interrupted
2026-03-24 18:56:12,657 - INFO - Voltage Sensor is healthy
2026-03-24 18:56:12,658 - INFO - Speed Sensor is healthy
2026-03-24 18:56:12,658 - INFO - Brake Pressure Sensor is healthy
2026-03-24 18:56:12,659 - INFO - Humidity Sensor is healthy
2026-03-24 18:56:12,659 - INFO - Track Alignment Sensor is healthy
2026-03-24 18:56:12,659 - INFO - Engine Load Sensor is healthy
2026-03-24 18:56:17,660 - INFO - Temperature Sensor is healthy
2026-03-24 18:56:17,661 - INFO - Pressure Sensor is healthy
2026-03-24 18:56:17,661 - INFO - Vibration Sensor is healthy
2026-03-24 18:56:17,662 - ERROR - Fuel Flow Sensor FAILED - Fuel flow interrupted
2026-03-24 18:56:17,662 - INFO - Voltage Sensor is healthy
2026-03-24 18:56:17,663 - INFO - Speed Sensor is healthy
2026-03-24 18:56:17,663 - INFO - Brake Pressure Sensor is healthy
2026-03-24 18:56:17,664 - INFO - Humidity Sensor is healthy
2026-03-24 18:56:17,664 - INFO - Track Alignment Sensor is healthy
2026-03-24 18:56:17,664 - INFO - Engine Load Sensor is healthy
2026-03-24 18:56:22,666 - INFO - Temperature Sensor is healthy
2026-03-24 18:56:22,671 - INFO - Pressure Sensor is healthy
2026-03-24 18:56:22,675 - INFO - Vibration Sensor is healthy
2026-03-24 18:56:22,675 - ERROR - Fuel Flow Sensor FAILED - Fuel flow interrupted
2026-03-24 18:56:22,677 - INFO - Voltage Sensor is healthy
2026-03-24 18:56:22,678 - INFO - Speed Sensor is healthy
2026-03-24 18:56:22,681 - INFO - Brake Pressure Sensor is healthy
2026-03-24 18:56:22,683 - INFO - Humidity Sensor is healthy
2026-03-24 18:56:22,685 - INFO - Track Alignment Sensor is healthy
2026-03-24 18:56:22,687 - INFO - Engine Load Sensor is healthy
2026-03-24 18:56:27,692 - INFO - Temperature Sensor is healthy
2026-03-24 18:56:27,692 - INFO - Pressure Sensor is healthy
2026-03-24 18:56:27,693 - INFO - Vibration Sensor is healthy
2026-03-24 18:56:27,693 - ERROR - Fuel Flow Sensor FAILED - Fuel flow interrupted
2026-03-24 18:56:27,694 - INFO - Voltage Sensor is healthy
2026-03-24 18:56:27,694 - INFO - Speed Sensor is healthy
2026-03-24 18:56:27,695 - INFO - Brake Pressure Sensor is healthy
2026-03-24 18:56:27,695 - INFO - Humidity Sensor is healthy
2026-03-24 18:56:27,696 - INFO - Track Alignment Sensor is healthy
2026-03-24 18:56:27,697 - INFO - Engine Load Sensor is healthy
2026-03-24 18:56:32,698 - INFO - Temperature Sensor is healthy
2026-03-24 18:56:32,699 - INFO - Pressure Sensor is healthy
2026-03-24 18:56:32,699 - INFO - Vibration Sensor is healthy
2026-03-24 18:56:32,699 - ERROR - Fuel Flow Sensor FAILED - Fuel flow interrupted
2026-03-24 18:56:32,700 - INFO - Voltage Sensor is healthy
2026-03-24 18:56:32,700 - INFO - Speed Sensor is healthy
2026-03-24 18:56:32,700 - INFO - Brake Pressure Sensor is healthy
2026-03-24 18:56:32,701 - INFO - Humidity Sensor is healthy
2026-03-24 18:56:32,701 - INFO - Track Alignment Sensor is healthy
2026-03-24 18:56:32,701 - INFO - Engine Load Sensor is healthy
2026-03-24 18:56:37,702 - INFO - Temperature Sensor is healthy
2026-03-24 18:56:37,703 - INFO - Pressure Sensor is healthy
2026-03-24 18:56:37,703 - INFO - Vibration Sensor is healthy
2026-03-24 18:56:37,704 - ERROR - Fuel Flow Sensor FAILED - Fuel flow interrupted
2026-03-24 18:56:37,704 - INFO - Voltage Sensor is healthy
2026-03-24 18:56:37,704 - INFO - Speed Sensor is healthy
2026-03-24 18:56:37,705 - INFO - Brake Pressure Sensor is healthy
2026-03-24 18:56:37,705 - INFO - Humidity Sensor is healthy
2026-03-24 18:56:37,706 - INFO - Track Alignment Sensor is healthy
2026-03-24 18:56:37,706 - INFO - Engine Load Sensor is healthy
2026-03-24 18:56:42,707 - INFO - Temperature Sensor is healthy
2026-03-24 18:56:42,708 - INFO - Pressure Sensor is healthy
2026-03-24 18:56:42,709 - INFO - Vibration Sensor is healthy
2026-03-24 18:56:42,709 - ERROR - Fuel Flow Sensor FAILED - Fuel flow interrupted
2026-03-24 18:56:42,709 - INFO - Voltage Sensor is healthy
2026-03-24 18:56:42,710 - INFO - Speed Sensor is healthy
2026-03-24 18:56:42,711 - INFO - Brake Pressure Sensor is healthy
2026-03-24 18:56:42,711 - INFO - Humidity Sensor is healthy
2026-03-24 18:56:42,711 - INFO - Track Alignment Sensor is healthy
2026-03-24 18:56:42,712 - INFO - Engine Load Sensor is healthy
2026-03-24 18:56:47,713 - INFO - Temperature Sensor is healthy
2026-03-24 18:56:47,715 - INFO - Pressure Sensor is healthy
2026-03-24 18:56:47,715 - INFO - Vibration Sensor is healthy
2026-03-24 18:56:47,716 - ERROR - Fuel Flow Sensor FAILED - Fuel flow interrupted
2026-03-24 18:56:47,716 - INFO - Voltage Sensor is healthy
2026-03-24 18:56:47,717 - INFO - Speed Sensor is healthy
2026-03-24 18:56:47,717 - INFO - Brake Pressure Sensor is healthy
2026-03-24 18:56:47,717 - INFO - Humidity Sensor is healthy
2026-03-24 18:56:47,718 - INFO - Track Alignment Sensor is healthy
2026-03-24 18:56:47,718 - INFO - Engine Load Sensor is healthy
2026-03-24 18:56:52,720 - INFO - Temperature Sensor is healthy
2026-03-24 18:56:52,721 - INFO - Pressure Sensor is healthy
2026-03-24 18:56:52,722 - INFO - Vibration Sensor is healthy
2026-03-24 18:56:52,722 - ERROR - Fuel Flow Sensor FAILED - Fuel flow interrupted
2026-03-24 18:56:52,723 - INFO - Voltage Sensor is healthy
2026-03-24 18:56:52,723 - INFO - Speed Sensor is healthy
2026-03-24 18:56:52,723 - INFO - Brake Pressure Sensor is healthy
2026-03-24 18:56:52,724 - INFO - Humidity Sensor is healthy
2026-03-24 18:56:52,724 - INFO - Track Alignment Sensor is healthy
2026-03-24 18:56:52,724 - INFO - Engine Load Sensor is healthy
2026-03-24 18:56:57,725 - INFO - Temperature Sensor is healthy
2026-03-24 18:56:57,726 - INFO - Pressure Sensor is healthy
2026-03-24 18:56:57,726 - INFO - Vibration Sensor is healthy
2026-03-24 18:56:57,727 - ERROR - Fuel Flow Sensor FAILED - Fuel flow interrupted
2026-03-24 18:56:57,727 - INFO - Voltage Sensor is healthy
2026-03-24 18:56:57,728 - INFO - Speed Sensor is healthy
2026-03-24 18:56:57,728 - INFO - Brake Pressure Sensor is healthy
2026-03-24 18:56:57,729 - INFO - Humidity Sensor is healthy
2026-03-24 18:56:57,729 - INFO - Track Alignment Sensor is healthy
2026-03-24 18:56:57,729 - INFO - Engine Load Sensor is healthy
2026-03-24 18:57:02,730 - INFO - Temperature Sensor is healthy
2026-03-24 18:57:02,731 - INFO - Pressure Sensor is healthy
2026-03-24 18:57:02,733 - INFO - Vibration Sensor is healthy
2026-03-24 18:57:02,735 - ERROR - Fuel Flow Sensor FAILED - Fuel flow interrupted
2026-03-24 18:57:02,739 - INFO - Voltage Sensor is healthy
2026-03-24 18:57:02,741 - INFO - Speed Sensor is healthy
2026-03-24 18:57:02,743 - INFO - Brake Pressure Sensor is healthy
2026-03-24 18:57:02,744 - INFO - Humidity Sensor is healthy
2026-03-24 18:57:02,745 - INFO - Track Alignment Sensor is healthy
2026-03-24 18:57:02,745 - INFO - Engine Load Sensor is healthy
2026-03-24 18:57:07,747 - INFO - Temperature Sensor is healthy
2026-03-24 18:57:07,748 - INFO - Pressure Sensor is healthy
2026-03-24 18:57:07,748 - INFO - Vibration Sensor is healthy
2026-03-24 18:57:07,749 - ERROR - Fuel Flow Sensor FAILED - Fuel flow interrupted
2026-03-24 18:57:07,750 - INFO - Voltage Sensor is healthy
2026-03-24 18:57:07,750 - INFO - Speed Sensor is healthy
2026-03-24 18:57:07,751 - INFO - Brake Pressure Sensor is healthy
2026-03-24 18:57:07,751 - INFO - Humidity Sensor is healthy
2026-03-24 18:57:07,752 - INFO - Track Alignment Sensor is healthy
2026-03-24 18:57:07,752 - INFO - Engine Load Sensor is healthy
2026-03-24 18:57:12,754 - INFO - Temperature Sensor is healthy
2026-03-24 18:57:12,754 - INFO - Pressure Sensor is healthy
2026-03-24 18:57:12,755 - INFO - Vibration Sensor is healthy
2026-03-24 18:57:12,755 - ERROR - Fuel Flow Sensor FAILED - Fuel flow interrupted
2026-03-24 18:57:12,756 - INFO - Voltage Sensor is healthy
2026-03-24 18:57:12,757 - INFO - Speed Sensor is healthy
2026-03-24 18:57:12,757 - INFO - Brake Pressure Sensor is healthy
2026-03-24 18:57:12,757 - INFO - Humidity Sensor is healthy
2026-03-24 18:57:12,758 - INFO - Track Alignment Sensor is healthy
2026-03-24 18:57:12,758 - INFO - Engine Load Sensor is healthy
2026-03-24 18:57:17,760 - INFO - Temperature Sensor is healthy
2026-03-24 18:57:17,761 - INFO - Pressure Sensor is healthy
2026-03-24 18:57:17,762 - INFO - Vibration Sensor is healthy
2026-03-24 18:57:17,763 - ERROR - Fuel Flow Sensor FAILED - Fuel flow interrupted
2026-03-24 18:57:17,764 - INFO - Voltage Sensor is healthy
2026-03-24 18:57:17,765 - INFO - Speed Sensor is healthy
2026-03-24 18:57:17,765 - INFO - Brake Pressure Sensor is healthy
2026-03-24 18:57:17,766 - INFO - Humidity Sensor is healthy
2026-03-24 18:57:17,766 - INFO - Track Alignment Sensor is healthy
2026-03-24 18:57:17,767 - INFO - Engine Load Sensor is healthy
2026-03-24 18:57:22,768 - INFO - Temperature Sensor is healthy
2026-03-24 18:57:22,772 - INFO - Pressure Sensor is healthy
2026-03-24 18:57:22,776 - INFO - Vibration Sensor is healthy
2026-03-24 18:57:22,781 - ERROR - Fuel Flow Sensor FAILED - Fuel flow interrupted
2026-03-24 18:57:22,786 - INFO - Voltage Sensor is healthy
2026-03-24 18:57:22,791 - INFO - Speed Sensor is healthy
2026-03-24 18:57:22,795 - INFO - Brake Pressure Sensor is healthy
2026-03-24 18:57:22,801 - INFO - Humidity Sensor is healthy
2026-03-24 18:57:22,803 - INFO - Track Alignment Sensor is healthy
2026-03-24 18:57:22,805 - INFO - Engine Load Sensor is healthy
2026-03-24 18:57:27,807 - INFO - Temperature Sensor is healthy
2026-03-24 18:57:27,808 - INFO - Pressure Sensor is healthy
2026-03-24 18:57:27,809 - INFO - Vibration Sensor is healthy
2026-03-24 18:57:27,810 - ERROR - Fuel Flow Sensor FAILED - Fuel flow interrupted
2026-03-24 18:57:27,811 - INFO - Voltage Sensor is healthy
2026-03-24 18:57:27,812 - INFO - Speed Sensor is healthy
2026-03-24 18:57:27,813 - INFO - Brake Pressure Sensor is healthy
2026-03-24 18:57:27,814 - INFO - Humidity Sensor is healthy
2026-03-24 18:57:27,814 - INFO - Track Alignment Sensor is healthy
2026-03-24 18:57:27,815 - INFO - Engine Load Sensor is healthy
2026-03-24 18:57:32,817 - INFO - Temperature Sensor is healthy
2026-03-24 18:57:32,817 - INFO - Pressure Sensor is healthy
2026-03-24 18:57:32,818 - INFO - Vibration Sensor is healthy
2026-03-24 18:57:32,818 - ERROR - Fuel Flow Sensor FAILED - Fuel flow interrupted
2026-03-24 18:57:32,819 - INFO - Voltage Sensor is healthy
2026-03-24 18:57:32,819 - INFO - Speed Sensor is healthy
2026-03-24 18:57:32,819 - INFO - Brake Pressure Sensor is healthy
2026-03-24 18:57:32,819 - INFO - Humidity Sensor is healthy
2026-03-24 18:57:32,820 - INFO - Track Alignment Sensor is healthy
2026-03-24 18:57:32,820 - INFO - Engine Load Sensor is healthy
2026-03-24 18:57:37,821 - INFO - Temperature Sensor is healthy
2026-03-24 18:57:37,822 - INFO - Pressure Sensor is healthy
2026-03-24 18:57:37,822 - INFO - Vibration Sensor is healthy
2026-03-24 18:57:37,823 - ERROR - Fuel Flow Sensor FAILED - Fuel flow interrupted
2026-03-24 18:57:37,823 - INFO - Voltage Sensor is healthy
2026-03-24 18:57:37,824 - INFO - Speed Sensor is healthy
2026-03-24 18:57:37,824 - INFO - Brake Pressure Sensor is healthy
2026-03-24 18:57:37,825 - INFO - Humidity Sensor is healthy
2026-03-24 18:57:37,827 - INFO - Track Alignment Sensor is healthy
2026-03-24 18:57:37,828 - INFO - Engine Load Sensor is healthy
2026-03-24 18:57:42,830 - INFO - Temperature Sensor is healthy
2026-03-24 18:57:42,833 - INFO - Pressure Sensor is healthy
2026-03-24 18:57:42,836 - INFO - Vibration Sensor is healthy
2026-03-24 18:57:42,841 - ERROR - Fuel Flow Sensor FAILED - Fuel flow interrupted
2026-03-24 18:57:42,843 - INFO - Voltage Sensor is healthy
2026-03-24 18:57:42,844 - INFO - Speed Sensor is healthy
2026-03-24 18:57:42,847 - INFO - Brake Pressure Sensor is healthy
2026-03-24 18:57:42,849 - INFO - Humidity Sensor is healthy
2026-03-24 18:57:42,849 - INFO - Track Alignment Sensor is healthy
2026-03-24 18:57:42,851 - INFO - Engine Load Sensor is healthy
2026-03-24 18:57:47,854 - INFO - Temperature Sensor is healthy
2026-03-24 18:57:47,855 - INFO - Pressure Sensor is healthy
2026-03-24 18:57:47,855 - INFO - Vibration Sensor is healthy
2026-03-24 18:57:47,856 - ERROR - Fuel Flow Sensor FAILED - Fuel flow interrupted
2026-03-24 18:57:47,856 - INFO - Voltage Sensor is healthy
2026-03-24 18:57:47,857 - INFO - Speed Sensor is healthy
2026-03-24 18:57:47,857 - INFO - Brake Pressure Sensor is healthy
2026-03-24 18:57:47,858 - INFO - Humidity Sensor is healthy
2026-03-24 18:57:47,859 - INFO - Track Alignment Sensor is healthy
2026-03-24 18:57:47,859 - INFO - Engine Load Sensor is healthy
2026-03-24 18:57:52,859 - INFO - Temperature Sensor is healthy
2026-03-24 18:57:52,860 - INFO - Pressure Sensor is healthy
2026-03-24 18:57:52,861 - INFO - Vibration Sensor is healthy
2026-03-24 18:57:52,861 - ERROR - Fuel Flow Sensor FAILED - Fuel flow interrupted
2026-03-24 18:57:52,861 - INFO - Voltage Sensor is healthy
2026-03-24 18:57:52,862 - INFO - Speed Sensor is healthy
2026-03-24 18:57:52,862 - INFO - Brake Pressure Sensor is healthy
2026-03-24 18:57:52,863 - INFO - Humidity Sensor is healthy
2026-03-24 18:57:52,863 - INFO - Track Alignment Sensor is healthy
2026-03-24 18:57:52,863 - INFO - Engine Load Sensor is healthy
2026-03-24 18:57:57,865 - INFO - Temperature Sensor is healthy
2026-03-24 18:57:57,866 - INFO - Pressure Sensor is healthy
2026-03-24 18:57:57,866 - INFO - Vibration Sensor is healthy
2026-03-24 18:57:57,866 - ERROR - Fuel Flow Sensor FAILED - Fuel flow interrupted
2026-03-24 18:57:57,867 - INFO - Voltage Sensor is healthy
2026-03-24 18:57:57,867 - INFO - Speed Sensor is healthy
2026-03-24 18:57:57,867 - INFO - Brake Pressure Sensor is healthy
2026-03-24 18:57:57,868 - INFO - Humidity Sensor is healthy
2026-03-24 18:57:57,869 - INFO - Track Alignment Sensor is healthy
2026-03-24 18:57:57,869 - INFO - Engine Load Sensor is healthy
2026-03-24 18:58:02,870 - INFO - Temperature Sensor is healthy
2026-03-24 18:58:02,871 - INFO - Pressure Sensor is healthy
2026-03-24 18:58:02,872 - INFO - Vibration Sensor is healthy
2026-03-24 18:58:02,872 - ERROR - Fuel Flow Sensor FAILED - Fuel flow interrupted
2026-03-24 18:58:02,873 - INFO - Voltage Sensor is healthy
2026-03-24 18:58:02,874 - INFO - Speed Sensor is healthy
2026-03-24 18:58:02,875 - INFO - Brake Pressure Sensor is healthy
2026-03-24 18:58:02,876 - INFO - Humidity Sensor is healthy
2026-03-24 18:58:02,877 - INFO - Track Alignment Sensor is healthy
2026-03-24 18:58:02,878 - INFO - Engine Load Sensor is healthy
2026-03-24 18:58:07,879 - INFO - Temperature Sensor is healthy
2026-03-24 18:58:07,880 - INFO - Pressure Sensor is healthy
2026-03-24 18:58:07,881 - INFO - Vibration Sensor is healthy
2026-03-24 18:58:07,881 - ERROR - Fuel Flow Sensor FAILED - Fuel flow interrupted
2026-03-24 18:58:07,881 - INFO - Voltage Sensor is healthy
2026-03-24 18:58:07,882 - INFO - Speed Sensor is healthy
2026-03-24 18:58:07,882 - INFO - Brake Pressure Sensor is healthy
2026-03-24 18:58:07,883 - INFO - Humidity Sensor is healthy
2026-03-24 18:58:07,883 - INFO - Track Alignment Sensor is healthy
2026-03-24 18:58:07,883 - INFO - Engine Load Sensor is healthy
2026-03-24 18:58:12,884 - INFO - Temperature Sensor is healthy
2026-03-24 18:58:12,886 - INFO - Pressure Sensor is healthy
2026-03-24 18:58:12,886 - INFO - Vibration Sensor is healthy
2026-03-24 18:58:12,888 - ERROR - Fuel Flow Sensor FAILED - Fuel flow interrupted
2026-03-24 18:58:12,888 - INFO - Voltage Sensor is healthy
2026-03-24 18:58:12,889 - INFO - Speed Sensor is healthy
2026-03-24 18:58:12,889 - INFO - Brake Pressure Sensor is healthy
2026-03-24 18:58:12,890 - INFO - Humidity Sensor is healthy
2026-03-24 18:58:12,891 - INFO - Track Alignment Sensor is healthy
2026-03-24 18:58:12,892 - INFO - Engine Load Sensor is healthy
2026-03-24 18:58:17,894 - INFO - Temperature Sensor is healthy
2026-03-24 18:58:17,895 - INFO - Pressure Sensor is healthy
2026-03-24 18:58:17,895 - INFO - Vibration Sensor is healthy
2026-03-24 18:58:17,896 - ERROR - Fuel Flow Sensor FAILED - Fuel flow interrupted
2026-03-24 18:58:17,896 - INFO - Voltage Sensor is healthy
2026-03-24 18:58:17,896 - INFO - Speed Sensor is healthy
2026-03-24 18:58:17,897 - INFO - Brake Pressure Sensor is healthy
2026-03-24 18:58:17,897 - INFO - Humidity Sensor is healthy
2026-03-24 18:58:17,898 - INFO - Track Alignment Sensor is healthy
2026-03-24 18:58:17,898 - INFO - Engine Load Sensor is healthy
2026-03-24 18:58:22,899 - INFO - Temperature Sensor is healthy
2026-03-24 18:58:22,900 - INFO - Pressure Sensor is healthy
2026-03-24 18:58:22,900 - INFO - Vibration Sensor is healthy
2026-03-24 18:58:22,901 - ERROR - Fuel Flow Sensor FAILED - Fuel flow interrupted
2026-03-24 18:58:22,901 - INFO - Voltage Sensor is healthy
2026-03-24 18:58:22,901 - INFO - Speed Sensor is healthy
2026-03-24 18:58:22,902 - INFO - Brake Pressure Sensor is healthy
2026-03-24 18:58:22,903 - INFO - Humidity Sensor is healthy
2026-03-24 18:58:22,903 - INFO - Track Alignment Sensor is healthy
2026-03-24 18:58:22,903 - INFO - Engine Load Sensor is healthy
2026-03-24 18:58:27,904 - INFO - Temperature Sensor is healthy
2026-03-24 18:58:27,905 - INFO - Pressure Sensor is healthy
2026-03-24 18:58:27,906 - INFO - Vibration Sensor is healthy
2026-03-24 18:58:27,907 - ERROR - Fuel Flow Sensor FAILED - Fuel flow interrupted
2026-03-24 18:58:27,908 - INFO - Voltage Sensor is healthy
2026-03-24 18:58:27,908 - INFO - Speed Sensor is healthy
2026-03-24 18:58:27,909 - INFO - Brake Pressure Sensor is healthy
2026-03-24 18:58:27,909 - INFO - Humidity Sensor is healthy
2026-03-24 18:58:27,910 - INFO - Track Alignment Sensor is healthy
2026-03-24 18:58:27,910 - INFO - Engine Load Sensor is healthy
2026-03-24 18:58:32,913 - INFO - Temperature Sensor is healthy
2026-03-24 18:58:32,914 - INFO - Pressure Sensor is healthy
2026-03-24 18:58:32,914 - INFO - Vibration Sensor is healthy
2026-03-24 18:58:32,915 - ERROR - Fuel Flow Sensor FAILED - Fuel flow interrupted
2026-03-24 18:58:32,915 - INFO - Voltage Sensor is healthy
2026-03-24 18:58:32,915 - INFO - Speed Sensor is healthy
2026-03-24 18:58:32,916 - INFO - Brake Pressure Sensor is healthy
2026-03-24 18:58:32,916 - INFO - Humidity Sensor is healthy
2026-03-24 18:58:32,917 - INFO - Track Alignment Sensor is healthy
2026-03-24 18:58:32,917 - INFO - Engine Load Sensor is healthy
2026-03-24 18:58:37,918 - INFO - Temperature Sensor is healthy
2026-03-24 18:58:37,919 - INFO - Pressure Sensor is healthy
2026-03-24 18:58:37,921 - INFO - Vibration Sensor is healthy
2026-03-24 18:58:37,923 - ERROR - Fuel Flow Sensor FAILED - Fuel flow interrupted
2026-03-24 18:58:37,925 - INFO - Voltage Sensor is healthy
2026-03-24 18:58:37,926 - INFO - Speed Sensor is healthy
2026-03-24 18:58:37,927 - INFO - Brake Pressure Sensor is healthy
2026-03-24 18:58:37,927 - INFO - Humidity Sensor is healthy
2026-03-24 18:58:37,928 - INFO - Track Alignment Sensor is healthy
2026-03-24 18:58:37,928 - INFO - Engine Load Sensor is healthy
2026-03-24 18:58:42,929 - INFO - Temperature Sensor is healthy
2026-03-24 18:58:42,930 - INFO - Pressure Sensor is healthy
2026-03-24 18:58:42,930 - INFO - Vibration Sensor is healthy
2026-03-24 18:58:42,931 - ERROR - Fuel Flow Sensor FAILED - Fuel flow interrupted
2026-03-24 18:58:42,931 - INFO - Voltage Sensor is healthy
2026-03-24 18:58:42,932 - INFO - Speed Sensor is healthy
2026-03-24 18:58:42,932 - INFO - Brake Pressure Sensor is healthy
2026-03-24 18:58:42,933 - INFO - Humidity Sensor is healthy
2026-03-24 18:58:42,933 - INFO - Track Alignment Sensor is healthy
2026-03-24 18:58:42,934 - INFO - Engine Load Sensor is healthy
2026-03-24 18:58:47,935 - INFO - Temperature Sensor is healthy
2026-03-24 18:58:47,936 - INFO - Pressure Sensor is healthy
2026-03-24 18:58:47,936 - INFO - Vibration Sensor is healthy
2026-03-24 18:58:47,936 - ERROR - Fuel Flow Sensor FAILED - Fuel flow interrupted
2026-03-24 18:58:47,937 - INFO - Voltage Sensor is healthy
2026-03-24 18:58:47,937 - INFO - Speed Sensor is healthy
2026-03-24 18:58:47,938 - INFO - Brake Pressure Sensor is healthy
2026-03-24 18:58:47,938 - INFO - Humidity Sensor is healthy
2026-03-24 18:58:47,939 - INFO - Track Alignment Sensor is healthy
2026-03-24 18:58:47,939 - INFO - Engine Load Sensor is healthy
2026-03-24 18:58:52,940 - INFO - Temperature Sensor is healthy
2026-03-24 18:58:52,940 - INFO - Pressure Sensor is healthy
2026-03-24 18:58:52,941 - INFO - Vibration Sensor is healthy
2026-03-24 18:58:52,941 - ERROR - Fuel Flow Sensor FAILED - Fuel flow interrupted
2026-03-24 18:58:52,941 - INFO - Voltage Sensor is healthy
2026-03-24 18:58:52,941 - INFO - Speed Sensor is healthy
2026-03-24 18:58:52,942 - INFO - Brake Pressure Sensor is healthy
2026-03-24 18:58:52,942 - INFO - Humidity Sensor is healthy
2026-03-24 18:58:52,942 - INFO - Track Alignment Sensor is healthy
2026-03-24 18:58:52,943 - INFO - Engine Load Sensor is healthy
2026-03-24 18:58:57,943 - INFO - Temperature Sensor is healthy
2026-03-24 18:58:57,946 - INFO - Pressure Sensor is healthy
2026-03-24 18:58:57,947 - INFO - Vibration Sensor is healthy
2026-03-24 18:58:57,947 - ERROR - Fuel Flow Sensor FAILED - Fuel flow interrupted
2026-03-24 18:58:57,948 - INFO - Voltage Sensor is healthy
2026-03-24 18:58:57,948 - INFO - Speed Sensor is healthy
2026-03-24 18:58:57,949 - INFO - Brake Pressure Sensor is healthy
2026-03-24 18:58:57,949 - INFO - Humidity Sensor is healthy
2026-03-24 18:58:57,949 - INFO - Track Alignment Sensor is healthy
2026-03-24 18:58:57,950 - INFO - Engine Load Sensor is healthy
2026-03-24 18:59:02,952 - INFO - Temperature Sensor is healthy
2026-03-24 18:59:02,953 - INFO - Pressure Sensor is healthy
2026-03-24 18:59:02,953 - INFO - Vibration Sensor is healthy
2026-03-24 18:59:02,954 - ERROR - Fuel Flow Sensor FAILED - Fuel flow interrupted
2026-03-24 18:59:02,954 - INFO - Voltage Sensor is healthy
2026-03-24 18:59:02,954 - INFO - Speed Sensor is healthy
2026-03-24 18:59:02,954 - INFO - Brake Pressure Sensor is healthy
2026-03-24 18:59:02,955 - INFO - Humidity Sensor is healthy
2026-03-24 18:59:02,955 - INFO - Track Alignment Sensor is healthy
2026-03-24 18:59:02,955 - INFO - Engine Load Sensor is healthy
2026-03-24 18:59:07,956 - INFO - Temperature Sensor is healthy
2026-03-24 18:59:07,957 - INFO - Pressure Sensor is healthy
2026-03-24 18:59:07,958 - INFO - Vibration Sensor is healthy
2026-03-24 18:59:07,958 - ERROR - Fuel Flow Sensor FAILED - Fuel flow interrupted
2026-03-24 18:59:07,959 - INFO - Voltage Sensor is healthy
2026-03-24 18:59:07,959 - INFO - Speed Sensor is healthy
2026-03-24 18:59:07,960 - INFO - Brake Pressure Sensor is healthy
2026-03-24 18:59:07,960 - INFO - Humidity Sensor is healthy
2026-03-24 18:59:07,960 - INFO - Track Alignment Sensor is healthy
2026-03-24 18:59:07,961 - INFO - Engine Load Sensor is healthy
2026-03-24 18:59:12,962 - INFO - Temperature Sensor is healthy
2026-03-24 18:59:12,963 - INFO - Pressure Sensor is healthy
2026-03-24 18:59:12,964 - INFO - Vibration Sensor is healthy
2026-03-24 18:59:12,964 - ERROR - Fuel Flow Sensor FAILED - Fuel flow interrupted
2026-03-24 18:59:12,964 - INFO - Voltage Sensor is healthy
2026-03-24 18:59:12,965 - INFO - Speed Sensor is healthy
2026-03-24 18:59:12,965 - INFO - Brake Pressure Sensor is healthy
2026-03-24 18:59:12,965 - INFO - Humidity Sensor is healthy
2026-03-24 18:59:12,965 - INFO - Track Alignment Sensor is healthy
2026-03-24 18:59:12,966 - INFO - Engine Load Sensor is healthy
2026-03-24 18:59:17,967 - INFO - Temperature Sensor is healthy
2026-03-24 18:59:17,967 - INFO - Pressure Sensor is healthy
2026-03-24 18:59:17,968 - INFO - Vibration Sensor is healthy
2026-03-24 18:59:17,969 - ERROR - Fuel Flow Sensor FAILED - Fuel flow interrupted
2026-03-24 18:59:17,969 - INFO - Voltage Sensor is healthy
2026-03-24 18:59:17,970 - INFO - Speed Sensor is healthy
2026-03-24 18:59:17,970 - INFO - Brake Pressure Sensor is healthy
2026-03-24 18:59:17,970 - INFO - Humidity Sensor is healthy
2026-03-24 18:59:17,971 - INFO - Track Alignment Sensor is healthy
2026-03-24 18:59:17,971 - INFO - Engine Load Sensor is healthy
2026-03-24 18:59:22,973 - INFO - Temperature Sensor is healthy
2026-03-24 18:59:22,974 - INFO - Pressure Sensor is healthy
2026-03-24 18:59:22,978 - INFO - Vibration Sensor is healthy
2026-03-24 18:59:22,979 - ERROR - Fuel Flow Sensor FAILED - Fuel flow interrupted
2026-03-24 18:59:22,980 - INFO - Voltage Sensor is healthy
2026-03-24 18:59:22,981 - INFO - Speed Sensor is healthy
2026-03-24 18:59:22,981 - INFO - Brake Pressure Sensor is healthy
2026-03-24 18:59:22,982 - INFO - Humidity Sensor is healthy
2026-03-24 18:59:22,983 - INFO - Track Alignment Sensor is healthy
2026-03-24 18:59:22,984 - INFO - Engine Load Sensor is healthy
2026-03-24 18:59:27,985 - INFO - Temperature Sensor is healthy
2026-03-24 18:59:27,986 - INFO - Pressure Sensor is healthy
2026-03-24 18:59:27,986 - INFO - Vibration Sensor is healthy
2026-03-24 18:59:27,987 - ERROR - Fuel Flow Sensor FAILED - Fuel flow interrupted
2026-03-24 18:59:27,988 - INFO - Voltage Sensor is healthy
2026-03-24 18:59:27,988 - INFO - Speed Sensor is healthy
2026-03-24 18:59:27,988 - INFO - Brake Pressure Sensor is healthy
2026-03-24 18:59:27,989 - INFO - Humidity Sensor is healthy
2026-03-24 18:59:27,990 - INFO - Track Alignment Sensor is healthy
2026-03-24 18:59:27,990 - INFO - Engine Load Sensor is healthy
2026-03-24 18:59:32,991 - INFO - Temperature Sensor is healthy
2026-03-24 18:59:32,992 - INFO - Pressure Sensor is healthy
2026-03-24 18:59:32,993 - INFO - Vibration Sensor is healthy
2026-03-24 18:59:32,994 - ERROR - Fuel Flow Sensor FAILED - Fuel flow interrupted
2026-03-24 18:59:32,998 - INFO - Voltage Sensor is healthy
2026-03-24 18:59:32,999 - INFO - Speed Sensor is healthy
2026-03-24 18:59:33,000 - INFO - Brake Pressure Sensor is healthy
2026-03-24 18:59:33,001 - INFO - Humidity Sensor is healthy
2026-03-24 18:59:33,002 - INFO - Track Alignment Sensor is healthy
2026-03-24 18:59:33,002 - INFO - Engine Load Sensor is healthy
2026-03-24 18:59:38,003 - INFO - Temperature Sensor is healthy
2026-03-24 18:59:38,004 - INFO - Pressure Sensor is healthy
2026-03-24 18:59:38,005 - INFO - Vibration Sensor is healthy
2026-03-24 18:59:38,005 - ERROR - Fuel Flow Sensor FAILED - Fuel flow interrupted
2026-03-24 18:59:38,006 - INFO - Voltage Sensor is healthy
2026-03-24 18:59:38,007 - INFO - Speed Sensor is healthy
2026-03-24 18:59:38,007 - INFO - Brake Pressure Sensor is healthy
2026-03-24 18:59:38,008 - INFO - Humidity Sensor is healthy
2026-03-24 18:59:38,009 - INFO - Track Alignment Sensor is healthy
2026-03-24 18:59:38,009 - INFO - Engine Load Sensor is healthy
2026-03-24 18:59:43,010 - INFO - Temperature Sensor is healthy
2026-03-24 18:59:43,011 - INFO - Pressure Sensor is healthy
2026-03-24 18:59:43,011 - INFO - Vibration Sensor is healthy
2026-03-24 18:59:43,012 - ERROR - Fuel Flow Sensor FAILED - Fuel flow interrupted
2026-03-24 18:59:43,013 - INFO - Voltage Sensor is healthy
2026-03-24 18:59:43,015 - INFO - Speed Sensor is healthy
2026-03-24 18:59:43,015 - INFO - Brake Pressure Sensor is healthy
2026-03-24 18:59:43,016 - INFO - Humidity Sensor is healthy
2026-03-24 18:59:43,018 - INFO - Track Alignment Sensor is healthy
2026-03-24 18:59:43,020 - INFO - Engine Load Sensor is healthy
2026-03-24 18:59:48,022 - INFO - Temperature Sensor is healthy
2026-03-24 18:59:48,023 - INFO - Pressure Sensor is healthy
2026-03-24 18:59:48,024 - INFO - Vibration Sensor is healthy
2026-03-24 18:59:48,024 - ERROR - Fuel Flow Sensor FAILED - Fuel flow interrupted
2026-03-24 18:59:48,025 - INFO - Voltage Sensor is healthy
2026-03-24 18:59:48,025 - INFO - Speed Sensor is healthy
2026-03-24 18:59:48,025 - INFO - Brake Pressure Sensor is healthy
2026-03-24 18:59:48,026 - INFO - Humidity Sensor is healthy
2026-03-24 18:59:48,026 - INFO - Track Alignment Sensor is healthy
2026-03-24 18:59:48,026 - INFO - Engine Load Sensor is healthy
2026-03-24 18:59:53,028 - INFO - Temperature Sensor is healthy
2026-03-24 18:59:53,029 - INFO - Pressure Sensor is healthy
2026-03-24 18:59:53,030 - INFO - Vibration Sensor is healthy
2026-03-24 18:59:53,030 - ERROR - Fuel Flow Sensor FAILED - Fuel flow interrupted
2026-03-24 18:59:53,031 - INFO - Voltage Sensor is healthy
2026-03-24 18:59:53,031 - INFO - Speed Sensor is healthy
2026-03-24 18:59:53,032 - INFO - Brake Pressure Sensor is healthy
2026-03-24 18:59:53,032 - INFO - Humidity Sensor is healthy
2026-03-24 18:59:53,032 - INFO - Track Alignment Sensor is healthy
2026-03-24 18:59:53,033 - INFO - Engine Load Sensor is healthy
2026-03-24 18:59:58,034 - INFO - Temperature Sensor is healthy
2026-03-24 18:59:58,035 - INFO - Pressure Sensor is healthy
2026-03-24 18:59:58,035 - INFO - Vibration Sensor is healthy
2026-03-24 18:59:58,035 - ERROR - Fuel Flow Sensor FAILED - Fuel flow interrupted
2026-03-24 18:59:58,036 - INFO - Voltage Sensor is healthy
2026-03-24 18:59:58,036 - INFO - Speed Sensor is healthy
2026-03-24 18:59:58,036 - INFO - Brake Pressure Sensor is healthy
2026-03-24 18:59:58,037 - INFO - Humidity Sensor is healthy
2026-03-24 18:59:58,037 - INFO - Track Alignment Sensor is healthy
2026-03-24 18:59:58,037 - INFO - Engine Load Sensor is healthy
2026-03-24 19:00:03,038 - INFO - Temperature Sensor is healthy
2026-03-24 19:00:03,039 - INFO - Pressure Sensor is healthy
2026-03-24 19:00:03,041 - INFO - Vibration Sensor is healthy
2026-03-24 19:00:03,043 - ERROR - Fuel Flow Sensor FAILED - Fuel flow interrupted
2026-03-24 19:00:03,043 - INFO - Voltage Sensor is healthy
2026-03-24 19:00:03,044 - INFO - Speed Sensor is healthy
2026-03-24 19:00:03,044 - INFO - Brake Pressure Sensor is healthy
2026-03-24 19:00:03,045 - INFO - Humidity Sensor is healthy
2026-03-24 19:00:03,045 - INFO - Track Alignment Sensor is healthy
2026-03-24 19:00:03,046 - INFO - Engine Load Sensor is healthy
2026-03-24 19:00:08,049 - INFO - Temperature Sensor is healthy
2026-03-24 19:00:08,050 - INFO - Pressure Sensor is healthy
2026-03-24 19:00:08,051 - INFO - Vibration Sensor is healthy
2026-03-24 19:00:08,051 - ERROR - Fuel Flow Sensor FAILED - Fuel flow interrupted
2026-03-24 19:00:08,052 - INFO - Voltage Sensor is healthy
2026-03-24 19:00:08,053 - INFO - Speed Sensor is healthy
2026-03-24 19:00:08,053 - INFO - Brake Pressure Sensor is healthy
2026-03-24 19:00:08,053 - INFO - Humidity Sensor is healthy
2026-03-24 19:00:08,054 - INFO - Track Alignment Sensor is healthy
2026-03-24 19:00:08,054 - INFO - Engine Load Sensor is healthy
2026-03-24 19:00:13,056 - INFO - Temperature Sensor is healthy
2026-03-24 19:00:13,057 - INFO - Pressure Sensor is healthy
2026-03-24 19:00:13,057 - INFO - Vibration Sensor is healthy
2026-03-24 19:00:13,058 - ERROR - Fuel Flow Sensor FAILED - Fuel flow interrupted
2026-03-24 19:00:13,058 - INFO - Voltage Sensor is healthy
2026-03-24 19:00:13,058 - INFO - Speed Sensor is healthy
2026-03-24 19:00:13,059 - INFO - Brake Pressure Sensor is healthy
2026-03-24 19:00:13,059 - INFO - Humidity Sensor is healthy
2026-03-24 19:00:13,060 - INFO - Track Alignment Sensor is healthy
2026-03-24 19:00:13,060 - INFO - Engine Load Sensor is healthy
2026-03-24 19:00:18,061 - INFO - Temperature Sensor is healthy
2026-03-24 19:00:18,063 - INFO - Pressure Sensor is healthy
2026-03-24 19:00:18,063 - INFO - Vibration Sensor is healthy
2026-03-24 19:00:18,064 - ERROR - Fuel Flow Sensor FAILED - Fuel flow interrupted
2026-03-24 19:00:18,064 - INFO - Voltage Sensor is healthy
2026-03-24 19:00:18,065 - INFO - Speed Sensor is healthy
2026-03-24 19:00:18,065 - INFO - Brake Pressure Sensor is healthy
2026-03-24 19:00:18,065 - INFO - Humidity Sensor is healthy
2026-03-24 19:00:18,065 - INFO - Track Alignment Sensor is healthy
2026-03-24 19:00:18,066 - INFO - Engine Load Sensor is healthy
2026-03-24 19:00:23,066 - INFO - Temperature Sensor is healthy
2026-03-24 19:00:23,067 - INFO - Pressure Sensor is healthy
2026-03-24 19:00:23,068 - INFO - Vibration Sensor is healthy
2026-03-24 19:00:23,069 - ERROR - Fuel Flow Sensor FAILED - Fuel flow interrupted
2026-03-24 19:00:23,069 - INFO - Voltage Sensor is healthy
2026-03-24 19:00:23,070 - INFO - Speed Sensor is healthy
2026-03-24 19:00:23,070 - INFO - Brake Pressure Sensor is healthy
2026-03-24 19:00:23,071 - INFO - Humidity Sensor is healthy
2026-03-24 19:00:23,072 - INFO - Track Alignment Sensor is healthy
2026-03-24 19:00:23,072 - INFO - Engine Load Sensor is healthy
2026-03-24 19:00:28,073 - INFO - Temperature Sensor is healthy
2026-03-24 19:00:28,074 - INFO - Pressure Sensor is healthy
2026-03-24 19:00:28,076 - INFO - Vibration Sensor is healthy
2026-03-24 19:00:28,077 - ERROR - Fuel Flow Sensor FAILED - Fuel flow interrupted
2026-03-24 19:00:28,077 - INFO - Voltage Sensor is healthy
2026-03-24 19:00:28,077 - INFO - Speed Sensor is healthy
2026-03-24 19:00:28,078 - INFO - Brake Pressure Sensor is healthy
2026-03-24 19:00:28,079 - INFO - Humidity Sensor is healthy
2026-03-24 19:00:28,079 - INFO - Track Alignment Sensor is healthy
2026-03-24 19:00:28,080 - INFO - Engine Load Sensor is healthy
2026-03-24 19:00:33,081 - INFO - Temperature Sensor is healthy
2026-03-24 19:00:33,081 - INFO - Pressure Sensor is healthy
2026-03-24 19:00:33,082 - INFO - Vibration Sensor is healthy
2026-03-24 19:00:33,082 - ERROR - Fuel Flow Sensor FAILED - Fuel flow interrupted
2026-03-24 19:00:33,082 - INFO - Voltage Sensor is healthy
2026-03-24 19:00:33,083 - INFO - Speed Sensor is healthy
2026-03-24 19:00:33,083 - INFO - Brake Pressure Sensor is healthy
2026-03-24 19:00:33,083 - INFO - Humidity Sensor is healthy
2026-03-24 19:00:33,083 - INFO - Track Alignment Sensor is healthy
2026-03-24 19:00:33,084 - INFO - Engine Load Sensor is healthy
2026-03-24 19:00:38,085 - INFO - Temperature Sensor is healthy
2026-03-24 19:00:38,086 - INFO - Pressure Sensor is healthy
2026-03-24 19:00:38,086 - INFO - Vibration Sensor is healthy
2026-03-24 19:00:38,086 - ERROR - Fuel Flow Sensor FAILED - Fuel flow interrupted
2026-03-24 19:00:38,087 - INFO - Voltage Sensor is healthy
2026-03-24 19:00:38,087 - INFO - Speed Sensor is healthy
2026-03-24 19:00:38,088 - INFO - Brake Pressure Sensor is healthy
2026-03-24 19:00:38,089 - INFO - Humidity Sensor is healthy
2026-03-24 19:00:38,089 - INFO - Track Alignment Sensor is healthy
2026-03-24 19:00:38,089 - INFO - Engine Load Sensor is healthy
2026-03-24 19:00:43,091 - INFO - Temperature Sensor is healthy
2026-03-24 19:00:43,092 - INFO - Pressure Sensor is healthy
2026-03-24 19:00:43,092 - INFO - Vibration Sensor is healthy
2026-03-24 19:00:43,093 - ERROR - Fuel Flow Sensor FAILED - Fuel flow interrupted
2026-03-24 19:00:43,093 - INFO - Voltage Sensor is healthy
2026-03-24 19:00:43,093 - INFO - Speed Sensor is healthy
2026-03-24 19:00:43,094 - INFO - Brake Pressure Sensor is healthy
2026-03-24 19:00:43,094 - INFO - Humidity Sensor is healthy
2026-03-24 19:00:43,095 - INFO - Track Alignment Sensor is healthy
2026-03-24 19:00:43,095 - INFO - Engine Load Sensor is healthy
2026-03-24 19:00:48,096 - INFO - Temperature Sensor is healthy
2026-03-24 19:00:48,097 - INFO - Pressure Sensor is healthy
2026-03-24 19:00:48,098 - INFO - Vibration Sensor is healthy
2026-03-24 19:00:48,098 - ERROR - Fuel Flow Sensor FAILED - Fuel flow interrupted
2026-03-24 19:00:48,098 - INFO - Voltage Sensor is healthy
2026-03-24 19:00:48,099 - INFO - Speed Sensor is healthy
2026-03-24 19:00:48,099 - INFO - Brake Pressure Sensor is healthy
2026-03-24 19:00:48,099 - INFO - Humidity Sensor is healthy
2026-03-24 19:00:48,099 - INFO - Track Alignment Sensor is healthy
2026-03-24 19:00:48,099 - INFO - Engine Load Sensor is healthy
2026-03-24 19:00:53,100 - INFO - Temperature Sensor is healthy
2026-03-24 19:00:53,101 - INFO - Pressure Sensor is healthy
2026-03-24 19:00:53,101 - INFO - Vibration Sensor is healthy
2026-03-24 19:00:53,102 - ERROR - Fuel Flow Sensor FAILED - Fuel flow interrupted
2026-03-24 19:00:53,102 - INFO - Voltage Sensor is healthy
2026-03-24 19:00:53,103 - INFO - Speed Sensor is healthy
2026-03-24 19:00:53,103 - INFO - Brake Pressure Sensor is healthy
2026-03-24 19:00:53,104 - INFO - Humidity Sensor is healthy
2026-03-24 19:00:53,104 - INFO - Track Alignment Sensor is healthy
2026-03-24 19:00:53,105 - INFO - Engine Load Sensor is healthy
2026-03-24 19:00:58,106 - INFO - Temperature Sensor is healthy
2026-03-24 19:00:58,107 - INFO - Pressure Sensor is healthy
2026-03-24 19:00:58,108 - INFO - Vibration Sensor is healthy
2026-03-24 19:00:58,108 - ERROR - Fuel Flow Sensor FAILED - Fuel flow interrupted
2026-03-24 19:00:58,109 - INFO - Voltage Sensor is healthy
2026-03-24 19:00:58,109 - INFO - Speed Sensor is healthy
2026-03-24 19:00:58,109 - INFO - Brake Pressure Sensor is healthy
2026-03-24 19:00:58,109 - INFO - Humidity Sensor is healthy
2026-03-24 19:00:58,110 - INFO - Track Alignment Sensor is healthy
2026-03-24 19:00:58,110 - INFO - Engine Load Sensor is healthy
2026-03-24 19:01:03,111 - INFO - Temperature Sensor is healthy
2026-03-24 19:01:03,111 - INFO - Pressure Sensor is healthy
2026-03-24 19:01:03,111 - INFO - Vibration Sensor is healthy
2026-03-24 19:01:03,112 - ERROR - Fuel Flow Sensor FAILED - Fuel flow interrupted
2026-03-24 19:01:03,112 - INFO - Voltage Sensor is healthy
2026-03-24 19:01:03,113 - INFO - Speed Sensor is healthy
2026-03-24 19:01:03,113 - INFO - Brake Pressure Sensor is healthy
2026-03-24 19:01:03,113 - INFO - Humidity Sensor is healthy
2026-03-24 19:01:03,113 - INFO - Track Alignment Sensor is healthy
2026-03-24 19:01:03,114 - INFO - Engine Load Sensor is healthy
2026-03-24 19:01:08,115 - INFO - Temperature Sensor is healthy
2026-03-24 19:01:08,116 - INFO - Pressure Sensor is healthy
2026-03-24 19:01:08,117 - INFO - Vibration Sensor is healthy
2026-03-24 19:01:08,117 - ERROR - Fuel Flow Sensor FAILED - Fuel flow interrupted
2026-03-24 19:01:08,117 - INFO - Voltage Sensor is healthy
2026-03-24 19:01:08,118 - INFO - Speed Sensor is healthy
2026-03-24 19:01:08,118 - INFO - Brake Pressure Sensor is healthy
2026-03-24 19:01:08,119 - INFO - Humidity Sensor is healthy
2026-03-24 19:01:08,119 - INFO - Track Alignment Sensor is healthy
2026-03-24 19:01:08,119 - INFO - Engine Load Sensor is healthy
2026-03-24 19:01:13,120 - INFO - Temperature Sensor is healthy
2026-03-24 19:01:13,121 - INFO - Pressure Sensor is healthy
2026-03-24 19:01:13,122 - INFO - Vibration Sensor is healthy
2026-03-24 19:01:13,123 - ERROR - Fuel Flow Sensor FAILED - Fuel flow interrupted
2026-03-24 19:01:13,123 - INFO - Voltage Sensor is healthy
2026-03-24 19:01:13,123 - INFO - Speed Sensor is healthy
2026-03-24 19:01:13,124 - INFO - Brake Pressure Sensor is healthy
2026-03-24 19:01:13,124 - INFO - Humidity Sensor is healthy
2026-03-24 19:01:13,125 - INFO - Track Alignment Sensor is healthy
2026-03-24 19:01:13,125 - INFO - Engine Load Sensor is healthy
2026-03-24 19:01:18,126 - INFO - Temperature Sensor is healthy
2026-03-24 19:01:18,127 - INFO - Pressure Sensor is healthy
2026-03-24 19:01:18,128 - INFO - Vibration Sensor is healthy
2026-03-24 19:01:18,128 - ERROR - Fuel Flow Sensor FAILED - Fuel flow interrupted
2026-03-24 19:01:18,129 - INFO - Voltage Sensor is healthy
2026-03-24 19:01:18,129 - INFO - Speed Sensor is healthy
2026-03-24 19:01:18,130 - INFO - Brake Pressure Sensor is healthy
2026-03-24 19:01:18,130 - INFO - Humidity Sensor is healthy
2026-03-24 19:01:18,131 - INFO - Track Alignment Sensor is healthy
2026-03-24 19:01:18,131 - INFO - Engine Load Sensor is healthy
2026-03-24 19:01:23,132 - INFO - Temperature Sensor is healthy
2026-03-24 19:01:23,133 - INFO - Pressure Sensor is healthy
2026-03-24 19:01:23,134 - INFO - Vibration Sensor is healthy
2026-03-24 19:01:23,134 - ERROR - Fuel Flow Sensor FAILED - Fuel flow interrupted
2026-03-24 19:01:23,135 - INFO - Voltage Sensor is healthy
2026-03-24 19:01:23,135 - INFO - Speed Sensor is healthy
2026-03-24 19:01:23,135 - INFO - Brake Pressure Sensor is healthy
2026-03-24 19:01:23,136 - INFO - Humidity Sensor is healthy
2026-03-24 19:01:23,136 - INFO - Track Alignment Sensor is healthy
2026-03-24 19:01:23,137 - INFO - Engine Load Sensor is healthy
2026-03-24 19:01:28,140 - INFO - Temperature Sensor is healthy
2026-03-24 19:01:28,140 - INFO - Pressure Sensor is healthy
2026-03-24 19:01:28,141 - INFO - Vibration Sensor is healthy
2026-03-24 19:01:28,141 - ERROR - Fuel Flow Sensor FAILED - Fuel flow interrupted
2026-03-24 19:01:28,141 - INFO - Voltage Sensor is healthy
2026-03-24 19:01:28,141 - INFO - Speed Sensor is healthy
2026-03-24 19:01:28,142 - INFO - Brake Pressure Sensor is healthy
2026-03-24 19:01:28,142 - INFO - Humidity Sensor is healthy
2026-03-24 19:01:28,143 - INFO - Track Alignment Sensor is healthy
2026-03-24 19:01:28,143 - INFO - Engine Load Sensor is healthy
2026-03-24 19:01:33,144 - INFO - Temperature Sensor is healthy
2026-03-24 19:01:33,145 - INFO - Pressure Sensor is healthy
2026-03-24 19:01:33,145 - INFO - Vibration Sensor is healthy
2026-03-24 19:01:33,146 - ERROR - Fuel Flow Sensor FAILED - Fuel flow interrupted
2026-03-24 19:01:33,147 - INFO - Voltage Sensor is healthy
2026-03-24 19:01:33,147 - INFO - Speed Sensor is healthy
2026-03-24 19:01:33,147 - INFO - Brake Pressure Sensor is healthy
2026-03-24 19:01:33,148 - INFO - Humidity Sensor is healthy
2026-03-24 19:01:33,148 - INFO - Track Alignment Sensor is healthy
2026-03-24 19:01:33,148 - INFO - Engine Load Sensor is healthy
2026-03-24 19:01:38,150 - INFO - Temperature Sensor is healthy
2026-03-24 19:01:38,151 - INFO - Pressure Sensor is healthy
2026-03-24 19:01:38,151 - INFO - Vibration Sensor is healthy
2026-03-24 19:01:38,152 - ERROR - Fuel Flow Sensor FAILED - Fuel flow interrupted
2026-03-24 19:01:38,152 - INFO - Voltage Sensor is healthy
2026-03-24 19:01:38,152 - INFO - Speed Sensor is healthy
2026-03-24 19:01:38,152 - INFO - Brake Pressure Sensor is healthy
2026-03-24 19:01:38,153 - INFO - Humidity Sensor is healthy
2026-03-24 19:01:38,153 - INFO - Track Alignment Sensor is healthy
2026-03-24 19:01:38,153 - INFO - Engine Load Sensor is healthy
2026-03-24 19:01:43,154 - INFO - Temperature Sensor is healthy
2026-03-24 19:01:43,155 - INFO - Pressure Sensor is healthy
2026-03-24 19:01:43,156 - INFO - Vibration Sensor is healthy
2026-03-24 19:01:43,156 - ERROR - Fuel Flow Sensor FAILED - Fuel flow interrupted
2026-03-24 19:01:43,156 - INFO - Voltage Sensor is healthy
2026-03-24 19:01:43,156 - INFO - Speed Sensor is healthy
2026-03-24 19:01:43,157 - INFO - Brake Pressure Sensor is healthy
2026-03-24 19:01:43,157 - INFO - Humidity Sensor is healthy
2026-03-24 19:01:43,157 - INFO - Track Alignment Sensor is healthy
2026-03-24 19:01:43,157 - INFO - Engine Load Sensor is healthy
2026-03-24 19:01:48,159 - INFO - Temperature Sensor is healthy
2026-03-24 19:01:48,161 - INFO - Pressure Sensor is healthy
2026-03-24 19:01:48,162 - INFO - Vibration Sensor is healthy
2026-03-24 19:01:48,163 - ERROR - Fuel Flow Sensor FAILED - Fuel flow interrupted
2026-03-24 19:01:48,164 - INFO - Voltage Sensor is healthy
2026-03-24 19:01:48,164 - INFO - Speed Sensor is healthy
2026-03-24 19:01:48,165 - INFO - Brake Pressure Sensor is healthy
2026-03-24 19:01:48,166 - INFO - Humidity Sensor is healthy
2026-03-24 19:01:48,166 - INFO - Track Alignment Sensor is healthy
2026-03-24 19:01:48,167 - INFO - Engine Load Sensor is healthy
2026-03-24 19:01:53,168 - INFO - Temperature Sensor is healthy
2026-03-24 19:01:53,169 - INFO - Pressure Sensor is healthy
2026-03-24 19:01:53,169 - INFO - Vibration Sensor is healthy
2026-03-24 19:01:53,170 - ERROR - Fuel Flow Sensor FAILED - Fuel flow interrupted
2026-03-24 19:01:53,171 - INFO - Voltage Sensor is healthy
2026-03-24 19:01:53,171 - INFO - Speed Sensor is healthy
2026-03-24 19:01:53,172 - INFO - Brake Pressure Sensor is healthy
2026-03-24 19:01:53,172 - INFO - Humidity Sensor is healthy
2026-03-24 19:01:53,172 - INFO - Track Alignment Sensor is healthy
2026-03-24 19:01:53,173 - INFO - Engine Load Sensor is healthy
2026-03-24 19:01:58,174 - INFO - Temperature Sensor is healthy
2026-03-24 19:01:58,174 - INFO - Pressure Sensor is healthy
2026-03-24 19:01:58,175 - INFO - Vibration Sensor is healthy
2026-03-24 19:01:58,175 - ERROR - Fuel Flow Sensor FAILED - Fuel flow interrupted
2026-03-24 19:01:58,176 - INFO - Voltage Sensor is healthy
2026-03-24 19:01:58,176 - INFO - Speed Sensor is healthy
2026-03-24 19:01:58,177 - INFO - Brake Pressure Sensor is healthy
2026-03-24 19:01:58,177 - INFO - Humidity Sensor is healthy
2026-03-24 19:01:58,178 - INFO - Track Alignment Sensor is healthy
2026-03-24 19:01:58,181 - INFO - Engine Load Sensor is healthy
2026-03-24 19:02:03,182 - INFO - Temperature Sensor is healthy
2026-03-24 19:02:03,183 - INFO - Pressure Sensor is healthy
2026-03-24 19:02:03,184 - INFO - Vibration Sensor is healthy
2026-03-24 19:02:03,184 - ERROR - Fuel Flow Sensor FAILED - Fuel flow interrupted
2026-03-24 19:02:03,185 - INFO - Voltage Sensor is healthy
2026-03-24 19:02:03,185 - INFO - Speed Sensor is healthy
2026-03-24 19:02:03,185 - INFO - Brake Pressure Sensor is healthy
2026-03-24 19:02:03,186 - INFO - Humidity Sensor is healthy
2026-03-24 19:02:03,186 - INFO - Track Alignment Sensor is healthy
2026-03-24 19:02:03,187 - INFO - Engine Load Sensor is healthy
2026-03-24 19:02:08,188 - INFO - Temperature Sensor is healthy
2026-03-24 19:02:08,190 - INFO - Pressure Sensor is healthy
2026-03-24 19:02:08,191 - INFO - Vibration Sensor is healthy
2026-03-24 19:02:08,192 - ERROR - Fuel Flow Sensor FAILED - Fuel flow interrupted
2026-03-24 19:02:08,193 - INFO - Voltage Sensor is healthy
2026-03-24 19:02:08,193 - INFO - Speed Sensor is healthy
2026-03-24 19:02:08,194 - INFO - Brake Pressure Sensor is healthy
2026-03-24 19:02:08,194 - INFO - Humidity Sensor is healthy
2026-03-24 19:02:08,195 - INFO - Track Alignment Sensor is healthy
2026-03-24 19:02:08,196 - INFO - Engine Load Sensor is healthy
2026-03-24 19:02:13,197 - INFO - Temperature Sensor is healthy
2026-03-24 19:02:13,198 - INFO - Pressure Sensor is healthy
2026-03-24 19:02:13,198 - INFO - Vibration Sensor is healthy
2026-03-24 19:02:13,199 - ERROR - Fuel Flow Sensor FAILED - Fuel flow interrupted
2026-03-24 19:02:13,199 - INFO - Voltage Sensor is healthy
2026-03-24 19:02:13,199 - INFO - Speed Sensor is healthy
2026-03-24 19:02:13,200 - INFO - Brake Pressure Sensor is healthy
2026-03-24 19:02:13,200 - INFO - Humidity Sensor is healthy
2026-03-24 19:02:13,200 - INFO - Track Alignment Sensor is healthy
2026-03-24 19:02:13,201 - INFO - Engine Load Sensor is healthy
2026-03-24 19:02:18,202 - INFO - Temperature Sensor is healthy
2026-03-24 19:02:18,203 - INFO - Pressure Sensor is healthy
2026-03-24 19:02:18,203 - INFO - Vibration Sensor is healthy
2026-03-24 19:02:18,204 - ERROR - Fuel Flow Sensor FAILED - Fuel flow interrupted
2026-03-24 19:02:18,204 - INFO - Voltage Sensor is healthy
2026-03-24 19:02:18,205 - INFO - Speed Sensor is healthy
2026-03-24 19:02:18,205 - INFO - Brake Pressure Sensor is healthy
2026-03-24 19:02:18,205 - INFO - Humidity Sensor is healthy
2026-03-24 19:02:18,206 - INFO - Track Alignment Sensor is healthy
2026-03-24 19:02:18,206 - INFO - Engine Load Sensor is healthy
2026-03-24 19:02:23,207 - INFO - Temperature Sensor is healthy
2026-03-24 19:02:23,208 - INFO - Pressure Sensor is healthy
2026-03-24 19:02:23,209 - INFO - Vibration Sensor is healthy
2026-03-24 19:02:23,209 - ERROR - Fuel Flow Sensor FAILED - Fuel flow interrupted
2026-03-24 19:02:23,210 - INFO - Voltage Sensor is healthy
2026-03-24 19:02:23,210 - INFO - Speed Sensor is healthy
2026-03-24 19:02:23,210 - INFO - Brake Pressure Sensor is healthy
2026-03-24 19:02:23,211 - INFO - Humidity Sensor is healthy
2026-03-24 19:02:23,211 - INFO - Track Alignment Sensor is healthy
2026-03-24 19:02:23,212 - INFO - Engine Load Sensor is healthy
2026-03-24 19:02:28,214 - INFO - Temperature Sensor is healthy
2026-03-24 19:02:28,215 - INFO - Pressure Sensor is healthy
2026-03-24 19:02:28,215 - INFO - Vibration Sensor is healthy
2026-03-24 19:02:28,216 - ERROR - Fuel Flow Sensor FAILED - Fuel flow interrupted
2026-03-24 19:02:28,216 - INFO - Voltage Sensor is healthy
2026-03-24 19:02:28,216 - INFO - Speed Sensor is healthy
2026-03-24 19:02:28,216 - INFO - Brake Pressure Sensor is healthy
2026-03-24 19:02:28,217 - INFO - Humidity Sensor is healthy
2026-03-24 19:02:28,217 - INFO - Track Alignment Sensor is healthy
2026-03-24 19:02:28,217 - INFO - Engine Load Sensor is healthy
2026-03-24 19:02:33,218 - INFO - Temperature Sensor is healthy
2026-03-24 19:02:33,220 - INFO - Pressure Sensor is healthy
2026-03-24 19:02:33,220 - INFO - Vibration Sensor is healthy
2026-03-24 19:02:33,221 - ERROR - Fuel Flow Sensor FAILED - Fuel flow interrupted
2026-03-24 19:02:33,221 - INFO - Voltage Sensor is healthy
2026-03-24 19:02:33,222 - INFO - Speed Sensor is healthy
2026-03-24 19:02:33,222 - INFO - Brake Pressure Sensor is healthy
2026-03-24 19:02:33,223 - INFO - Humidity Sensor is healthy
2026-03-24 19:02:33,223 - INFO - Track Alignment Sensor is healthy
2026-03-24 19:02:33,223 - INFO - Engine Load Sensor is healthy
2026-03-24 19:02:38,224 - INFO - Temperature Sensor is healthy
2026-03-24 19:02:38,225 - INFO - Pressure Sensor is healthy
2026-03-24 19:02:38,226 - INFO - Vibration Sensor is healthy
2026-03-24 19:02:38,227 - ERROR - Fuel Flow Sensor FAILED - Fuel flow interrupted
2026-03-24 19:02:38,228 - INFO - Voltage Sensor is healthy
2026-03-24 19:02:38,229 - INFO - Speed Sensor is healthy
2026-03-24 19:02:38,229 - INFO - Brake Pressure Sensor is healthy
2026-03-24 19:02:38,229 - INFO - Humidity Sensor is healthy
2026-03-24 19:02:38,230 - INFO - Track Alignment Sensor is healthy
2026-03-24 19:02:38,231 - INFO - Engine Load Sensor is healthy
2026-03-24 19:02:43,231 - INFO - Temperature Sensor is healthy
2026-03-24 19:02:43,232 - INFO - Pressure Sensor is healthy
2026-03-24 19:02:43,232 - INFO - Vibration Sensor is healthy
2026-03-24 19:02:43,233 - ERROR - Fuel Flow Sensor FAILED - Fuel flow interrupted
2026-03-24 19:02:43,233 - INFO - Voltage Sensor is healthy
2026-03-24 19:02:43,234 - INFO - Speed Sensor is healthy
2026-03-24 19:02:43,234 - INFO - Brake Pressure Sensor is healthy
2026-03-24 19:02:43,235 - INFO - Humidity Sensor is healthy
2026-03-24 19:02:43,235 - INFO - Track Alignment Sensor is healthy
2026-03-24 19:02:43,236 - INFO - Engine Load Sensor is healthy
2026-03-24 19:02:48,237 - INFO - Temperature Sensor is healthy
2026-03-24 19:02:48,238 - INFO - Pressure Sensor is healthy
2026-03-24 19:02:48,239 - INFO - Vibration Sensor is healthy
2026-03-24 19:02:48,239 - ERROR - Fuel Flow Sensor FAILED - Fuel flow interrupted
2026-03-24 19:02:48,240 - INFO - Voltage Sensor is healthy
2026-03-24 19:02:48,241 - INFO - Speed Sensor is healthy
2026-03-24 19:02:48,242 - INFO - Brake Pressure Sensor is healthy
2026-03-24 19:02:48,242 - INFO - Humidity Sensor is healthy
2026-03-24 19:02:48,243 - INFO - Track Alignment Sensor is healthy
2026-03-24 19:02:48,243 - INFO - Engine Load Sensor is healthy
2026-03-24 19:02:53,244 - INFO - Temperature Sensor is healthy
2026-03-24 19:02:53,245 - INFO - Pressure Sensor is healthy
2026-03-24 19:02:53,246 - INFO - Vibration Sensor is healthy
2026-03-24 19:02:53,246 - ERROR - Fuel Flow Sensor FAILED - Fuel flow interrupted
2026-03-24 19:02:53,247 - INFO - Voltage Sensor is healthy
2026-03-24 19:02:53,247 - INFO - Speed Sensor is healthy
2026-03-24 19:02:53,247 - INFO - Brake Pressure Sensor is healthy
2026-03-24 19:02:53,248 - INFO - Humidity Sensor is healthy
2026-03-24 19:02:53,248 - INFO - Track Alignment Sensor is healthy
2026-03-24 19:02:53,249 - INFO - Engine Load Sensor is healthy
2026-03-24 19:02:58,250 - INFO - Temperature Sensor is healthy
2026-03-24 19:02:58,250 - INFO - Pressure Sensor is healthy
2026-03-24 19:02:58,251 - INFO - Vibration Sensor is healthy
2026-03-24 19:02:58,251 - ERROR - Fuel Flow Sensor FAILED - Fuel flow interrupted
2026-03-24 19:02:58,252 - INFO - Voltage Sensor is healthy
2026-03-24 19:02:58,252 - INFO - Speed Sensor is healthy
2026-03-24 19:02:58,253 - INFO - Brake Pressure Sensor is healthy
2026-03-24 19:02:58,253 - INFO - Humidity Sensor is healthy
2026-03-24 19:02:58,254 - INFO - Track Alignment Sensor is healthy
2026-03-24 19:02:58,254 - INFO - Engine Load Sensor is healthy
2026-03-24 19:03:03,255 - INFO - Temperature Sensor is healthy
2026-03-24 19:03:03,256 - INFO - Pressure Sensor is healthy
2026-03-24 19:03:03,256 - INFO - Vibration Sensor is healthy
2026-03-24 19:03:03,256 - ERROR - Fuel Flow Sensor FAILED - Fuel flow interrupted
2026-03-24 19:03:03,257 - INFO - Voltage Sensor is healthy
2026-03-24 19:03:03,257 - INFO - Speed Sensor is healthy
2026-03-24 19:03:03,258 - INFO - Brake Pressure Sensor is healthy
2026-03-24 19:03:03,258 - INFO - Humidity Sensor is healthy
2026-03-24 19:03:03,258 - INFO - Track Alignment Sensor is healthy
2026-03-24 19:03:03,259 - INFO - Engine Load Sensor is healthy
2026-03-24 19:03:08,260 - INFO - Temperature Sensor is healthy
2026-03-24 19:03:08,261 - INFO - Pressure Sensor is healthy
2026-03-24 19:03:08,261 - INFO - Vibration Sensor is healthy
2026-03-24 19:03:08,262 - ERROR - Fuel Flow Sensor FAILED - Fuel flow interrupted
2026-03-24 19:03:08,262 - INFO - Voltage Sensor is healthy
2026-03-24 19:03:08,262 - INFO - Speed Sensor is healthy
2026-03-24 19:03:08,263 - INFO - Brake Pressure Sensor is healthy
2026-03-24 19:03:08,263 - INFO - Humidity Sensor is healthy
2026-03-24 19:03:08,263 - INFO - Track Alignment Sensor is healthy
2026-03-24 19:03:08,264 - INFO - Engine Load Sensor is healthy
2026-03-24 19:03:13,265 - INFO - Temperature Sensor is healthy
2026-03-24 19:03:13,265 - INFO - Pressure Sensor is healthy
2026-03-24 19:03:13,265 - INFO - Vibration Sensor is healthy
2026-03-24 19:03:13,266 - ERROR - Fuel Flow Sensor FAILED - Fuel flow interrupted
2026-03-24 19:03:13,266 - INFO - Voltage Sensor is healthy
2026-03-24 19:03:13,267 - INFO - Speed Sensor is healthy
2026-03-24 19:03:13,267 - INFO - Brake Pressure Sensor is healthy
2026-03-24 19:03:13,267 - INFO - Humidity Sensor is healthy
2026-03-24 19:03:13,268 - INFO - Track Alignment Sensor is healthy
2026-03-24 19:03:13,268 - INFO - Engine Load Sensor is healthy
2026-03-24 19:03:18,269 - INFO - Temperature Sensor is healthy
2026-03-24 19:03:18,270 - INFO - Pressure Sensor is healthy
2026-03-24 19:03:18,271 - INFO - Vibration Sensor is healthy
2026-03-24 19:03:18,272 - ERROR - Fuel Flow Sensor FAILED - Fuel flow interrupted
2026-03-24 19:03:18,272 - INFO - Voltage Sensor is healthy
2026-03-24 19:03:18,273 - INFO - Speed Sensor is healthy
2026-03-24 19:03:18,273 - INFO - Brake Pressure Sensor is healthy
2026-03-24 19:03:18,274 - INFO - Humidity Sensor is healthy
2026-03-24 19:03:18,275 - INFO - Track Alignment Sensor is healthy
2026-03-24 19:03:18,275 - INFO - Engine Load Sensor is healthy
2026-03-24 19:03:23,277 - INFO - Temperature Sensor is healthy
2026-03-24 19:03:23,278 - INFO - Pressure Sensor is healthy
2026-03-24 19:03:23,278 - INFO - Vibration Sensor is healthy
2026-03-24 19:03:23,279 - ERROR - Fuel Flow Sensor FAILED - Fuel flow interrupted
2026-03-24 19:03:23,279 - INFO - Voltage Sensor is healthy
2026-03-24 19:03:23,280 - INFO - Speed Sensor is healthy
2026-03-24 19:03:23,280 - INFO - Brake Pressure Sensor is healthy
2026-03-24 19:03:23,281 - INFO - Humidity Sensor is healthy
2026-03-24 19:03:23,282 - INFO - Track Alignment Sensor is healthy
2026-03-24 19:03:23,282 - INFO - Engine Load Sensor is healthy
2026-03-24 19:03:28,283 - INFO - Temperature Sensor is healthy
2026-03-24 19:03:28,284 - INFO - Pressure Sensor is healthy
2026-03-24 19:03:28,285 - INFO - Vibration Sensor is healthy
2026-03-24 19:03:28,285 - ERROR - Fuel Flow Sensor FAILED - Fuel flow interrupted
2026-03-24 19:03:28,285 - INFO - Voltage Sensor is healthy
2026-03-24 19:03:28,286 - INFO - Speed Sensor is healthy
2026-03-24 19:03:28,286 - INFO - Brake Pressure Sensor is healthy
2026-03-24 19:03:28,287 - INFO - Humidity Sensor is healthy
2026-03-24 19:03:28,287 - INFO - Track Alignment Sensor is healthy
2026-03-24 19:03:28,288 - INFO - Engine Load Sensor is healthy
2026-03-24 19:03:33,289 - INFO - Temperature Sensor is healthy
2026-03-24 19:03:33,290 - INFO - Pressure Sensor is healthy
2026-03-24 19:03:33,290 - INFO - Vibration Sensor is healthy
2026-03-24 19:03:33,290 - ERROR - Fuel Flow Sensor FAILED - Fuel flow interrupted
2026-03-24 19:03:33,291 - INFO - Voltage Sensor is healthy
2026-03-24 19:03:33,291 - INFO - Speed Sensor is healthy
2026-03-24 19:03:33,292 - INFO - Brake Pressure Sensor is healthy
2026-03-24 19:03:33,292 - INFO - Humidity Sensor is healthy
2026-03-24 19:03:33,292 - INFO - Track Alignment Sensor is healthy
2026-03-24 19:03:33,293 - INFO - Engine Load Sensor is healthy
2026-03-24 19:03:38,293 - INFO - Temperature Sensor is healthy
2026-03-24 19:03:38,295 - INFO - Pressure Sensor is healthy
2026-03-24 19:03:38,295 - INFO - Vibration Sensor is healthy
2026-03-24 19:03:38,296 - ERROR - Fuel Flow Sensor FAILED - Fuel flow interrupted
2026-03-24 19:03:38,296 - INFO - Voltage Sensor is healthy
2026-03-24 19:03:38,297 - INFO - Speed Sensor is healthy
2026-03-24 19:03:38,297 - INFO - Brake Pressure Sensor is healthy
2026-03-24 19:03:38,297 - INFO - Humidity Sensor is healthy
2026-03-24 19:03:38,298 - INFO - Track Alignment Sensor is healthy
2026-03-24 19:03:38,298 - INFO - Engine Load Sensor is healthy
2026-03-24 19:03:43,298 - INFO - Temperature Sensor is healthy
2026-03-24 19:03:43,299 - INFO - Pressure Sensor is healthy
2026-03-24 19:03:43,300 - INFO - Vibration Sensor is healthy
2026-03-24 19:03:43,300 - ERROR - Fuel Flow Sensor FAILED - Fuel flow interrupted
2026-03-24 19:03:43,301 - INFO - Voltage Sensor is healthy
2026-03-24 19:03:43,301 - INFO - Speed Sensor is healthy
2026-03-24 19:03:43,302 - INFO - Brake Pressure Sensor is healthy
2026-03-24 19:03:43,302 - INFO - Humidity Sensor is healthy
2026-03-24 19:03:43,303 - INFO - Track Alignment Sensor is healthy
2026-03-24 19:03:43,304 - INFO - Engine Load Sensor is healthy
2026-03-24 19:03:48,304 - INFO - Temperature Sensor is healthy
2026-03-24 19:03:48,305 - INFO - Pressure Sensor is healthy
2026-03-24 19:03:48,305 - INFO - Vibration Sensor is healthy
2026-03-24 19:03:48,306 - ERROR - Fuel Flow Sensor FAILED - Fuel flow interrupted
2026-03-24 19:03:48,306 - INFO - Voltage Sensor is healthy
2026-03-24 19:03:48,306 - INFO - Speed Sensor is healthy
2026-03-24 19:03:48,307 - INFO - Brake Pressure Sensor is healthy
2026-03-24 19:03:48,307 - INFO - Humidity Sensor is healthy
2026-03-24 19:03:48,307 - INFO - Track Alignment Sensor is healthy
2026-03-24 19:03:48,308 - INFO - Engine Load Sensor is healthy
2026-03-24 19:03:53,309 - INFO - Temperature Sensor is healthy
2026-03-24 19:03:53,310 - INFO - Pressure Sensor is healthy
2026-03-24 19:03:53,311 - INFO - Vibration Sensor is healthy
2026-03-24 19:03:53,311 - ERROR - Fuel Flow Sensor FAILED - Fuel flow interrupted
2026-03-24 19:03:53,312 - INFO - Voltage Sensor is healthy
2026-03-24 19:03:53,312 - INFO - Speed Sensor is healthy
2026-03-24 19:03:53,313 - INFO - Brake Pressure Sensor is healthy
2026-03-24 19:03:53,313 - INFO - Humidity Sensor is healthy
2026-03-24 19:03:53,314 - INFO - Track Alignment Sensor is healthy
2026-03-24 19:03:53,314 - INFO - Engine Load Sensor is healthy
2026-03-24 19:03:58,315 - INFO - Temperature Sensor is healthy
2026-03-24 19:03:58,316 - INFO - Pressure Sensor is healthy
2026-03-24 19:03:58,317 - INFO - Vibration Sensor is healthy
2026-03-24 19:03:58,317 - ERROR - Fuel Flow Sensor FAILED - Fuel flow interrupted
2026-03-24 19:03:58,318 - INFO - Voltage Sensor is healthy
2026-03-24 19:03:58,318 - INFO - Speed Sensor is healthy
2026-03-24 19:03:58,318 - INFO - Brake Pressure Sensor is healthy
2026-03-24 19:03:58,319 - INFO - Humidity Sensor is healthy
2026-03-24 19:03:58,319 - INFO - Track Alignment Sensor is healthy
2026-03-24 19:03:58,319 - INFO - Engine Load Sensor is healthy
2026-03-24 19:04:03,320 - INFO - Temperature Sensor is healthy
2026-03-24 19:04:03,321 - INFO - Pressure Sensor is healthy
2026-03-24 19:04:03,321 - INFO - Vibration Sensor is healthy
2026-03-24 19:04:03,322 - ERROR - Fuel Flow Sensor FAILED - Fuel flow interrupted
2026-03-24 19:04:03,322 - INFO - Voltage Sensor is healthy
2026-03-24 19:04:03,323 - INFO - Speed Sensor is healthy
2026-03-24 19:04:03,323 - INFO - Brake Pressure Sensor is healthy
2026-03-24 19:04:03,324 - INFO - Humidity Sensor is healthy
2026-03-24 19:04:03,324 - INFO - Track Alignment Sensor is healthy
2026-03-24 19:04:03,324 - INFO - Engine Load Sensor is healthy
2026-03-24 19:04:08,325 - INFO - Temperature Sensor is healthy
2026-03-24 19:04:08,326 - INFO - Pressure Sensor is healthy
2026-03-24 19:04:08,326 - INFO - Vibration Sensor is healthy
2026-03-24 19:04:08,327 - ERROR - Fuel Flow Sensor FAILED - Fuel flow interrupted
2026-03-24 19:04:08,327 - INFO - Voltage Sensor is healthy
2026-03-24 19:04:08,328 - INFO - Speed Sensor is healthy
2026-03-24 19:04:08,328 - INFO - Brake Pressure Sensor is healthy
2026-03-24 19:04:08,328 - INFO - Humidity Sensor is healthy
2026-03-24 19:04:08,329 - INFO - Track Alignment Sensor is healthy
2026-03-24 19:04:08,329 - INFO - Engine Load Sensor is healthy
2026-03-24 19:04:13,330 - INFO - Temperature Sensor is healthy
2026-03-24 19:04:13,331 - INFO - Pressure Sensor is healthy
2026-03-24 19:04:13,332 - INFO - Vibration Sensor is healthy
2026-03-24 19:04:13,333 - ERROR - Fuel Flow Sensor FAILED - Fuel flow interrupted
2026-03-24 19:04:13,335 - INFO - Voltage Sensor is healthy
2026-03-24 19:04:13,336 - INFO - Speed Sensor is healthy
2026-03-24 19:04:13,337 - INFO - Brake Pressure Sensor is healthy
2026-03-24 19:04:13,338 - INFO - Humidity Sensor is healthy
2026-03-24 19:04:13,338 - INFO - Track Alignment Sensor is healthy
2026-03-24 19:04:13,339 - INFO - Engine Load Sensor is healthy
2026-03-24 19:04:18,341 - INFO - Temperature Sensor is healthy
2026-03-24 19:04:18,341 - INFO - Pressure Sensor is healthy
2026-03-24 19:04:18,342 - INFO - Vibration Sensor is healthy
2026-03-24 19:04:18,342 - ERROR - Fuel Flow Sensor FAILED - Fuel flow interrupted
2026-03-24 19:04:18,343 - INFO - Voltage Sensor is healthy
2026-03-24 19:04:18,343 - INFO - Speed Sensor is healthy
2026-03-24 19:04:18,343 - INFO - Brake Pressure Sensor is healthy
2026-03-24 19:04:18,344 - INFO - Humidity Sensor is healthy
2026-03-24 19:04:18,344 - INFO - Track Alignment Sensor is healthy
2026-03-24 19:04:18,345 - INFO - Engine Load Sensor is healthy
2026-03-24 19:04:23,346 - INFO - Temperature Sensor is healthy
2026-03-24 19:04:23,347 - INFO - Pressure Sensor is healthy
2026-03-24 19:04:23,347 - INFO - Vibration Sensor is healthy
2026-03-24 19:04:23,347 - ERROR - Fuel Flow Sensor FAILED - Fuel flow interrupted
2026-03-24 19:04:23,348 - INFO - Voltage Sensor is healthy
2026-03-24 19:04:23,348 - INFO - Speed Sensor is healthy
2026-03-24 19:04:23,348 - INFO - Brake Pressure Sensor is healthy
2026-03-24 19:04:23,349 - INFO - Humidity Sensor is healthy
2026-03-24 19:04:23,349 - INFO - Track Alignment Sensor is healthy
2026-03-24 19:04:23,349 - INFO - Engine Load Sensor is healthy
2026-03-24 19:04:28,351 - INFO - Temperature Sensor is healthy
2026-03-24 19:04:28,352 - INFO - Pressure Sensor is healthy
2026-03-24 19:04:28,352 - INFO - Vibration Sensor is healthy
2026-03-24 19:04:28,352 - ERROR - Fuel Flow Sensor FAILED - Fuel flow interrupted
2026-03-24 19:04:28,353 - INFO - Voltage Sensor is healthy
2026-03-24 19:04:28,353 - INFO - Speed Sensor is healthy
2026-03-24 19:04:28,354 - INFO - Brake Pressure Sensor is healthy
2026-03-24 19:04:28,354 - INFO - Humidity Sensor is healthy
2026-03-24 19:04:28,354 - INFO - Track Alignment Sensor is healthy
2026-03-24 19:04:28,355 - INFO - Engine Load Sensor is healthy
2026-03-24 19:04:33,356 - INFO - Temperature Sensor is healthy
2026-03-24 19:04:33,357 - INFO - Pressure Sensor is healthy
2026-03-24 19:04:33,357 - INFO - Vibration Sensor is healthy
2026-03-24 19:04:33,357 - ERROR - Fuel Flow Sensor FAILED - Fuel flow interrupted
2026-03-24 19:04:33,358 - INFO - Voltage Sensor is healthy
2026-03-24 19:04:33,358 - INFO - Speed Sensor is healthy
2026-03-24 19:04:33,359 - INFO - Brake Pressure Sensor is healthy
2026-03-24 19:04:33,359 - INFO - Humidity Sensor is healthy
2026-03-24 19:04:33,359 - INFO - Track Alignment Sensor is healthy
2026-03-24 19:04:33,360 - INFO - Engine Load Sensor is healthy
2026-03-24 19:04:38,361 - INFO - Temperature Sensor is healthy
2026-03-24 19:04:38,361 - INFO - Pressure Sensor is healthy
2026-03-24 19:04:38,362 - INFO - Vibration Sensor is healthy
2026-03-24 19:04:38,363 - ERROR - Fuel Flow Sensor FAILED - Fuel flow interrupted
2026-03-24 19:04:38,364 - INFO - Voltage Sensor is healthy
2026-03-24 19:04:38,364 - INFO - Speed Sensor is healthy
2026-03-24 19:04:38,365 - INFO - Brake Pressure Sensor is healthy
2026-03-24 19:04:38,366 - INFO - Humidity Sensor is healthy
2026-03-24 19:04:38,367 - INFO - Track Alignment Sensor is healthy
2026-03-24 19:04:38,368 - INFO - Engine Load Sensor is healthy
2026-03-24 19:04:43,371 - INFO - Temperature Sensor is healthy
2026-03-24 19:04:43,372 - INFO - Pressure Sensor is healthy
2026-03-24 19:04:43,372 - INFO - Vibration Sensor is healthy
2026-03-24 19:04:43,372 - ERROR - Fuel Flow Sensor FAILED - Fuel flow interrupted
2026-03-24 19:04:43,373 - INFO - Voltage Sensor is healthy
2026-03-24 19:04:43,373 - INFO - Speed Sensor is healthy
2026-03-24 19:04:43,374 - INFO - Brake Pressure Sensor is healthy
2026-03-24 19:04:43,374 - INFO - Humidity Sensor is healthy
2026-03-24 19:04:43,374 - INFO - Track Alignment Sensor is healthy
2026-03-24 19:04:43,375 - INFO - Engine Load Sensor is healthy
2026-03-24 19:04:48,375 - INFO - Temperature Sensor is healthy
2026-03-24 19:04:48,376 - INFO - Pressure Sensor is healthy
2026-03-24 19:04:48,378 - INFO - Vibration Sensor is healthy
2026-03-24 19:04:48,379 - ERROR - Fuel Flow Sensor FAILED - Fuel flow interrupted
2026-03-24 19:04:48,380 - INFO - Voltage Sensor is healthy
2026-03-24 19:04:48,380 - INFO - Speed Sensor is healthy
2026-03-24 19:04:48,380 - INFO - Brake Pressure Sensor is healthy
2026-03-24 19:04:48,381 - INFO - Humidity Sensor is healthy
2026-03-24 19:04:48,381 - INFO - Track Alignment Sensor is healthy
2026-03-24 19:04:48,382 - INFO - Engine Load Sensor is healthy
2026-03-24 19:04:53,383 - INFO - Temperature Sensor is healthy
2026-03-24 19:04:53,383 - INFO - Pressure Sensor is healthy
2026-03-24 19:04:53,384 - INFO - Vibration Sensor is healthy
2026-03-24 19:04:53,386 - ERROR - Fuel Flow Sensor FAILED - Fuel flow interrupted
2026-03-24 19:04:53,386 - INFO - Voltage Sensor is healthy
2026-03-24 19:04:53,386 - INFO - Speed Sensor is healthy
2026-03-24 19:04:53,387 - INFO - Brake Pressure Sensor is healthy
2026-03-24 19:04:53,387 - INFO - Humidity Sensor is healthy
2026-03-24 19:04:53,387 - INFO - Track Alignment Sensor is healthy
2026-03-24 19:04:53,387 - INFO - Engine Load Sensor is healthy
2026-03-24 19:04:58,389 - INFO - Temperature Sensor is healthy
2026-03-24 19:04:58,389 - INFO - Pressure Sensor is healthy
2026-03-24 19:04:58,390 - INFO - Vibration Sensor is healthy
2026-03-24 19:04:58,390 - ERROR - Fuel Flow Sensor FAILED - Fuel flow interrupted
2026-03-24 19:04:58,390 - INFO - Voltage Sensor is healthy
2026-03-24 19:04:58,391 - INFO - Speed Sensor is healthy
2026-03-24 19:04:58,391 - INFO - Brake Pressure Sensor is healthy
2026-03-24 19:04:58,391 - INFO - Humidity Sensor is healthy
2026-03-24 19:04:58,391 - INFO - Track Alignment Sensor is healthy
2026-03-24 19:04:58,392 - INFO - Engine Load Sensor is healthy
2026-03-24 19:05:03,392 - INFO - Temperature Sensor is healthy
2026-03-24 19:05:03,395 - INFO - Pressure Sensor is healthy
2026-03-24 19:05:03,397 - INFO - Vibration Sensor is healthy
2026-03-24 19:05:03,398 - ERROR - Fuel Flow Sensor FAILED - Fuel flow interrupted
2026-03-24 19:05:03,398 - INFO - Voltage Sensor is healthy
2026-03-24 19:05:03,403 - INFO - Speed Sensor is healthy
2026-03-24 19:05:03,404 - INFO - Brake Pressure Sensor is healthy
2026-03-24 19:05:03,405 - INFO - Humidity Sensor is healthy
2026-03-24 19:05:03,411 - INFO - Track Alignment Sensor is healthy
2026-03-24 19:05:03,413 - INFO - Engine Load Sensor is healthy
2026-03-24 19:05:08,414 - INFO - Temperature Sensor is healthy
2026-03-24 19:05:08,415 - INFO - Pressure Sensor is healthy
2026-03-24 19:05:08,415 - INFO - Vibration Sensor is healthy
2026-03-24 19:05:08,416 - ERROR - Fuel Flow Sensor FAILED - Fuel flow interrupted
2026-03-24 19:05:08,416 - INFO - Voltage Sensor is healthy
2026-03-24 19:05:08,417 - INFO - Speed Sensor is healthy
2026-03-24 19:05:08,417 - INFO - Brake Pressure Sensor is healthy
2026-03-24 19:05:08,419 - INFO - Humidity Sensor is healthy
2026-03-24 19:05:08,421 - INFO - Track Alignment Sensor is healthy
2026-03-24 19:05:08,422 - INFO - Engine Load Sensor is healthy
2026-03-24 19:05:13,423 - INFO - Temperature Sensor is healthy
2026-03-24 19:05:13,424 - INFO - Pressure Sensor is healthy
2026-03-24 19:05:13,424 - INFO - Vibration Sensor is healthy
2026-03-24 19:05:13,424 - ERROR - Fuel Flow Sensor FAILED - Fuel flow interrupted
2026-03-24 19:05:13,425 - INFO - Voltage Sensor is healthy
2026-03-24 19:05:13,425 - INFO - Speed Sensor is healthy
2026-03-24 19:05:13,426 - INFO - Brake Pressure Sensor is healthy
2026-03-24 19:05:13,426 - INFO - Humidity Sensor is healthy
2026-03-24 19:05:13,427 - INFO - Track Alignment Sensor is healthy
2026-03-24 19:05:13,427 - INFO - Engine Load Sensor is healthy
2026-03-24 19:05:18,428 - INFO - Temperature Sensor is healthy
2026-03-24 19:05:18,429 - INFO - Pressure Sensor is healthy
2026-03-24 19:05:18,429 - INFO - Vibration Sensor is healthy
2026-03-24 19:05:18,430 - ERROR - Fuel Flow Sensor FAILED - Fuel flow interrupted
2026-03-24 19:05:18,430 - INFO - Voltage Sensor is healthy
2026-03-24 19:05:18,430 - INFO - Speed Sensor is healthy
2026-03-24 19:05:18,431 - INFO - Brake Pressure Sensor is healthy
2026-03-24 19:05:18,431 - INFO - Humidity Sensor is healthy
2026-03-24 19:05:18,432 - INFO - Track Alignment Sensor is healthy
2026-03-24 19:05:18,432 - INFO - Engine Load Sensor is healthy
2026-03-24 19:05:23,433 - INFO - Temperature Sensor is healthy
2026-03-24 19:05:23,434 - INFO - Pressure Sensor is healthy
2026-03-24 19:05:23,435 - INFO - Vibration Sensor is healthy
2026-03-24 19:05:23,436 - ERROR - Fuel Flow Sensor FAILED - Fuel flow interrupted
2026-03-24 19:05:23,436 - INFO - Voltage Sensor is healthy
2026-03-24 19:05:23,437 - INFO - Speed Sensor is healthy
2026-03-24 19:05:23,437 - INFO - Brake Pressure Sensor is healthy
2026-03-24 19:05:23,438 - INFO - Humidity Sensor is healthy
2026-03-24 19:05:23,438 - INFO - Track Alignment Sensor is healthy
2026-03-24 19:05:23,438 - INFO - Engine Load Sensor is healthy
2026-03-24 19:05:28,439 - INFO - Temperature Sensor is healthy
2026-03-24 19:05:28,440 - INFO - Pressure Sensor is healthy
2026-03-24 19:05:28,441 - INFO - Vibration Sensor is healthy
2026-03-24 19:05:28,441 - ERROR - Fuel Flow Sensor FAILED - Fuel flow interrupted
2026-03-24 19:05:28,442 - INFO - Voltage Sensor is healthy
2026-03-24 19:05:28,442 - INFO - Speed Sensor is healthy
2026-03-24 19:05:28,443 - INFO - Brake Pressure Sensor is healthy
2026-03-24 19:05:28,443 - INFO - Humidity Sensor is healthy
2026-03-24 19:05:28,444 - INFO - Track Alignment Sensor is healthy
2026-03-24 19:05:28,444 - INFO - Engine Load Sensor is healthy
2026-03-24 19:05:33,445 - INFO - Temperature Sensor is healthy
2026-03-24 19:05:33,446 - INFO - Pressure Sensor is healthy
2026-03-24 19:05:33,446 - INFO - Vibration Sensor is healthy
2026-03-24 19:05:33,447 - ERROR - Fuel Flow Sensor FAILED - Fuel flow interrupted
2026-03-24 19:05:33,447 - INFO - Voltage Sensor is healthy
2026-03-24 19:05:33,448 - INFO - Speed Sensor is healthy
2026-03-24 19:05:33,448 - INFO - Brake Pressure Sensor is healthy
2026-03-24 19:05:33,449 - INFO - Humidity Sensor is healthy
2026-03-24 19:05:33,449 - INFO - Track Alignment Sensor is healthy
2026-03-24 19:05:33,449 - INFO - Engine Load Sensor is healthy
2026-03-24 19:05:38,450 - INFO - Temperature Sensor is healthy
2026-03-24 19:05:38,451 - INFO - Pressure Sensor is healthy
2026-03-24 19:05:38,451 - INFO - Vibration Sensor is healthy
2026-03-24 19:05:38,452 - ERROR - Fuel Flow Sensor FAILED - Fuel flow interrupted
2026-03-24 19:05:38,452 - INFO - Voltage Sensor is healthy
2026-03-24 19:05:38,453 - INFO - Speed Sensor is healthy
2026-03-24 19:05:38,453 - INFO - Brake Pressure Sensor is healthy
2026-03-24 19:05:38,453 - INFO - Humidity Sensor is healthy
2026-03-24 19:05:38,455 - INFO - Track Alignment Sensor is healthy
2026-03-24 19:05:38,455 - INFO - Engine Load Sensor is healthy
2026-03-24 19:05:43,456 - INFO - Temperature Sensor is healthy
2026-03-24 19:05:43,457 - INFO - Pressure Sensor is healthy
2026-03-24 19:05:43,458 - INFO - Vibration Sensor is healthy
2026-03-24 19:05:43,458 - ERROR - Fuel Flow Sensor FAILED - Fuel flow interrupted
2026-03-24 19:05:43,458 - INFO - Voltage Sensor is healthy
2026-03-24 19:05:43,459 - INFO - Speed Sensor is healthy
2026-03-24 19:05:43,459 - INFO - Brake Pressure Sensor is healthy
2026-03-24 19:05:43,459 - INFO - Humidity Sensor is healthy
2026-03-24 19:05:43,460 - INFO - Track Alignment Sensor is healthy
2026-03-24 19:05:43,460 - INFO - Engine Load Sensor is healthy
2026-03-24 19:05:48,462 - INFO - Temperature Sensor is healthy
2026-03-24 19:05:48,463 - INFO - Pressure Sensor is healthy
2026-03-24 19:05:48,463 - INFO - Vibration Sensor is healthy
2026-03-24 19:05:48,464 - ERROR - Fuel Flow Sensor FAILED - Fuel flow interrupted
2026-03-24 19:05:48,464 - INFO - Voltage Sensor is healthy
2026-03-24 19:05:48,465 - INFO - Speed Sensor is healthy
2026-03-24 19:05:48,465 - INFO - Brake Pressure Sensor is healthy
2026-03-24 19:05:48,465 - INFO - Humidity Sensor is healthy
2026-03-24 19:05:48,466 - INFO - Track Alignment Sensor is healthy
2026-03-24 19:05:48,466 - INFO - Engine Load Sensor is healthy
2026-03-24 19:05:53,467 - INFO - Temperature Sensor is healthy
2026-03-24 19:05:53,468 - INFO - Pressure Sensor is healthy
2026-03-24 19:05:53,469 - INFO - Vibration Sensor is healthy
2026-03-24 19:05:53,469 - ERROR - Fuel Flow Sensor FAILED - Fuel flow interrupted
2026-03-24 19:05:53,470 - INFO - Voltage Sensor is healthy
2026-03-24 19:05:53,470 - INFO - Speed Sensor is healthy
2026-03-24 19:05:53,470 - INFO - Brake Pressure Sensor is healthy
2026-03-24 19:05:53,470 - INFO - Humidity Sensor is healthy
2026-03-24 19:05:53,471 - INFO - Track Alignment Sensor is healthy
2026-03-24 19:05:53,471 - INFO - Engine Load Sensor is healthy
2026-03-24 19:05:58,472 - INFO - Temperature Sensor is healthy
2026-03-24 19:05:58,473 - INFO - Pressure Sensor is healthy
2026-03-24 19:05:58,473 - INFO - Vibration Sensor is healthy
2026-03-24 19:05:58,473 - ERROR - Fuel Flow Sensor FAILED - Fuel flow interrupted
2026-03-24 19:05:58,474 - INFO - Voltage Sensor is healthy
2026-03-24 19:05:58,474 - INFO - Speed Sensor is healthy
2026-03-24 19:05:58,474 - INFO - Brake Pressure Sensor is healthy
2026-03-24 19:05:58,475 - INFO - Humidity Sensor is healthy
2026-03-24 19:05:58,475 - INFO - Track Alignment Sensor is healthy
2026-03-24 19:05:58,476 - INFO - Engine Load Sensor is healthy
2026-03-24 19:06:03,477 - INFO - Temperature Sensor is healthy
2026-03-24 19:06:03,478 - INFO - Pressure Sensor is healthy
2026-03-24 19:06:03,478 - INFO - Vibration Sensor is healthy
2026-03-24 19:06:03,479 - ERROR - Fuel Flow Sensor FAILED - Fuel flow interrupted
2026-03-24 19:06:03,479 - INFO - Voltage Sensor is healthy
2026-03-24 19:06:03,479 - INFO - Speed Sensor is healthy
2026-03-24 19:06:03,480 - INFO - Brake Pressure Sensor is healthy
2026-03-24 19:06:03,480 - INFO - Humidity Sensor is healthy
2026-03-24 19:06:03,480 - INFO - Track Alignment Sensor is healthy
2026-03-24 19:06:03,481 - INFO - Engine Load Sensor is healthy
2026-03-24 19:06:08,482 - INFO - Temperature Sensor is healthy
2026-03-24 19:06:08,483 - INFO - Pressure Sensor is healthy
2026-03-24 19:06:08,484 - INFO - Vibration Sensor is healthy
2026-03-24 19:06:08,485 - ERROR - Fuel Flow Sensor FAILED - Fuel flow interrupted
2026-03-24 19:06:08,485 - INFO - Voltage Sensor is healthy
2026-03-24 19:06:08,485 - INFO - Speed Sensor is healthy
2026-03-24 19:06:08,486 - INFO - Brake Pressure Sensor is healthy
2026-03-24 19:06:08,486 - INFO - Humidity Sensor is healthy
2026-03-24 19:06:08,486 - INFO - Track Alignment Sensor is healthy
2026-03-24 19:06:08,486 - INFO - Engine Load Sensor is healthy
2026-03-24 19:06:13,487 - INFO - Temperature Sensor is healthy
2026-03-24 19:06:13,488 - INFO - Pressure Sensor is healthy
2026-03-24 19:06:13,488 - INFO - Vibration Sensor is healthy
2026-03-24 19:06:13,489 - ERROR - Fuel Flow Sensor FAILED - Fuel flow interrupted
2026-03-24 19:06:13,489 - INFO - Voltage Sensor is healthy
2026-03-24 19:06:13,489 - INFO - Speed Sensor is healthy
2026-03-24 19:06:13,489 - INFO - Brake Pressure Sensor is healthy
2026-03-24 19:06:13,490 - INFO - Humidity Sensor is healthy
2026-03-24 19:06:13,490 - INFO - Track Alignment Sensor is healthy
2026-03-24 19:06:13,490 - INFO - Engine Load Sensor is healthy
2026-03-24 19:06:18,491 - INFO - Temperature Sensor is healthy
2026-03-24 19:06:18,492 - INFO - Pressure Sensor is healthy
2026-03-24 19:06:18,492 - INFO - Vibration Sensor is healthy
2026-03-24 19:06:18,493 - ERROR - Fuel Flow Sensor FAILED - Fuel flow interrupted
2026-03-24 19:06:18,493 - INFO - Voltage Sensor is healthy
2026-03-24 19:06:18,494 - INFO - Speed Sensor is healthy
2026-03-24 19:06:18,494 - INFO - Brake Pressure Sensor is healthy
2026-03-24 19:06:18,494 - INFO - Humidity Sensor is healthy
2026-03-24 19:06:18,495 - INFO - Track Alignment Sensor is healthy
2026-03-24 19:06:18,495 - INFO - Engine Load Sensor is healthy
2026-03-24 19:06:23,496 - INFO - Temperature Sensor is healthy
2026-03-24 19:06:23,497 - INFO - Pressure Sensor is healthy
2026-03-24 19:06:23,498 - INFO - Vibration Sensor is healthy
2026-03-24 19:06:23,498 - ERROR - Fuel Flow Sensor FAILED - Fuel flow interrupted
2026-03-24 19:06:23,499 - INFO - Voltage Sensor is healthy
2026-03-24 19:06:23,499 - INFO - Speed Sensor is healthy
2026-03-24 19:06:23,499 - INFO - Brake Pressure Sensor is healthy
2026-03-24 19:06:23,500 - INFO - Humidity Sensor is healthy
2026-03-24 19:06:23,500 - INFO - Track Alignment Sensor is healthy
2026-03-24 19:06:23,500 - INFO - Engine Load Sensor is healthy
2026-03-24 19:06:28,501 - INFO - Temperature Sensor is healthy
2026-03-24 19:06:28,502 - INFO - Pressure Sensor is healthy
2026-03-24 19:06:28,503 - INFO - Vibration Sensor is healthy
2026-03-24 19:06:28,503 - ERROR - Fuel Flow Sensor FAILED - Fuel flow interrupted
2026-03-24 19:06:28,504 - INFO - Voltage Sensor is healthy
2026-03-24 19:06:28,504 - INFO - Speed Sensor is healthy
2026-03-24 19:06:28,504 - INFO - Brake Pressure Sensor is healthy
2026-03-24 19:06:28,505 - INFO - Humidity Sensor is healthy
2026-03-24 19:06:28,505 - INFO - Track Alignment Sensor is healthy
2026-03-24 19:06:28,506 - INFO - Engine Load Sensor is healthy
2026-03-24 19:06:33,507 - INFO - Temperature Sensor is healthy
2026-03-24 19:06:33,508 - INFO - Pressure Sensor is healthy
2026-03-24 19:06:33,509 - INFO - Vibration Sensor is healthy
2026-03-24 19:06:33,510 - ERROR - Fuel Flow Sensor FAILED - Fuel flow interrupted
2026-03-24 19:06:33,510 - INFO - Voltage Sensor is healthy
2026-03-24 19:06:33,511 - INFO - Speed Sensor is healthy
2026-03-24 19:06:33,511 - INFO - Brake Pressure Sensor is healthy
2026-03-24 19:06:33,511 - INFO - Humidity Sensor is healthy
2026-03-24 19:06:33,512 - INFO - Track Alignment Sensor is healthy
2026-03-24 19:06:33,512 - INFO - Engine Load Sensor is healthy
2026-03-24 19:06:38,513 - INFO - Temperature Sensor is healthy
2026-03-24 19:06:38,514 - INFO - Pressure Sensor is healthy
2026-03-24 19:06:38,514 - INFO - Vibration Sensor is healthy
2026-03-24 19:06:38,515 - ERROR - Fuel Flow Sensor FAILED - Fuel flow interrupted
2026-03-24 19:06:38,516 - INFO - Voltage Sensor is healthy
2026-03-24 19:06:38,517 - INFO - Speed Sensor is healthy
2026-03-24 19:06:38,517 - INFO - Brake Pressure Sensor is healthy
2026-03-24 19:06:38,518 - INFO - Humidity Sensor is healthy
2026-03-24 19:06:38,518 - INFO - Track Alignment Sensor is healthy
2026-03-24 19:06:38,519 - INFO - Engine Load Sensor is healthy
2026-03-24 19:06:43,519 - INFO - Temperature Sensor is healthy
2026-03-24 19:06:43,520 - INFO - Pressure Sensor is healthy
2026-03-24 19:06:43,520 - INFO - Vibration Sensor is healthy
2026-03-24 19:06:43,521 - ERROR - Fuel Flow Sensor FAILED - Fuel flow interrupted
2026-03-24 19:06:43,521 - INFO - Voltage Sensor is healthy
2026-03-24 19:06:43,521 - INFO - Speed Sensor is healthy
2026-03-24 19:06:43,522 - INFO - Brake Pressure Sensor is healthy
2026-03-24 19:06:43,522 - INFO - Humidity Sensor is healthy
2026-03-24 19:06:43,522 - INFO - Track Alignment Sensor is healthy
2026-03-24 19:06:43,522 - INFO - Engine Load Sensor is healthy
2026-03-24 19:06:48,523 - INFO - Temperature Sensor is healthy
2026-03-24 19:06:48,524 - INFO - Pressure Sensor is healthy
2026-03-24 19:06:48,525 - INFO - Vibration Sensor is healthy
2026-03-24 19:06:48,525 - ERROR - Fuel Flow Sensor FAILED - Fuel flow interrupted
2026-03-24 19:06:48,526 - INFO - Voltage Sensor is healthy
2026-03-24 19:06:48,526 - INFO - Speed Sensor is healthy
2026-03-24 19:06:48,527 - INFO - Brake Pressure Sensor is healthy
2026-03-24 19:06:48,527 - INFO - Humidity Sensor is healthy
2026-03-24 19:06:48,528 - INFO - Track Alignment Sensor is healthy
2026-03-24 19:06:48,528 - INFO - Engine Load Sensor is healthy
2026-03-24 19:06:53,529 - INFO - Temperature Sensor is healthy
2026-03-24 19:06:53,530 - INFO - Pressure Sensor is healthy
2026-03-24 19:06:53,530 - INFO - Vibration Sensor is healthy
2026-03-24 19:06:53,530 - ERROR - Fuel Flow Sensor FAILED - Fuel flow interrupted
2026-03-24 19:06:53,531 - INFO - Voltage Sensor is healthy
2026-03-24 19:06:53,531 - INFO - Speed Sensor is healthy
2026-03-24 19:06:53,532 - INFO - Brake Pressure Sensor is healthy
2026-03-24 19:06:53,532 - INFO - Humidity Sensor is healthy
2026-03-24 19:06:53,533 - INFO - Track Alignment Sensor is healthy
2026-03-24 19:06:53,533 - INFO - Engine Load Sensor is healthy
2026-03-24 19:06:58,534 - INFO - Temperature Sensor is healthy
2026-03-24 19:06:58,536 - INFO - Pressure Sensor is healthy
2026-03-24 19:06:58,536 - INFO - Vibration Sensor is healthy
2026-03-24 19:06:58,537 - ERROR - Fuel Flow Sensor FAILED - Fuel flow interrupted
2026-03-24 19:06:58,537 - INFO - Voltage Sensor is healthy
2026-03-24 19:06:58,538 - INFO - Speed Sensor is healthy
2026-03-24 19:06:58,538 - INFO - Brake Pressure Sensor is healthy
2026-03-24 19:06:58,538 - INFO - Humidity Sensor is healthy
2026-03-24 19:06:58,538 - INFO - Track Alignment Sensor is healthy
2026-03-24 19:06:58,539 - INFO - Engine Load Sensor is healthy
2026-03-24 19:07:03,540 - INFO - Temperature Sensor is healthy
2026-03-24 19:07:03,541 - INFO - Pressure Sensor is healthy
2026-03-24 19:07:03,541 - INFO - Vibration Sensor is healthy
2026-03-24 19:07:03,542 - ERROR - Fuel Flow Sensor FAILED - Fuel flow interrupted
2026-03-24 19:07:03,542 - INFO - Voltage Sensor is healthy
2026-03-24 19:07:03,542 - INFO - Speed Sensor is healthy
2026-03-24 19:07:03,542 - INFO - Brake Pressure Sensor is healthy
2026-03-24 19:07:03,542 - INFO - Humidity Sensor is healthy
2026-03-24 19:07:03,543 - INFO - Track Alignment Sensor is healthy
2026-03-24 19:07:03,543 - INFO - Engine Load Sensor is healthy
2026-03-24 19:07:08,544 - INFO - Temperature Sensor is healthy
2026-03-24 19:07:08,545 - INFO - Pressure Sensor is healthy
2026-03-24 19:07:08,545 - INFO - Vibration Sensor is healthy
2026-03-24 19:07:08,546 - ERROR - Fuel Flow Sensor FAILED - Fuel flow interrupted
2026-03-24 19:07:08,546 - INFO - Voltage Sensor is healthy
2026-03-24 19:07:08,546 - INFO - Speed Sensor is healthy
2026-03-24 19:07:08,547 - INFO - Brake Pressure Sensor is healthy
2026-03-24 19:07:08,547 - INFO - Humidity Sensor is healthy
2026-03-24 19:07:08,548 - INFO - Track Alignment Sensor is healthy
2026-03-24 19:07:08,548 - INFO - Engine Load Sensor is healthy
2026-03-24 19:07:13,549 - INFO - Temperature Sensor is healthy
2026-03-24 19:07:13,550 - INFO - Pressure Sensor is healthy
2026-03-24 19:07:13,551 - INFO - Vibration Sensor is healthy
2026-03-24 19:07:13,551 - ERROR - Fuel Flow Sensor FAILED - Fuel flow interrupted
2026-03-24 19:07:13,552 - INFO - Voltage Sensor is healthy
2026-03-24 19:07:13,552 - INFO - Speed Sensor is healthy
2026-03-24 19:07:13,553 - INFO - Brake Pressure Sensor is healthy
2026-03-24 19:07:13,553 - INFO - Humidity Sensor is healthy
2026-03-24 19:07:13,553 - INFO - Track Alignment Sensor is healthy
2026-03-24 19:07:13,554 - INFO - Engine Load Sensor is healthy
2026-03-24 19:07:18,555 - INFO - Temperature Sensor is healthy
2026-03-24 19:07:18,556 - INFO - Pressure Sensor is healthy
2026-03-24 19:07:18,556 - INFO - Vibration Sensor is healthy
2026-03-24 19:07:18,556 - ERROR - Fuel Flow Sensor FAILED - Fuel flow interrupted
2026-03-24 19:07:18,557 - INFO - Voltage Sensor is healthy
2026-03-24 19:07:18,557 - INFO - Speed Sensor is healthy
2026-03-24 19:07:18,558 - INFO - Brake Pressure Sensor is healthy
2026-03-24 19:07:18,558 - INFO - Humidity Sensor is healthy
2026-03-24 19:07:18,558 - INFO - Track Alignment Sensor is healthy
2026-03-24 19:07:18,559 - INFO - Engine Load Sensor is healthy
2026-03-24 19:07:23,561 - INFO - Temperature Sensor is healthy
2026-03-24 19:07:23,561 - INFO - Pressure Sensor is healthy
2026-03-24 19:07:23,562 - INFO - Vibration Sensor is healthy
2026-03-24 19:07:23,563 - ERROR - Fuel Flow Sensor FAILED - Fuel flow interrupted
2026-03-24 19:07:23,563 - INFO - Voltage Sensor is healthy
2026-03-24 19:07:23,564 - INFO - Speed Sensor is healthy
2026-03-24 19:07:23,564 - INFO - Brake Pressure Sensor is healthy
2026-03-24 19:07:23,564 - INFO - Humidity Sensor is healthy
2026-03-24 19:07:23,564 - INFO - Track Alignment Sensor is healthy
2026-03-24 19:07:23,565 - INFO - Engine Load Sensor is healthy
2026-03-24 19:07:28,566 - INFO - Temperature Sensor is healthy
2026-03-24 19:07:28,567 - INFO - Pressure Sensor is healthy
2026-03-24 19:07:28,567 - INFO - Vibration Sensor is healthy
2026-03-24 19:07:28,568 - ERROR - Fuel Flow Sensor FAILED - Fuel flow interrupted
2026-03-24 19:07:28,568 - INFO - Voltage Sensor is healthy
2026-03-24 19:07:28,569 - INFO - Speed Sensor is healthy
2026-03-24 19:07:28,569 - INFO - Brake Pressure Sensor is healthy
2026-03-24 19:07:28,569 - INFO - Humidity Sensor is healthy
2026-03-24 19:07:28,570 - INFO - Track Alignment Sensor is healthy
2026-03-24 19:07:28,570 - INFO - Engine Load Sensor is healthy
2026-03-24 19:07:33,571 - INFO - Temperature Sensor is healthy
2026-03-24 19:07:33,572 - INFO - Pressure Sensor is healthy
2026-03-24 19:07:33,572 - INFO - Vibration Sensor is healthy
2026-03-24 19:07:33,572 - ERROR - Fuel Flow Sensor FAILED - Fuel flow interrupted
2026-03-24 19:07:33,573 - INFO - Voltage Sensor is healthy
2026-03-24 19:07:33,573 - INFO - Speed Sensor is healthy
2026-03-24 19:07:33,573 - INFO - Brake Pressure Sensor is healthy
2026-03-24 19:07:33,574 - INFO - Humidity Sensor is healthy
2026-03-24 19:07:33,574 - INFO - Track Alignment Sensor is healthy
2026-03-24 19:07:33,575 - INFO - Engine Load Sensor is healthy
2026-03-24 19:07:38,576 - INFO - Temperature Sensor is healthy
2026-03-24 19:07:38,577 - INFO - Pressure Sensor is healthy
2026-03-24 19:07:38,578 - INFO - Vibration Sensor is healthy
2026-03-24 19:07:38,579 - ERROR - Fuel Flow Sensor FAILED - Fuel flow interrupted
2026-03-24 19:07:38,579 - INFO - Voltage Sensor is healthy
2026-03-24 19:07:38,580 - INFO - Speed Sensor is healthy
2026-03-24 19:07:38,581 - INFO - Brake Pressure Sensor is healthy
2026-03-24 19:07:38,581 - INFO - Humidity Sensor is healthy
2026-03-24 19:07:38,581 - INFO - Track Alignment Sensor is healthy
2026-03-24 19:07:38,582 - INFO - Engine Load Sensor is healthy
2026-03-24 19:07:43,583 - INFO - Temperature Sensor is healthy
2026-03-24 19:07:43,585 - INFO - Pressure Sensor is healthy
2026-03-24 19:07:43,586 - INFO - Vibration Sensor is healthy
2026-03-24 19:07:43,587 - ERROR - Fuel Flow Sensor FAILED - Fuel flow interrupted
2026-03-24 19:07:43,588 - INFO - Voltage Sensor is healthy
2026-03-24 19:07:43,588 - INFO - Speed Sensor is healthy
2026-03-24 19:07:43,588 - INFO - Brake Pressure Sensor is healthy
2026-03-24 19:07:43,589 - INFO - Humidity Sensor is healthy
2026-03-24 19:07:43,589 - INFO - Track Alignment Sensor is healthy
2026-03-24 19:07:43,589 - INFO - Engine Load Sensor is healthy
2026-03-24 19:07:48,591 - INFO - Temperature Sensor is healthy
2026-03-24 19:07:48,591 - INFO - Pressure Sensor is healthy
2026-03-24 19:07:48,592 - INFO - Vibration Sensor is healthy
2026-03-24 19:07:48,592 - ERROR - Fuel Flow Sensor FAILED - Fuel flow interrupted
2026-03-24 19:07:48,593 - INFO - Voltage Sensor is healthy
2026-03-24 19:07:48,593 - INFO - Speed Sensor is healthy
2026-03-24 19:07:48,593 - INFO - Brake Pressure Sensor is healthy
2026-03-24 19:07:48,594 - INFO - Humidity Sensor is healthy
2026-03-24 19:07:48,594 - INFO - Track Alignment Sensor is healthy
2026-03-24 19:07:48,594 - INFO - Engine Load Sensor is healthy
2026-03-24 19:07:53,596 - INFO - Temperature Sensor is healthy
2026-03-24 19:07:53,597 - INFO - Pressure Sensor is healthy
2026-03-24 19:07:53,597 - INFO - Vibration Sensor is healthy
2026-03-24 19:07:53,597 - ERROR - Fuel Flow Sensor FAILED - Fuel flow interrupted
2026-03-24 19:07:53,597 - INFO - Voltage Sensor is healthy
2026-03-24 19:07:53,598 - INFO - Speed Sensor is healthy
2026-03-24 19:07:53,598 - INFO - Brake Pressure Sensor is healthy
2026-03-24 19:07:53,598 - INFO - Humidity Sensor is healthy
2026-03-24 19:07:53,598 - INFO - Track Alignment Sensor is healthy
2026-03-24 19:07:53,599 - INFO - Engine Load Sensor is healthy
2026-03-24 19:07:58,600 - INFO - Temperature Sensor is healthy
2026-03-24 19:07:58,601 - INFO - Pressure Sensor is healthy
2026-03-24 19:07:58,601 - INFO - Vibration Sensor is healthy
2026-03-24 19:07:58,602 - ERROR - Fuel Flow Sensor FAILED - Fuel flow interrupted
2026-03-24 19:07:58,602 - INFO - Voltage Sensor is healthy
2026-03-24 19:07:58,602 - INFO - Speed Sensor is healthy
2026-03-24 19:07:58,603 - INFO - Brake Pressure Sensor is healthy
2026-03-24 19:07:58,603 - INFO - Humidity Sensor is healthy
2026-03-24 19:07:58,603 - INFO - Track Alignment Sensor is healthy
2026-03-24 19:07:58,604 - INFO - Engine Load Sensor is healthy
2026-03-24 19:08:03,605 - INFO - Temperature Sensor is healthy
2026-03-24 19:08:03,606 - INFO - Pressure Sensor is healthy
2026-03-24 19:08:03,606 - INFO - Vibration Sensor is healthy
2026-03-24 19:08:03,607 - ERROR - Fuel Flow Sensor FAILED - Fuel flow interrupted
2026-03-24 19:08:03,607 - INFO - Voltage Sensor is healthy
2026-03-24 19:08:03,608 - INFO - Speed Sensor is healthy
2026-03-24 19:08:03,608 - INFO - Brake Pressure Sensor is healthy
2026-03-24 19:08:03,609 - INFO - Humidity Sensor is healthy
2026-03-24 19:08:03,609 - INFO - Track Alignment Sensor is healthy
2026-03-24 19:08:03,610 - INFO - Engine Load Sensor is healthy
2026-03-24 19:08:08,611 - INFO - Temperature Sensor is healthy
2026-03-24 19:08:08,612 - INFO - Pressure Sensor is healthy
2026-03-24 19:08:08,612 - INFO - Vibration Sensor is healthy
2026-03-24 19:08:08,613 - ERROR - Fuel Flow Sensor FAILED - Fuel flow interrupted
2026-03-24 19:08:08,613 - INFO - Voltage Sensor is healthy
2026-03-24 19:08:08,614 - INFO - Speed Sensor is healthy
2026-03-24 19:08:08,614 - INFO - Brake Pressure Sensor is healthy
2026-03-24 19:08:08,614 - INFO - Humidity Sensor is healthy
2026-03-24 19:08:08,615 - INFO - Track Alignment Sensor is healthy
2026-03-24 19:08:08,615 - INFO - Engine Load Sensor is healthy
2026-03-24 19:08:13,616 - INFO - Temperature Sensor is healthy
2026-03-24 19:08:13,618 - INFO - Pressure Sensor is healthy
2026-03-24 19:08:13,618 - INFO - Vibration Sensor is healthy
2026-03-24 19:08:13,618 - ERROR - Fuel Flow Sensor FAILED - Fuel flow interrupted
2026-03-24 19:08:13,619 - INFO - Voltage Sensor is healthy
2026-03-24 19:08:13,619 - INFO - Speed Sensor is healthy
2026-03-24 19:08:13,619 - INFO - Brake Pressure Sensor is healthy
2026-03-24 19:08:13,620 - INFO - Humidity Sensor is healthy
2026-03-24 19:08:13,620 - INFO - Track Alignment Sensor is healthy
2026-03-24 19:08:13,621 - INFO - Engine Load Sensor is healthy
2026-03-24 19:08:18,622 - INFO - Temperature Sensor is healthy
2026-03-24 19:08:18,623 - INFO - Pressure Sensor is healthy
2026-03-24 19:08:18,623 - INFO - Vibration Sensor is healthy
2026-03-24 19:08:18,623 - ERROR - Fuel Flow Sensor FAILED - Fuel flow interrupted
2026-03-24 19:08:18,624 - INFO - Voltage Sensor is healthy
2026-03-24 19:08:18,624 - INFO - Speed Sensor is healthy
2026-03-24 19:08:18,624 - INFO - Brake Pressure Sensor is healthy
2026-03-24 19:08:18,625 - INFO - Humidity Sensor is healthy
2026-03-24 19:08:18,625 - INFO - Track Alignment Sensor is healthy
2026-03-24 19:08:18,625 - INFO - Engine Load Sensor is healthy
2026-03-24 19:08:23,626 - INFO - Temperature Sensor is healthy
2026-03-24 19:08:23,627 - INFO - Pressure Sensor is healthy
2026-03-24 19:08:23,627 - INFO - Vibration Sensor is healthy
2026-03-24 19:08:23,627 - ERROR - Fuel Flow Sensor FAILED - Fuel flow interrupted
2026-03-24 19:08:23,628 - INFO - Voltage Sensor is healthy
2026-03-24 19:08:23,628 - INFO - Speed Sensor is healthy
2026-03-24 19:08:23,629 - INFO - Brake Pressure Sensor is healthy
2026-03-24 19:08:23,629 - INFO - Humidity Sensor is healthy
2026-03-24 19:08:23,629 - INFO - Track Alignment Sensor is healthy
2026-03-24 19:08:23,630 - INFO - Engine Load Sensor is healthy
2026-03-24 19:08:28,631 - INFO - Temperature Sensor is healthy
2026-03-24 19:08:28,632 - INFO - Pressure Sensor is healthy
2026-03-24 19:08:28,632 - INFO - Vibration Sensor is healthy
2026-03-24 19:08:28,632 - ERROR - Fuel Flow Sensor FAILED - Fuel flow interrupted
2026-03-24 19:08:28,633 - INFO - Voltage Sensor is healthy
2026-03-24 19:08:28,633 - INFO - Speed Sensor is healthy
2026-03-24 19:08:28,633 - INFO - Brake Pressure Sensor is healthy
2026-03-24 19:08:28,634 - INFO - Humidity Sensor is healthy
2026-03-24 19:08:28,634 - INFO - Track Alignment Sensor is healthy
2026-03-24 19:08:28,635 - INFO - Engine Load Sensor is healthy
2026-03-24 19:08:33,636 - INFO - Temperature Sensor is healthy
2026-03-24 19:08:33,636 - INFO - Pressure Sensor is healthy
2026-03-24 19:08:33,637 - INFO - Vibration Sensor is healthy
2026-03-24 19:08:33,637 - ERROR - Fuel Flow Sensor FAILED - Fuel flow interrupted
2026-03-24 19:08:33,638 - INFO - Voltage Sensor is healthy
2026-03-24 19:08:33,638 - INFO - Speed Sensor is healthy
2026-03-24 19:08:33,638 - INFO - Brake Pressure Sensor is healthy
2026-03-24 19:08:33,639 - INFO - Humidity Sensor is healthy
2026-03-24 19:08:33,639 - INFO - Track Alignment Sensor is healthy
2026-03-24 19:08:33,639 - INFO - Engine Load Sensor is healthy
2026-03-24 19:08:38,640 - INFO - Temperature Sensor is healthy
2026-03-24 19:08:38,642 - INFO - Pressure Sensor is healthy
2026-03-24 19:08:38,642 - INFO - Vibration Sensor is healthy
2026-03-24 19:08:38,643 - ERROR - Fuel Flow Sensor FAILED - Fuel flow interrupted
2026-03-24 19:08:38,643 - INFO - Voltage Sensor is healthy
2026-03-24 19:08:38,643 - INFO - Speed Sensor is healthy
2026-03-24 19:08:38,644 - INFO - Brake Pressure Sensor is healthy
2026-03-24 19:08:38,644 - INFO - Humidity Sensor is healthy
2026-03-24 19:08:38,645 - INFO - Track Alignment Sensor is healthy
2026-03-24 19:08:38,645 - INFO - Engine Load Sensor is healthy
2026-03-24 19:08:43,646 - INFO - Temperature Sensor is healthy
2026-03-24 19:08:43,647 - INFO - Pressure Sensor is healthy
2026-03-24 19:08:43,648 - INFO - Vibration Sensor is healthy
2026-03-24 19:08:43,649 - ERROR - Fuel Flow Sensor FAILED - Fuel flow interrupted
2026-03-24 19:08:43,649 - INFO - Voltage Sensor is healthy
2026-03-24 19:08:43,649 - INFO - Speed Sensor is healthy
2026-03-24 19:08:43,650 - INFO - Brake Pressure Sensor is healthy
2026-03-24 19:08:43,650 - INFO - Humidity Sensor is healthy
2026-03-24 19:08:43,650 - INFO - Track Alignment Sensor is healthy
2026-03-24 19:08:43,651 - INFO - Engine Load Sensor is healthy
2026-03-24 19:08:48,651 - INFO - Temperature Sensor is healthy
2026-03-24 19:08:48,652 - INFO - Pressure Sensor is healthy
2026-03-24 19:08:48,653 - INFO - Vibration Sensor is healthy
2026-03-24 19:08:48,653 - ERROR - Fuel Flow Sensor FAILED - Fuel flow interrupted
2026-03-24 19:08:48,653 - INFO - Voltage Sensor is healthy
2026-03-24 19:08:48,654 - INFO - Speed Sensor is healthy
2026-03-24 19:08:48,654 - INFO - Brake Pressure Sensor is healthy
2026-03-24 19:08:48,654 - INFO - Humidity Sensor is healthy
2026-03-24 19:08:48,654 - INFO - Track Alignment Sensor is healthy
2026-03-24 19:08:48,655 - INFO - Engine Load Sensor is healthy
2026-03-24 19:08:53,655 - INFO - Temperature Sensor is healthy
2026-03-24 19:08:53,656 - INFO - Pressure Sensor is healthy
2026-03-24 19:08:53,656 - INFO - Vibration Sensor is healthy
2026-03-24 19:08:53,657 - ERROR - Fuel Flow Sensor FAILED - Fuel flow interrupted
2026-03-24 19:08:53,657 - INFO - Voltage Sensor is healthy
2026-03-24 19:08:53,657 - INFO - Speed Sensor is healthy
2026-03-24 19:08:53,658 - INFO - Brake Pressure Sensor is healthy
2026-03-24 19:08:53,658 - INFO - Humidity Sensor is healthy
2026-03-24 19:08:53,658 - INFO - Track Alignment Sensor is healthy
2026-03-24 19:08:53,658 - INFO - Engine Load Sensor is healthy
2026-03-24 19:08:58,659 - INFO - Temperature Sensor is healthy
2026-03-24 19:08:58,661 - INFO - Pressure Sensor is healthy
2026-03-24 19:08:58,662 - INFO - Vibration Sensor is healthy
2026-03-24 19:08:58,663 - ERROR - Fuel Flow Sensor FAILED - Fuel flow interrupted
2026-03-24 19:08:58,663 - INFO - Voltage Sensor is healthy
2026-03-24 19:08:58,664 - INFO - Speed Sensor is healthy
2026-03-24 19:08:58,664 - INFO - Brake Pressure Sensor is healthy
2026-03-24 19:08:58,665 - INFO - Humidity Sensor is healthy
2026-03-24 19:08:58,665 - INFO - Track Alignment Sensor is healthy
2026-03-24 19:08:58,666 - INFO - Engine Load Sensor is healthy
2026-03-24 19:09:03,667 - INFO - Temperature Sensor is healthy
2026-03-24 19:09:03,668 - INFO - Pressure Sensor is healthy
2026-03-24 19:09:03,669 - INFO - Vibration Sensor is healthy
2026-03-24 19:09:03,671 - ERROR - Fuel Flow Sensor FAILED - Fuel flow interrupted
2026-03-24 19:09:03,671 - INFO - Voltage Sensor is healthy
2026-03-24 19:09:03,672 - INFO - Speed Sensor is healthy
2026-03-24 19:09:03,672 - INFO - Brake Pressure Sensor is healthy
2026-03-24 19:09:03,673 - INFO - Humidity Sensor is healthy
2026-03-24 19:09:03,675 - INFO - Track Alignment Sensor is healthy
2026-03-24 19:09:03,675 - INFO - Engine Load Sensor is healthy
2026-03-24 19:09:08,677 - INFO - Temperature Sensor is healthy
2026-03-24 19:09:08,678 - INFO - Pressure Sensor is healthy
2026-03-24 19:09:08,678 - INFO - Vibration Sensor is healthy
2026-03-24 19:09:08,679 - ERROR - Fuel Flow Sensor FAILED - Fuel flow interrupted
2026-03-24 19:09:08,679 - INFO - Voltage Sensor is healthy
2026-03-24 19:09:08,680 - INFO - Speed Sensor is healthy
2026-03-24 19:09:08,680 - INFO - Brake Pressure Sensor is healthy
2026-03-24 19:09:08,681 - INFO - Humidity Sensor is healthy
2026-03-24 19:09:08,681 - INFO - Track Alignment Sensor is healthy
2026-03-24 19:09:08,681 - INFO - Engine Load Sensor is healthy
2026-03-24 19:09:13,682 - INFO - Temperature Sensor is healthy
2026-03-24 19:09:13,683 - INFO - Pressure Sensor is healthy
2026-03-24 19:09:13,683 - INFO - Vibration Sensor is healthy
2026-03-24 19:09:13,684 - ERROR - Fuel Flow Sensor FAILED - Fuel flow interrupted
2026-03-24 19:09:13,684 - INFO - Voltage Sensor is healthy
2026-03-24 19:09:13,685 - INFO - Speed Sensor is healthy
2026-03-24 19:09:13,685 - INFO - Brake Pressure Sensor is healthy
2026-03-24 19:09:13,685 - INFO - Humidity Sensor is healthy
2026-03-24 19:09:13,686 - INFO - Track Alignment Sensor is healthy
2026-03-24 19:09:13,686 - INFO - Engine Load Sensor is healthy
2026-03-24 19:09:18,687 - INFO - Temperature Sensor is healthy
2026-03-24 19:09:18,688 - INFO - Pressure Sensor is healthy
2026-03-24 19:09:18,688 - INFO - Vibration Sensor is healthy
2026-03-24 19:09:18,688 - ERROR - Fuel Flow Sensor FAILED - Fuel flow interrupted
2026-03-24 19:09:18,689 - INFO - Voltage Sensor is healthy
2026-03-24 19:09:18,689 - INFO - Speed Sensor is healthy
2026-03-24 19:09:18,690 - INFO - Brake Pressure Sensor is healthy
2026-03-24 19:09:18,690 - INFO - Humidity Sensor is healthy
2026-03-24 19:09:18,690 - INFO - Track Alignment Sensor is healthy
2026-03-24 19:09:18,691 - INFO - Engine Load Sensor is healthy
2026-03-24 19:09:23,692 - INFO - Temperature Sensor is healthy
2026-03-24 19:09:23,693 - INFO - Pressure Sensor is healthy
2026-03-24 19:09:23,693 - INFO - Vibration Sensor is healthy
2026-03-24 19:09:23,694 - ERROR - Fuel Flow Sensor FAILED - Fuel flow interrupted
2026-03-24 19:09:23,694 - INFO - Voltage Sensor is healthy
2026-03-24 19:09:23,695 - INFO - Speed Sensor is healthy
2026-03-24 19:09:23,695 - INFO - Brake Pressure Sensor is healthy
2026-03-24 19:09:23,695 - INFO - Humidity Sensor is healthy
2026-03-24 19:09:23,696 - INFO - Track Alignment Sensor is healthy
2026-03-24 19:09:23,696 - INFO - Engine Load Sensor is healthy
2026-03-24 19:09:28,697 - INFO - Temperature Sensor is healthy
2026-03-24 19:09:28,698 - INFO - Pressure Sensor is healthy
2026-03-24 19:09:28,698 - INFO - Vibration Sensor is healthy
2026-03-24 19:09:28,698 - ERROR - Fuel Flow Sensor FAILED - Fuel flow interrupted
2026-03-24 19:09:28,699 - INFO - Voltage Sensor is healthy
2026-03-24 19:09:28,700 - INFO - Speed Sensor is healthy
2026-03-24 19:09:28,700 - INFO - Brake Pressure Sensor is healthy
2026-03-24 19:09:28,700 - INFO - Humidity Sensor is healthy
2026-03-24 19:09:28,701 - INFO - Track Alignment Sensor is healthy
2026-03-24 19:09:28,701 - INFO - Engine Load Sensor is healthy
2026-03-24 19:09:33,702 - INFO - Temperature Sensor is healthy
2026-03-24 19:09:33,703 - INFO - Pressure Sensor is healthy
2026-03-24 19:09:33,703 - INFO - Vibration Sensor is healthy
2026-03-24 19:09:33,704 - ERROR - Fuel Flow Sensor FAILED - Fuel flow interrupted
2026-03-24 19:09:33,704 - INFO - Voltage Sensor is healthy
2026-03-24 19:09:33,704 - INFO - Speed Sensor is healthy
2026-03-24 19:09:33,704 - INFO - Brake Pressure Sensor is healthy
2026-03-24 19:09:33,705 - INFO - Humidity Sensor is healthy
2026-03-24 19:09:33,705 - INFO - Track Alignment Sensor is healthy
2026-03-24 19:09:33,705 - INFO - Engine Load Sensor is healthy
2026-03-24 19:09:38,706 - INFO - Temperature Sensor is healthy
2026-03-24 19:09:38,707 - INFO - Pressure Sensor is healthy
2026-03-24 19:09:38,708 - INFO - Vibration Sensor is healthy
2026-03-24 19:09:38,708 - ERROR - Fuel Flow Sensor FAILED - Fuel flow interrupted
2026-03-24 19:09:38,709 - INFO - Voltage Sensor is healthy
2026-03-24 19:09:38,710 - INFO - Speed Sensor is healthy
2026-03-24 19:09:38,710 - INFO - Brake Pressure Sensor is healthy
2026-03-24 19:09:38,711 - INFO - Humidity Sensor is healthy
2026-03-24 19:09:38,711 - INFO - Track Alignment Sensor is healthy
2026-03-24 19:09:38,712 - INFO - Engine Load Sensor is healthy
2026-03-24 19:09:43,713 - INFO - Temperature Sensor is healthy
2026-03-24 19:09:43,714 - INFO - Pressure Sensor is healthy
2026-03-24 19:09:43,714 - INFO - Vibration Sensor is healthy
2026-03-24 19:09:43,715 - ERROR - Fuel Flow Sensor FAILED - Fuel flow interrupted
2026-03-24 19:09:43,716 - INFO - Voltage Sensor is healthy
2026-03-24 19:09:43,716 - INFO - Speed Sensor is healthy
2026-03-24 19:09:43,717 - INFO - Brake Pressure Sensor is healthy
2026-03-24 19:09:43,717 - INFO - Humidity Sensor is healthy
2026-03-24 19:09:43,717 - INFO - Track Alignment Sensor is healthy
2026-03-24 19:09:43,718 - INFO - Engine Load Sensor is healthy
2026-03-24 19:09:48,719 - INFO - Temperature Sensor is healthy
2026-03-24 19:09:48,720 - INFO - Pressure Sensor is healthy
2026-03-24 19:09:48,720 - INFO - Vibration Sensor is healthy
2026-03-24 19:09:48,720 - ERROR - Fuel Flow Sensor FAILED - Fuel flow interrupted
2026-03-24 19:09:48,721 - INFO - Voltage Sensor is healthy
2026-03-24 19:09:48,721 - INFO - Speed Sensor is healthy
2026-03-24 19:09:48,722 - INFO - Brake Pressure Sensor is healthy
2026-03-24 19:09:48,722 - INFO - Humidity Sensor is healthy
2026-03-24 19:09:48,722 - INFO - Track Alignment Sensor is healthy
2026-03-24 19:09:48,723 - INFO - Engine Load Sensor is healthy
2026-03-24 19:09:53,724 - INFO - Temperature Sensor is healthy
2026-03-24 19:09:53,725 - INFO - Pressure Sensor is healthy
2026-03-24 19:09:53,725 - INFO - Vibration Sensor is healthy
2026-03-24 19:09:53,725 - ERROR - Fuel Flow Sensor FAILED - Fuel flow interrupted
2026-03-24 19:09:53,726 - INFO - Voltage Sensor is healthy
2026-03-24 19:09:53,726 - INFO - Speed Sensor is healthy
2026-03-24 19:09:53,727 - INFO - Brake Pressure Sensor is healthy
2026-03-24 19:09:53,727 - INFO - Humidity Sensor is healthy
2026-03-24 19:09:53,727 - INFO - Track Alignment Sensor is healthy
2026-03-24 19:09:53,727 - INFO - Engine Load Sensor is healthy
2026-03-24 19:09:58,728 - INFO - Temperature Sensor is healthy
2026-03-24 19:09:58,729 - INFO - Pressure Sensor is healthy
2026-03-24 19:09:58,730 - INFO - Vibration Sensor is healthy
2026-03-24 19:09:58,731 - ERROR - Fuel Flow Sensor FAILED - Fuel flow interrupted
2026-03-24 19:09:58,733 - INFO - Voltage Sensor is healthy
2026-03-24 19:09:58,734 - INFO - Speed Sensor is healthy
2026-03-24 19:09:58,736 - INFO - Brake Pressure Sensor is healthy
2026-03-24 19:09:58,737 - INFO - Humidity Sensor is healthy
2026-03-24 19:09:58,738 - INFO - Track Alignment Sensor is healthy
2026-03-24 19:09:58,738 - INFO - Engine Load Sensor is healthy
2026-03-24 19:10:03,742 - INFO - Temperature Sensor is healthy
2026-03-24 19:10:03,743 - INFO - Pressure Sensor is healthy
2026-03-24 19:10:03,744 - INFO - Vibration Sensor is healthy
2026-03-24 19:10:03,744 - ERROR - Fuel Flow Sensor FAILED - Fuel flow interrupted
2026-03-24 19:10:03,745 - INFO - Voltage Sensor is healthy
2026-03-24 19:10:03,745 - INFO - Speed Sensor is healthy
2026-03-24 19:10:03,745 - INFO - Brake Pressure Sensor is healthy
2026-03-24 19:10:03,746 - INFO - Humidity Sensor is healthy
2026-03-24 19:10:03,746 - INFO - Track Alignment Sensor is healthy
2026-03-24 19:10:03,746 - INFO - Engine Load Sensor is healthy
2026-03-24 19:10:08,748 - INFO - Temperature Sensor is healthy
2026-03-24 19:10:08,748 - INFO - Pressure Sensor is healthy
2026-03-24 19:10:08,749 - INFO - Vibration Sensor is healthy
2026-03-24 19:10:08,749 - ERROR - Fuel Flow Sensor FAILED - Fuel flow interrupted
2026-03-24 19:10:08,750 - INFO - Voltage Sensor is healthy
2026-03-24 19:10:08,750 - INFO - Speed Sensor is healthy
2026-03-24 19:10:08,751 - INFO - Brake Pressure Sensor is healthy
2026-03-24 19:10:08,751 - INFO - Humidity Sensor is healthy
2026-03-24 19:10:08,752 - INFO - Track Alignment Sensor is healthy
2026-03-24 19:10:08,752 - INFO - Engine Load Sensor is healthy
2026-03-24 19:10:13,753 - INFO - Temperature Sensor is healthy
2026-03-24 19:10:13,754 - INFO - Pressure Sensor is healthy
2026-03-24 19:10:13,754 - INFO - Vibration Sensor is healthy
2026-03-24 19:10:13,755 - ERROR - Fuel Flow Sensor FAILED - Fuel flow interrupted
2026-03-24 19:10:13,755 - INFO - Voltage Sensor is healthy
2026-03-24 19:10:13,755 - INFO - Speed Sensor is healthy
2026-03-24 19:10:13,756 - INFO - Brake Pressure Sensor is healthy
2026-03-24 19:10:13,756 - INFO - Humidity Sensor is healthy
2026-03-24 19:10:13,756 - INFO - Track Alignment Sensor is healthy
2026-03-24 19:10:13,757 - INFO - Engine Load Sensor is healthy
2026-03-24 19:10:18,757 - INFO - Temperature Sensor is healthy
2026-03-24 19:10:18,758 - INFO - Pressure Sensor is healthy
2026-03-24 19:10:18,758 - INFO - Vibration Sensor is healthy
2026-03-24 19:10:18,759 - ERROR - Fuel Flow Sensor FAILED - Fuel flow interrupted
2026-03-24 19:10:18,760 - INFO - Voltage Sensor is healthy
2026-03-24 19:10:18,760 - INFO - Speed Sensor is healthy
2026-03-24 19:10:18,761 - INFO - Brake Pressure Sensor is healthy
2026-03-24 19:10:18,762 - INFO - Humidity Sensor is healthy
2026-03-24 19:10:18,762 - INFO - Track Alignment Sensor is healthy
2026-03-24 19:10:18,763 - INFO - Engine Load Sensor is healthy
2026-03-24 19:10:23,764 - INFO - Temperature Sensor is healthy
2026-03-24 19:10:23,765 - INFO - Pressure Sensor is healthy
2026-03-24 19:10:23,766 - INFO - Vibration Sensor is healthy
2026-03-24 19:10:23,767 - ERROR - Fuel Flow Sensor FAILED - Fuel flow interrupted
2026-03-24 19:10:23,767 - INFO - Voltage Sensor is healthy
2026-03-24 19:10:23,768 - INFO - Speed Sensor is healthy
2026-03-24 19:10:23,768 - INFO - Brake Pressure Sensor is healthy
2026-03-24 19:10:23,769 - INFO - Humidity Sensor is healthy
2026-03-24 19:10:23,769 - INFO - Track Alignment Sensor is healthy
2026-03-24 19:10:23,770 - INFO - Engine Load Sensor is healthy
2026-03-24 19:10:28,771 - INFO - Temperature Sensor is healthy
2026-03-24 19:10:28,771 - INFO - Pressure Sensor is healthy
2026-03-24 19:10:28,772 - INFO - Vibration Sensor is healthy
2026-03-24 19:10:28,772 - ERROR - Fuel Flow Sensor FAILED - Fuel flow interrupted
2026-03-24 19:10:28,772 - INFO - Voltage Sensor is healthy
2026-03-24 19:10:28,773 - INFO - Speed Sensor is healthy
2026-03-24 19:10:28,773 - INFO - Brake Pressure Sensor is healthy
2026-03-24 19:10:28,774 - INFO - Humidity Sensor is healthy
2026-03-24 19:10:28,774 - INFO - Track Alignment Sensor is healthy
2026-03-24 19:10:28,776 - INFO - Engine Load Sensor is healthy
2026-03-24 19:10:33,777 - INFO - Temperature Sensor is healthy
2026-03-24 19:10:33,778 - INFO - Pressure Sensor is healthy
2026-03-24 19:10:33,778 - INFO - Vibration Sensor is healthy
2026-03-24 19:10:33,779 - ERROR - Fuel Flow Sensor FAILED - Fuel flow interrupted
2026-03-24 19:10:33,779 - INFO - Voltage Sensor is healthy
2026-03-24 19:10:33,779 - INFO - Speed Sensor is healthy
2026-03-24 19:10:33,780 - INFO - Brake Pressure Sensor is healthy
2026-03-24 19:10:33,780 - INFO - Humidity Sensor is healthy
2026-03-24 19:10:33,780 - INFO - Track Alignment Sensor is healthy
2026-03-24 19:10:33,781 - INFO - Engine Load Sensor is healthy
2026-03-24 19:10:38,782 - INFO - Temperature Sensor is healthy
2026-03-24 19:10:38,783 - INFO - Pressure Sensor is healthy
2026-03-24 19:10:38,783 - INFO - Vibration Sensor is healthy
2026-03-24 19:10:38,784 - ERROR - Fuel Flow Sensor FAILED - Fuel flow interrupted
2026-03-24 19:10:38,784 - INFO - Voltage Sensor is healthy
2026-03-24 19:10:38,785 - INFO - Speed Sensor is healthy
2026-03-24 19:10:38,785 - INFO - Brake Pressure Sensor is healthy
2026-03-24 19:10:38,785 - INFO - Humidity Sensor is healthy
2026-03-24 19:10:38,786 - INFO - Track Alignment Sensor is healthy
2026-03-24 19:10:38,786 - INFO - Engine Load Sensor is healthy
2026-03-24 19:10:43,787 - INFO - Temperature Sensor is healthy
2026-03-24 19:10:43,806 - INFO - Pressure Sensor is healthy
2026-03-24 19:10:43,807 - INFO - Vibration Sensor is healthy
2026-03-24 19:10:43,807 - ERROR - Fuel Flow Sensor FAILED - Fuel flow interrupted
2026-03-24 19:10:43,807 - INFO - Voltage Sensor is healthy
2026-03-24 19:10:43,808 - INFO - Speed Sensor is healthy
2026-03-24 19:10:43,808 - INFO - Brake Pressure Sensor is healthy
2026-03-24 19:10:43,808 - INFO - Humidity Sensor is healthy
2026-03-24 19:10:43,809 - INFO - Track Alignment Sensor is healthy
2026-03-24 19:10:43,809 - INFO - Engine Load Sensor is healthy
2026-03-24 19:10:48,809 - INFO - Temperature Sensor is healthy
2026-03-24 19:10:48,810 - INFO - Pressure Sensor is healthy
2026-03-24 19:10:48,810 - INFO - Vibration Sensor is healthy
2026-03-24 19:10:48,811 - ERROR - Fuel Flow Sensor FAILED - Fuel flow interrupted
2026-03-24 19:10:48,812 - INFO - Voltage Sensor is healthy
2026-03-24 19:10:48,812 - INFO - Speed Sensor is healthy
2026-03-24 19:10:48,812 - INFO - Brake Pressure Sensor is healthy
2026-03-24 19:10:48,813 - INFO - Humidity Sensor is healthy
2026-03-24 19:10:48,813 - INFO - Track Alignment Sensor is healthy
2026-03-24 19:10:48,813 - INFO - Engine Load Sensor is healthy
2026-03-24 19:10:53,814 - INFO - Temperature Sensor is healthy
2026-03-24 19:10:53,817 - INFO - Pressure Sensor is healthy
2026-03-24 19:10:53,818 - INFO - Vibration Sensor is healthy
2026-03-24 19:10:53,819 - ERROR - Fuel Flow Sensor FAILED - Fuel flow interrupted
2026-03-24 19:10:53,820 - INFO - Voltage Sensor is healthy
2026-03-24 19:10:53,825 - INFO - Speed Sensor is healthy
2026-03-24 19:10:53,826 - INFO - Brake Pressure Sensor is healthy
2026-03-24 19:10:53,827 - INFO - Humidity Sensor is healthy
2026-03-24 19:10:53,827 - INFO - Track Alignment Sensor is healthy
2026-03-24 19:10:53,828 - INFO - Engine Load Sensor is healthy
2026-03-24 19:10:58,829 - INFO - Temperature Sensor is healthy
2026-03-24 19:10:58,830 - INFO - Pressure Sensor is healthy
2026-03-24 19:10:58,831 - INFO - Vibration Sensor is healthy
2026-03-24 19:10:58,831 - ERROR - Fuel Flow Sensor FAILED - Fuel flow interrupted
2026-03-24 19:10:58,832 - INFO - Voltage Sensor is healthy
2026-03-24 19:10:58,833 - INFO - Speed Sensor is healthy
2026-03-24 19:10:58,833 - INFO - Brake Pressure Sensor is healthy
2026-03-24 19:10:58,834 - INFO - Humidity Sensor is healthy
2026-03-24 19:10:58,835 - INFO - Track Alignment Sensor is healthy
2026-03-24 19:10:58,836 - INFO - Engine Load Sensor is healthy
2026-03-24 19:11:03,838 - INFO - Temperature Sensor is healthy
2026-03-24 19:11:03,839 - INFO - Pressure Sensor is healthy
2026-03-24 19:11:03,839 - INFO - Vibration Sensor is healthy
2026-03-24 19:11:03,839 - ERROR - Fuel Flow Sensor FAILED - Fuel flow interrupted
2026-03-24 19:11:03,840 - INFO - Voltage Sensor is healthy
2026-03-24 19:11:03,840 - INFO - Speed Sensor is healthy
2026-03-24 19:11:03,841 - INFO - Brake Pressure Sensor is healthy
2026-03-24 19:11:03,841 - INFO - Humidity Sensor is healthy
2026-03-24 19:11:03,842 - INFO - Track Alignment Sensor is healthy
2026-03-24 19:11:03,842 - INFO - Engine Load Sensor is healthy
2026-03-24 19:11:08,843 - INFO - Temperature Sensor is healthy
2026-03-24 19:11:08,844 - INFO - Pressure Sensor is healthy
2026-03-24 19:11:08,845 - INFO - Vibration Sensor is healthy
2026-03-24 19:11:08,845 - ERROR - Fuel Flow Sensor FAILED - Fuel flow interrupted
2026-03-24 19:11:08,846 - INFO - Voltage Sensor is healthy
2026-03-24 19:11:08,846 - INFO - Speed Sensor is healthy
2026-03-24 19:11:08,847 - INFO - Brake Pressure Sensor is healthy
2026-03-24 19:11:08,848 - INFO - Humidity Sensor is healthy
2026-03-24 19:11:08,848 - INFO - Track Alignment Sensor is healthy
2026-03-24 19:11:08,849 - INFO - Engine Load Sensor is healthy
2026-03-24 19:11:13,850 - INFO - Temperature Sensor is healthy
2026-03-24 19:11:13,851 - INFO - Pressure Sensor is healthy
2026-03-24 19:11:13,851 - INFO - Vibration Sensor is healthy
2026-03-24 19:11:13,852 - ERROR - Fuel Flow Sensor FAILED - Fuel flow interrupted
2026-03-24 19:11:13,852 - INFO - Voltage Sensor is healthy
2026-03-24 19:11:13,853 - INFO - Speed Sensor is healthy
2026-03-24 19:11:13,853 - INFO - Brake Pressure Sensor is healthy
2026-03-24 19:11:13,854 - INFO - Humidity Sensor is healthy
2026-03-24 19:11:13,854 - INFO - Track Alignment Sensor is healthy
2026-03-24 19:11:13,855 - INFO - Engine Load Sensor is healthy
2026-03-24 19:11:18,856 - INFO - Temperature Sensor is healthy
2026-03-24 19:11:18,857 - INFO - Pressure Sensor is healthy
2026-03-24 19:11:18,858 - INFO - Vibration Sensor is healthy
2026-03-24 19:11:18,858 - ERROR - Fuel Flow Sensor FAILED - Fuel flow interrupted
2026-03-24 19:11:18,859 - INFO - Voltage Sensor is healthy
2026-03-24 19:11:18,859 - INFO - Speed Sensor is healthy
2026-03-24 19:11:18,860 - INFO - Brake Pressure Sensor is healthy
2026-03-24 19:11:18,860 - INFO - Humidity Sensor is healthy
2026-03-24 19:11:18,861 - INFO - Track Alignment Sensor is healthy
2026-03-24 19:11:18,861 - INFO - Engine Load Sensor is healthy
2026-03-24 19:11:23,863 - INFO - Temperature Sensor is healthy
2026-03-24 19:11:23,864 - INFO - Pressure Sensor is healthy
2026-03-24 19:11:23,864 - INFO - Vibration Sensor is healthy
2026-03-24 19:11:23,865 - ERROR - Fuel Flow Sensor FAILED - Fuel flow interrupted
2026-03-24 19:11:23,865 - INFO - Voltage Sensor is healthy
2026-03-24 19:11:23,866 - INFO - Speed Sensor is healthy
2026-03-24 19:11:23,866 - INFO - Brake Pressure Sensor is healthy
2026-03-24 19:11:23,867 - INFO - Humidity Sensor is healthy
2026-03-24 19:11:23,867 - INFO - Track Alignment Sensor is healthy
2026-03-24 19:11:23,868 - INFO - Engine Load Sensor is healthy
2026-03-24 19:11:28,869 - INFO - Temperature Sensor is healthy
2026-03-24 19:11:28,870 - INFO - Pressure Sensor is healthy
2026-03-24 19:11:28,870 - INFO - Vibration Sensor is healthy
2026-03-24 19:11:28,870 - ERROR - Fuel Flow Sensor FAILED - Fuel flow interrupted
2026-03-24 19:11:28,871 - INFO - Voltage Sensor is healthy
2026-03-24 19:11:28,871 - INFO - Speed Sensor is healthy
2026-03-24 19:11:28,872 - INFO - Brake Pressure Sensor is healthy
2026-03-24 19:11:28,872 - INFO - Humidity Sensor is healthy
2026-03-24 19:11:28,873 - INFO - Track Alignment Sensor is healthy
2026-03-24 19:11:28,873 - INFO - Engine Load Sensor is healthy
2026-03-24 19:11:33,874 - INFO - Temperature Sensor is healthy
2026-03-24 19:11:33,875 - INFO - Pressure Sensor is healthy
2026-03-24 19:11:33,875 - INFO - Vibration Sensor is healthy
2026-03-24 19:11:33,875 - ERROR - Fuel Flow Sensor FAILED - Fuel flow interrupted
2026-03-24 19:11:33,876 - INFO - Voltage Sensor is healthy
2026-03-24 19:11:33,876 - INFO - Speed Sensor is healthy
2026-03-24 19:11:33,877 - INFO - Brake Pressure Sensor is healthy
2026-03-24 19:11:33,877 - INFO - Humidity Sensor is healthy
2026-03-24 19:11:33,877 - INFO - Track Alignment Sensor is healthy
2026-03-24 19:11:33,878 - INFO - Engine Load Sensor is healthy
2026-03-24 19:11:38,879 - INFO - Temperature Sensor is healthy
2026-03-24 19:11:38,880 - INFO - Pressure Sensor is healthy
2026-03-24 19:11:38,880 - INFO - Vibration Sensor is healthy
2026-03-24 19:11:38,881 - ERROR - Fuel Flow Sensor FAILED - Fuel flow interrupted
2026-03-24 19:11:38,881 - INFO - Voltage Sensor is healthy
2026-03-24 19:11:38,882 - INFO - Speed Sensor is healthy
2026-03-24 19:11:38,882 - INFO - Brake Pressure Sensor is healthy
2026-03-24 19:11:38,882 - INFO - Humidity Sensor is healthy
2026-03-24 19:11:38,883 - INFO - Track Alignment Sensor is healthy
2026-03-24 19:11:38,883 - INFO - Engine Load Sensor is healthy
2026-03-24 19:11:43,884 - INFO - Temperature Sensor is healthy
2026-03-24 19:11:43,885 - INFO - Pressure Sensor is healthy
2026-03-24 19:11:43,885 - INFO - Vibration Sensor is healthy
2026-03-24 19:11:43,885 - ERROR - Fuel Flow Sensor FAILED - Fuel flow interrupted
2026-03-24 19:11:43,886 - INFO - Voltage Sensor is healthy
2026-03-24 19:11:43,886 - INFO - Speed Sensor is healthy
2026-03-24 19:11:43,886 - INFO - Brake Pressure Sensor is healthy
2026-03-24 19:11:43,887 - INFO - Humidity Sensor is healthy
2026-03-24 19:11:43,887 - INFO - Track Alignment Sensor is healthy
2026-03-24 19:11:43,887 - INFO - Engine Load Sensor is healthy
2026-03-24 19:11:48,888 - INFO - Temperature Sensor is healthy
2026-03-24 19:11:48,889 - INFO - Pressure Sensor is healthy
2026-03-24 19:11:48,890 - INFO - Vibration Sensor is healthy
2026-03-24 19:11:48,890 - ERROR - Fuel Flow Sensor FAILED - Fuel flow interrupted
2026-03-24 19:11:48,891 - INFO - Voltage Sensor is healthy
2026-03-24 19:11:48,891 - INFO - Speed Sensor is healthy
2026-03-24 19:11:48,891 - INFO - Brake Pressure Sensor is healthy
2026-03-24 19:11:48,892 - INFO - Humidity Sensor is healthy
2026-03-24 19:11:48,892 - INFO - Track Alignment Sensor is healthy
2026-03-24 19:11:48,892 - INFO - Engine Load Sensor is healthy
2026-03-24 19:11:53,894 - INFO - Temperature Sensor is healthy
2026-03-24 19:11:53,895 - INFO - Pressure Sensor is healthy
2026-03-24 19:11:53,895 - INFO - Vibration Sensor is healthy
2026-03-24 19:11:53,896 - ERROR - Fuel Flow Sensor FAILED - Fuel flow interrupted
2026-03-24 19:11:53,896 - INFO - Voltage Sensor is healthy
2026-03-24 19:11:53,896 - INFO - Speed Sensor is healthy
2026-03-24 19:11:53,897 - INFO - Brake Pressure Sensor is healthy
2026-03-24 19:11:53,897 - INFO - Humidity Sensor is healthy
2026-03-24 19:11:53,898 - INFO - Track Alignment Sensor is healthy
2026-03-24 19:11:53,898 - INFO - Engine Load Sensor is healthy
2026-03-24 19:11:58,899 - INFO - Temperature Sensor is healthy
2026-03-24 19:11:58,899 - INFO - Pressure Sensor is healthy
2026-03-24 19:11:58,900 - INFO - Vibration Sensor is healthy
2026-03-24 19:11:58,900 - ERROR - Fuel Flow Sensor FAILED - Fuel flow interrupted
2026-03-24 19:11:58,901 - INFO - Voltage Sensor is healthy
2026-03-24 19:11:58,901 - INFO - Speed Sensor is healthy
2026-03-24 19:11:58,901 - INFO - Brake Pressure Sensor is healthy
2026-03-24 19:11:58,902 - INFO - Humidity Sensor is healthy
2026-03-24 19:11:58,902 - INFO - Track Alignment Sensor is healthy
2026-03-24 19:11:58,902 - INFO - Engine Load Sensor is healthy
2026-03-24 19:12:03,903 - INFO - Temperature Sensor is healthy
2026-03-24 19:12:03,904 - INFO - Pressure Sensor is healthy
2026-03-24 19:12:03,905 - INFO - Vibration Sensor is healthy
2026-03-24 19:12:03,906 - ERROR - Fuel Flow Sensor FAILED - Fuel flow interrupted
2026-03-24 19:12:03,907 - INFO - Voltage Sensor is healthy
2026-03-24 19:12:03,907 - INFO - Speed Sensor is healthy
2026-03-24 19:12:03,909 - INFO - Brake Pressure Sensor is healthy
2026-03-24 19:12:03,911 - INFO - Humidity Sensor is healthy
2026-03-24 19:12:03,913 - INFO - Track Alignment Sensor is healthy
2026-03-24 19:12:03,913 - INFO - Engine Load Sensor is healthy
2026-03-24 19:12:08,914 - INFO - Temperature Sensor is healthy
2026-03-24 19:12:08,915 - INFO - Pressure Sensor is healthy
2026-03-24 19:12:08,915 - INFO - Vibration Sensor is healthy
2026-03-24 19:12:08,916 - ERROR - Fuel Flow Sensor FAILED - Fuel flow interrupted
2026-03-24 19:12:08,917 - INFO - Voltage Sensor is healthy
2026-03-24 19:12:08,917 - INFO - Speed Sensor is healthy
2026-03-24 19:12:08,918 - INFO - Brake Pressure Sensor is healthy
2026-03-24 19:12:08,918 - INFO - Humidity Sensor is healthy
2026-03-24 19:12:08,919 - INFO - Track Alignment Sensor is healthy
2026-03-24 19:12:08,919 - INFO - Engine Load Sensor is healthy
2026-03-24 19:12:13,920 - INFO - Temperature Sensor is healthy
2026-03-24 19:12:13,921 - INFO - Pressure Sensor is healthy
2026-03-24 19:12:13,921 - INFO - Vibration Sensor is healthy
2026-03-24 19:12:13,922 - ERROR - Fuel Flow Sensor FAILED - Fuel flow interrupted
2026-03-24 19:12:13,922 - INFO - Voltage Sensor is healthy
2026-03-24 19:12:13,923 - INFO - Speed Sensor is healthy
2026-03-24 19:12:13,923 - INFO - Brake Pressure Sensor is healthy
2026-03-24 19:12:13,924 - INFO - Humidity Sensor is healthy
2026-03-24 19:12:13,924 - INFO - Track Alignment Sensor is healthy
2026-03-24 19:12:13,924 - INFO - Engine Load Sensor is healthy
2026-03-24 19:12:18,925 - INFO - Temperature Sensor is healthy
2026-03-24 19:12:18,926 - INFO - Pressure Sensor is healthy
2026-03-24 19:12:18,926 - INFO - Vibration Sensor is healthy
2026-03-24 19:12:18,927 - ERROR - Fuel Flow Sensor FAILED - Fuel flow interrupted
2026-03-24 19:12:18,927 - INFO - Voltage Sensor is healthy
2026-03-24 19:12:18,928 - INFO - Speed Sensor is healthy
2026-03-24 19:12:18,928 - INFO - Brake Pressure Sensor is healthy
2026-03-24 19:12:18,928 - INFO - Humidity Sensor is healthy
2026-03-24 19:12:18,929 - INFO - Track Alignment Sensor is healthy
2026-03-24 19:12:18,929 - INFO - Engine Load Sensor is healthy
2026-03-24 19:12:23,930 - INFO - Temperature Sensor is healthy
2026-03-24 19:12:23,930 - INFO - Pressure Sensor is healthy
2026-03-24 19:12:23,931 - INFO - Vibration Sensor is healthy
2026-03-24 19:12:23,931 - ERROR - Fuel Flow Sensor FAILED - Fuel flow interrupted
2026-03-24 19:12:23,931 - INFO - Voltage Sensor is healthy
2026-03-24 19:12:23,932 - INFO - Speed Sensor is healthy
2026-03-24 19:12:23,932 - INFO - Brake Pressure Sensor is healthy
2026-03-24 19:12:23,932 - INFO - Humidity Sensor is healthy
2026-03-24 19:12:23,932 - INFO - Track Alignment Sensor is healthy
2026-03-24 19:12:23,932 - INFO - Engine Load Sensor is healthy
2026-03-24 19:12:28,933 - INFO - Temperature Sensor is healthy
2026-03-24 19:12:28,935 - INFO - Pressure Sensor is healthy
2026-03-24 19:12:28,935 - INFO - Vibration Sensor is healthy
2026-03-24 19:12:28,935 - ERROR - Fuel Flow Sensor FAILED - Fuel flow interrupted
2026-03-24 19:12:28,936 - INFO - Voltage Sensor is healthy
2026-03-24 19:12:28,936 - INFO - Speed Sensor is healthy
2026-03-24 19:12:28,937 - INFO - Brake Pressure Sensor is healthy
2026-03-24 19:12:28,937 - INFO - Humidity Sensor is healthy
2026-03-24 19:12:28,938 - INFO - Track Alignment Sensor is healthy
2026-03-24 19:12:28,939 - INFO - Engine Load Sensor is healthy
2026-03-24 19:12:33,940 - INFO - Temperature Sensor is healthy
2026-03-24 19:12:33,940 - INFO - Pressure Sensor is healthy
2026-03-24 19:12:33,941 - INFO - Vibration Sensor is healthy
2026-03-24 19:12:33,941 - ERROR - Fuel Flow Sensor FAILED - Fuel flow interrupted
2026-03-24 19:12:33,941 - INFO - Voltage Sensor is healthy
2026-03-24 19:12:33,942 - INFO - Speed Sensor is healthy
2026-03-24 19:12:33,942 - INFO - Brake Pressure Sensor is healthy
2026-03-24 19:12:33,942 - INFO - Humidity Sensor is healthy
2026-03-24 19:12:33,942 - INFO - Track Alignment Sensor is healthy
2026-03-24 19:12:33,943 - INFO - Engine Load Sensor is healthy
2026-03-24 19:12:38,943 - INFO - Temperature Sensor is healthy
2026-03-24 19:12:38,944 - INFO - Pressure Sensor is healthy
2026-03-24 19:12:38,944 - INFO - Vibration Sensor is healthy
2026-03-24 19:12:38,945 - ERROR - Fuel Flow Sensor FAILED - Fuel flow interrupted
2026-03-24 19:12:38,945 - INFO - Voltage Sensor is healthy
2026-03-24 19:12:38,946 - INFO - Speed Sensor is healthy
2026-03-24 19:12:38,947 - INFO - Brake Pressure Sensor is healthy
2026-03-24 19:12:38,947 - INFO - Humidity Sensor is healthy
2026-03-24 19:12:38,947 - INFO - Track Alignment Sensor is healthy
2026-03-24 19:12:38,948 - INFO - Engine Load Sensor is healthy
2026-03-24 19:12:43,949 - INFO - Temperature Sensor is healthy
2026-03-24 19:12:43,950 - INFO - Pressure Sensor is healthy
2026-03-24 19:12:43,951 - INFO - Vibration Sensor is healthy
2026-03-24 19:12:43,952 - ERROR - Fuel Flow Sensor FAILED - Fuel flow interrupted
2026-03-24 19:12:43,953 - INFO - Voltage Sensor is healthy
2026-03-24 19:12:43,954 - INFO - Speed Sensor is healthy
2026-03-24 19:12:43,954 - INFO - Brake Pressure Sensor is healthy
2026-03-24 19:12:43,955 - INFO - Humidity Sensor is healthy
2026-03-24 19:12:43,956 - INFO - Track Alignment Sensor is healthy
2026-03-24 19:12:43,957 - INFO - Engine Load Sensor is healthy
2026-03-24 19:12:48,959 - INFO - Temperature Sensor is healthy
2026-03-24 19:12:48,960 - INFO - Pressure Sensor is healthy
2026-03-24 19:12:48,960 - INFO - Vibration Sensor is healthy
2026-03-24 19:12:48,961 - ERROR - Fuel Flow Sensor FAILED - Fuel flow interrupted
2026-03-24 19:12:48,961 - INFO - Voltage Sensor is healthy
2026-03-24 19:12:48,962 - INFO - Speed Sensor is healthy
2026-03-24 19:12:48,962 - INFO - Brake Pressure Sensor is healthy
2026-03-24 19:12:48,963 - INFO - Humidity Sensor is healthy
2026-03-24 19:12:48,964 - INFO - Track Alignment Sensor is healthy
2026-03-24 19:12:48,966 - INFO - Engine Load Sensor is healthy
2026-03-24 19:12:53,967 - INFO - Temperature Sensor is healthy
2026-03-24 19:12:53,968 - INFO - Pressure Sensor is healthy
2026-03-24 19:12:53,969 - INFO - Vibration Sensor is healthy
2026-03-24 19:12:53,969 - ERROR - Fuel Flow Sensor FAILED - Fuel flow interrupted
2026-03-24 19:12:53,970 - INFO - Voltage Sensor is healthy
2026-03-24 19:12:53,970 - INFO - Speed Sensor is healthy
2026-03-24 19:12:53,970 - INFO - Brake Pressure Sensor is healthy
2026-03-24 19:12:53,970 - INFO - Humidity Sensor is healthy
2026-03-24 19:12:53,970 - INFO - Track Alignment Sensor is healthy
2026-03-24 19:12:53,971 - INFO - Engine Load Sensor is healthy
2026-03-24 19:12:58,973 - INFO - Temperature Sensor is healthy
2026-03-24 19:12:58,973 - INFO - Pressure Sensor is healthy
2026-03-24 19:12:58,974 - INFO - Vibration Sensor is healthy
2026-03-24 19:12:58,974 - ERROR - Fuel Flow Sensor FAILED - Fuel flow interrupted
2026-03-24 19:12:58,975 - INFO - Voltage Sensor is healthy
2026-03-24 19:12:58,975 - INFO - Speed Sensor is healthy
2026-03-24 19:12:58,975 - INFO - Brake Pressure Sensor is healthy
2026-03-24 19:12:58,976 - INFO - Humidity Sensor is healthy
2026-03-24 19:12:58,976 - INFO - Track Alignment Sensor is healthy
2026-03-24 19:12:58,977 - INFO - Engine Load Sensor is healthy
2026-03-24 19:13:03,977 - INFO - Temperature Sensor is healthy
2026-03-24 19:13:03,979 - INFO - Pressure Sensor is healthy
2026-03-24 19:13:03,979 - INFO - Vibration Sensor is healthy
2026-03-24 19:13:03,980 - ERROR - Fuel Flow Sensor FAILED - Fuel flow interrupted
2026-03-24 19:13:03,980 - INFO - Voltage Sensor is healthy
2026-03-24 19:13:03,980 - INFO - Speed Sensor is healthy
2026-03-24 19:13:03,981 - INFO - Brake Pressure Sensor is healthy
2026-03-24 19:13:03,981 - INFO - Humidity Sensor is healthy
2026-03-24 19:13:03,982 - INFO - Track Alignment Sensor is healthy
2026-03-24 19:13:03,982 - INFO - Engine Load Sensor is healthy
2026-03-24 19:13:08,983 - INFO - Temperature Sensor is healthy
2026-03-24 19:13:08,984 - INFO - Pressure Sensor is healthy
2026-03-24 19:13:08,985 - INFO - Vibration Sensor is healthy
2026-03-24 19:13:08,985 - ERROR - Fuel Flow Sensor FAILED - Fuel flow interrupted
2026-03-24 19:13:08,986 - INFO - Voltage Sensor is healthy
2026-03-24 19:13:08,986 - INFO - Speed Sensor is healthy
2026-03-24 19:13:08,986 - INFO - Brake Pressure Sensor is healthy
2026-03-24 19:13:08,987 - INFO - Humidity Sensor is healthy
2026-03-24 19:13:08,987 - INFO - Track Alignment Sensor is healthy
2026-03-24 19:13:08,987 - INFO - Engine Load Sensor is healthy
2026-03-24 19:13:13,989 - INFO - Temperature Sensor is healthy
2026-03-24 19:13:13,991 - INFO - Pressure Sensor is healthy
2026-03-24 19:13:13,992 - INFO - Vibration Sensor is healthy
2026-03-24 19:13:13,993 - ERROR - Fuel Flow Sensor FAILED - Fuel flow interrupted
2026-03-24 19:13:13,994 - INFO - Voltage Sensor is healthy
2026-03-24 19:13:13,995 - INFO - Speed Sensor is healthy
2026-03-24 19:13:13,995 - INFO - Brake Pressure Sensor is healthy
2026-03-24 19:13:13,996 - INFO - Humidity Sensor is healthy
2026-03-24 19:13:13,996 - INFO - Track Alignment Sensor is healthy
2026-03-24 19:13:13,997 - INFO - Engine Load Sensor is healthy
2026-03-24 19:13:18,999 - INFO - Temperature Sensor is healthy
2026-03-24 19:13:19,001 - INFO - Pressure Sensor is healthy
2026-03-24 19:13:19,002 - INFO - Vibration Sensor is healthy
2026-03-24 19:13:19,002 - ERROR - Fuel Flow Sensor FAILED - Fuel flow interrupted
2026-03-24 19:13:19,002 - INFO - Voltage Sensor is healthy
2026-03-24 19:13:19,003 - INFO - Speed Sensor is healthy
2026-03-24 19:13:19,003 - INFO - Brake Pressure Sensor is healthy
2026-03-24 19:13:19,003 - INFO - Humidity Sensor is healthy
2026-03-24 19:13:19,003 - INFO - Track Alignment Sensor is healthy
2026-03-24 19:13:19,004 - INFO - Engine Load Sensor is healthy
2026-03-24 19:13:24,005 - INFO - Temperature Sensor is healthy
2026-03-24 19:13:24,006 - INFO - Pressure Sensor is healthy
2026-03-24 19:13:24,006 - INFO - Vibration Sensor is healthy
2026-03-24 19:13:24,008 - ERROR - Fuel Flow Sensor FAILED - Fuel flow interrupted
2026-03-24 19:13:24,008 - INFO - Voltage Sensor is healthy
2026-03-24 19:13:24,009 - INFO - Speed Sensor is healthy
2026-03-24 19:13:24,009 - INFO - Brake Pressure Sensor is healthy
2026-03-24 19:13:24,010 - INFO - Humidity Sensor is healthy
2026-03-24 19:13:24,010 - INFO - Track Alignment Sensor is healthy
2026-03-24 19:13:24,011 - INFO - Engine Load Sensor is healthy
2026-03-24 19:13:29,012 - INFO - Temperature Sensor is healthy
2026-03-24 19:13:29,013 - INFO - Pressure Sensor is healthy
2026-03-24 19:13:29,014 - INFO - Vibration Sensor is healthy
2026-03-24 19:13:29,014 - ERROR - Fuel Flow Sensor FAILED - Fuel flow interrupted
2026-03-24 19:13:29,014 - INFO - Voltage Sensor is healthy
2026-03-24 19:13:29,014 - INFO - Speed Sensor is healthy
2026-03-24 19:13:29,015 - INFO - Brake Pressure Sensor is healthy
2026-03-24 19:13:29,015 - INFO - Humidity Sensor is healthy
2026-03-24 19:13:29,015 - INFO - Track Alignment Sensor is healthy
2026-03-24 19:13:29,016 - INFO - Engine Load Sensor is healthy
2026-03-24 19:13:34,017 - INFO - Temperature Sensor is healthy
2026-03-24 19:13:34,018 - INFO - Pressure Sensor is healthy
2026-03-24 19:13:34,019 - INFO - Vibration Sensor is healthy
2026-03-24 19:13:34,019 - ERROR - Fuel Flow Sensor FAILED - Fuel flow interrupted
2026-03-24 19:13:34,019 - INFO - Voltage Sensor is healthy
2026-03-24 19:13:34,020 - INFO - Speed Sensor is healthy
2026-03-24 19:13:34,020 - INFO - Brake Pressure Sensor is healthy
2026-03-24 19:13:34,021 - INFO - Humidity Sensor is healthy
2026-03-24 19:13:34,021 - INFO - Track Alignment Sensor is healthy
2026-03-24 19:13:34,021 - INFO - Engine Load Sensor is healthy
2026-03-24 19:13:39,023 - INFO - Temperature Sensor is healthy
2026-03-24 19:13:39,024 - INFO - Pressure Sensor is healthy
2026-03-24 19:13:39,025 - INFO - Vibration Sensor is healthy
2026-03-24 19:13:39,025 - ERROR - Fuel Flow Sensor FAILED - Fuel flow interrupted
2026-03-24 19:13:39,026 - INFO - Voltage Sensor is healthy
2026-03-24 19:13:39,027 - INFO - Speed Sensor is healthy
2026-03-24 19:13:39,028 - INFO - Brake Pressure Sensor is healthy
2026-03-24 19:13:39,028 - INFO - Humidity Sensor is healthy
2026-03-24 19:13:39,029 - INFO - Track Alignment Sensor is healthy
2026-03-24 19:13:39,030 - INFO - Engine Load Sensor is healthy
2026-03-24 19:13:44,032 - INFO - Temperature Sensor is healthy
2026-03-24 19:13:44,032 - INFO - Pressure Sensor is healthy
2026-03-24 19:13:44,033 - INFO - Vibration Sensor is healthy
2026-03-24 19:13:44,034 - ERROR - Fuel Flow Sensor FAILED - Fuel flow interrupted
2026-03-24 19:13:44,035 - INFO - Voltage Sensor is healthy
2026-03-24 19:13:44,035 - INFO - Speed Sensor is healthy
2026-03-24 19:13:44,036 - INFO - Brake Pressure Sensor is healthy
2026-03-24 19:13:44,036 - INFO - Humidity Sensor is healthy
2026-03-24 19:13:44,037 - INFO - Track Alignment Sensor is healthy
2026-03-24 19:13:44,038 - INFO - Engine Load Sensor is healthy
2026-03-24 19:13:49,040 - INFO - Temperature Sensor is healthy
2026-03-24 19:13:49,041 - INFO - Pressure Sensor is healthy
2026-03-24 19:13:49,042 - INFO - Vibration Sensor is healthy
2026-03-24 19:13:49,042 - ERROR - Fuel Flow Sensor FAILED - Fuel flow interrupted
2026-03-24 19:13:49,042 - INFO - Voltage Sensor is healthy
2026-03-24 19:13:49,043 - INFO - Speed Sensor is healthy
2026-03-24 19:13:49,043 - INFO - Brake Pressure Sensor is healthy
2026-03-24 19:13:49,043 - INFO - Humidity Sensor is healthy
2026-03-24 19:13:49,043 - INFO - Track Alignment Sensor is healthy
2026-03-24 19:13:49,044 - INFO - Engine Load Sensor is healthy
2026-03-24 19:13:54,045 - INFO - Temperature Sensor is healthy
2026-03-24 19:13:54,046 - INFO - Pressure Sensor is healthy
2026-03-24 19:13:54,046 - INFO - Vibration Sensor is healthy
2026-03-24 19:13:54,046 - ERROR - Fuel Flow Sensor FAILED - Fuel flow interrupted
2026-03-24 19:13:54,047 - INFO - Voltage Sensor is healthy
2026-03-24 19:13:54,047 - INFO - Speed Sensor is healthy
2026-03-24 19:13:54,048 - INFO - Brake Pressure Sensor is healthy
2026-03-24 19:13:54,048 - INFO - Humidity Sensor is healthy
2026-03-24 19:13:54,048 - INFO - Track Alignment Sensor is healthy
2026-03-24 19:13:54,049 - INFO - Engine Load Sensor is healthy
2026-03-24 19:13:59,050 - INFO - Temperature Sensor is healthy
2026-03-24 19:13:59,051 - INFO - Pressure Sensor is healthy
2026-03-24 19:13:59,052 - INFO - Vibration Sensor is healthy
2026-03-24 19:13:59,053 - ERROR - Fuel Flow Sensor FAILED - Fuel flow interrupted
2026-03-24 19:13:59,054 - INFO - Voltage Sensor is healthy
2026-03-24 19:13:59,055 - INFO - Speed Sensor is healthy
2026-03-24 19:13:59,055 - INFO - Brake Pressure Sensor is healthy
2026-03-24 19:13:59,056 - INFO - Humidity Sensor is healthy
2026-03-24 19:13:59,056 - INFO - Track Alignment Sensor is healthy
2026-03-24 19:13:59,056 - INFO - Engine Load Sensor is healthy
2026-03-24 19:14:04,057 - INFO - Temperature Sensor is healthy
2026-03-24 19:14:04,058 - INFO - Pressure Sensor is healthy
2026-03-24 19:14:04,059 - INFO - Vibration Sensor is healthy
2026-03-24 19:14:04,059 - ERROR - Fuel Flow Sensor FAILED - Fuel flow interrupted
2026-03-24 19:14:04,060 - INFO - Voltage Sensor is healthy
2026-03-24 19:14:04,061 - INFO - Speed Sensor is healthy
2026-03-24 19:14:04,062 - INFO - Brake Pressure Sensor is healthy
2026-03-24 19:14:04,063 - INFO - Humidity Sensor is healthy
2026-03-24 19:14:04,064 - INFO - Track Alignment Sensor is healthy
2026-03-24 19:14:04,064 - INFO - Engine Load Sensor is healthy
2026-03-24 19:14:09,065 - INFO - Temperature Sensor is healthy
2026-03-24 19:14:09,066 - INFO - Pressure Sensor is healthy
2026-03-24 19:14:09,067 - INFO - Vibration Sensor is healthy
2026-03-24 19:14:09,067 - ERROR - Fuel Flow Sensor FAILED - Fuel flow interrupted
2026-03-24 19:14:09,068 - INFO - Voltage Sensor is healthy
2026-03-24 19:14:09,068 - INFO - Speed Sensor is healthy
2026-03-24 19:14:09,068 - INFO - Brake Pressure Sensor is healthy
2026-03-24 19:14:09,069 - INFO - Humidity Sensor is healthy
2026-03-24 19:14:09,069 - INFO - Track Alignment Sensor is healthy
2026-03-24 19:14:09,069 - INFO - Engine Load Sensor is healthy
2026-03-24 19:14:14,071 - INFO - Temperature Sensor is healthy
2026-03-24 19:14:14,072 - INFO - Pressure Sensor is healthy
2026-03-24 19:14:14,072 - INFO - Vibration Sensor is healthy
2026-03-24 19:14:14,073 - ERROR - Fuel Flow Sensor FAILED - Fuel flow interrupted
2026-03-24 19:14:14,073 - INFO - Voltage Sensor is healthy
2026-03-24 19:14:14,073 - INFO - Speed Sensor is healthy
2026-03-24 19:14:14,074 - INFO - Brake Pressure Sensor is healthy
2026-03-24 19:14:14,074 - INFO - Humidity Sensor is healthy
2026-03-24 19:14:14,075 - INFO - Track Alignment Sensor is healthy
2026-03-24 19:14:14,075 - INFO - Engine Load Sensor is healthy
2026-03-24 19:14:19,076 - INFO - Temperature Sensor is healthy
2026-03-24 19:14:19,077 - INFO - Pressure Sensor is healthy
2026-03-24 19:14:19,078 - INFO - Vibration Sensor is healthy
2026-03-24 19:14:19,078 - ERROR - Fuel Flow Sensor FAILED - Fuel flow interrupted
2026-03-24 19:14:19,079 - INFO - Voltage Sensor is healthy
2026-03-24 19:14:19,080 - INFO - Speed Sensor is healthy
2026-03-24 19:14:19,081 - INFO - Brake Pressure Sensor is healthy
2026-03-24 19:14:19,081 - INFO - Humidity Sensor is healthy
2026-03-24 19:14:19,082 - INFO - Track Alignment Sensor is healthy
2026-03-24 19:14:19,082 - INFO - Engine Load Sensor is healthy
2026-03-24 19:14:24,084 - INFO - Temperature Sensor is healthy
2026-03-24 19:14:24,085 - INFO - Pressure Sensor is healthy
2026-03-24 19:14:24,085 - INFO - Vibration Sensor is healthy
2026-03-24 19:14:24,086 - ERROR - Fuel Flow Sensor FAILED - Fuel flow interrupted
2026-03-24 19:14:24,087 - INFO - Voltage Sensor is healthy
2026-03-24 19:14:24,087 - INFO - Speed Sensor is healthy
2026-03-24 19:14:24,088 - INFO - Brake Pressure Sensor is healthy
2026-03-24 19:14:24,089 - INFO - Humidity Sensor is healthy
2026-03-24 19:14:24,092 - INFO - Track Alignment Sensor is healthy
2026-03-24 19:14:24,093 - INFO - Engine Load Sensor is healthy
2026-03-24 19:14:29,094 - INFO - Temperature Sensor is healthy
2026-03-24 19:14:29,095 - INFO - Pressure Sensor is healthy
2026-03-24 19:14:29,095 - INFO - Vibration Sensor is healthy
2026-03-24 19:14:29,096 - ERROR - Fuel Flow Sensor FAILED - Fuel flow interrupted
2026-03-24 19:14:29,097 - INFO - Voltage Sensor is healthy
2026-03-24 19:14:29,098 - INFO - Speed Sensor is healthy
2026-03-24 19:14:29,098 - INFO - Brake Pressure Sensor is healthy
2026-03-24 19:14:29,098 - INFO - Humidity Sensor is healthy
2026-03-24 19:14:29,099 - INFO - Track Alignment Sensor is healthy
2026-03-24 19:14:29,099 - INFO - Engine Load Sensor is healthy
2026-03-24 19:14:34,101 - INFO - Temperature Sensor is healthy
2026-03-24 19:14:34,102 - INFO - Pressure Sensor is healthy
2026-03-24 19:14:34,103 - INFO - Vibration Sensor is healthy
2026-03-24 19:14:34,103 - ERROR - Fuel Flow Sensor FAILED - Fuel flow interrupted
2026-03-24 19:14:34,104 - INFO - Voltage Sensor is healthy
2026-03-24 19:14:34,105 - INFO - Speed Sensor is healthy
2026-03-24 19:14:34,105 - INFO - Brake Pressure Sensor is healthy
2026-03-24 19:14:34,106 - INFO - Humidity Sensor is healthy
2026-03-24 19:14:34,106 - INFO - Track Alignment Sensor is healthy
2026-03-24 19:14:34,107 - INFO - Engine Load Sensor is healthy
2026-03-24 19:14:39,108 - INFO - Temperature Sensor is healthy
2026-03-24 19:14:39,109 - INFO - Pressure Sensor is healthy
2026-03-24 19:14:39,109 - INFO - Vibration Sensor is healthy
2026-03-24 19:14:39,109 - ERROR - Fuel Flow Sensor FAILED - Fuel flow interrupted
2026-03-24 19:14:39,110 - INFO - Voltage Sensor is healthy
2026-03-24 19:14:39,110 - INFO - Speed Sensor is healthy
2026-03-24 19:14:39,110 - INFO - Brake Pressure Sensor is healthy
2026-03-24 19:14:39,111 - INFO - Humidity Sensor is healthy
2026-03-24 19:14:39,111 - INFO - Track Alignment Sensor is healthy
2026-03-24 19:14:39,111 - INFO - Engine Load Sensor is healthy
2026-03-24 19:14:44,112 - INFO - Temperature Sensor is healthy
2026-03-24 19:14:44,113 - INFO - Pressure Sensor is healthy
2026-03-24 19:14:44,113 - INFO - Vibration Sensor is healthy
2026-03-24 19:14:44,113 - ERROR - Fuel Flow Sensor FAILED - Fuel flow interrupted
2026-03-24 19:14:44,114 - INFO - Voltage Sensor is healthy
2026-03-24 19:14:44,114 - INFO - Speed Sensor is healthy
2026-03-24 19:14:44,115 - INFO - Brake Pressure Sensor is healthy
2026-03-24 19:14:44,115 - INFO - Humidity Sensor is healthy
2026-03-24 19:14:44,115 - INFO - Track Alignment Sensor is healthy
2026-03-24 19:14:44,116 - INFO - Engine Load Sensor is healthy
2026-03-24 19:14:49,117 - INFO - Temperature Sensor is healthy
2026-03-24 19:14:49,118 - INFO - Pressure Sensor is healthy
2026-03-24 19:14:49,119 - INFO - Vibration Sensor is healthy
2026-03-24 19:14:49,119 - ERROR - Fuel Flow Sensor FAILED - Fuel flow interrupted
2026-03-24 19:14:49,120 - INFO - Voltage Sensor is healthy
2026-03-24 19:14:49,120 - INFO - Speed Sensor is healthy
2026-03-24 19:14:49,120 - INFO - Brake Pressure Sensor is healthy
2026-03-24 19:14:49,121 - INFO - Humidity Sensor is healthy
2026-03-24 19:14:49,121 - INFO - Track Alignment Sensor is healthy
2026-03-24 19:14:49,122 - INFO - Engine Load Sensor is healthy
2026-03-24 19:14:54,122 - INFO - Temperature Sensor is healthy
2026-03-24 19:14:54,124 - INFO - Pressure Sensor is healthy
2026-03-24 19:14:54,124 - INFO - Vibration Sensor is healthy
2026-03-24 19:14:54,125 - ERROR - Fuel Flow Sensor FAILED - Fuel flow interrupted
2026-03-24 19:14:54,125 - INFO - Voltage Sensor is healthy
2026-03-24 19:14:54,125 - INFO - Speed Sensor is healthy
2026-03-24 19:14:54,126 - INFO - Brake Pressure Sensor is healthy
2026-03-24 19:14:54,127 - INFO - Humidity Sensor is healthy
2026-03-24 19:14:54,127 - INFO - Track Alignment Sensor is healthy
2026-03-24 19:14:54,127 - INFO - Engine Load Sensor is healthy
2026-03-24 19:14:59,129 - INFO - Temperature Sensor is healthy
2026-03-24 19:14:59,129 - INFO - Pressure Sensor is healthy
2026-03-24 19:14:59,130 - INFO - Vibration Sensor is healthy
2026-03-24 19:14:59,130 - ERROR - Fuel Flow Sensor FAILED - Fuel flow interrupted
2026-03-24 19:14:59,130 - INFO - Voltage Sensor is healthy
2026-03-24 19:14:59,131 - INFO - Speed Sensor is healthy
2026-03-24 19:14:59,131 - INFO - Brake Pressure Sensor is healthy
2026-03-24 19:14:59,131 - INFO - Humidity Sensor is healthy
2026-03-24 19:14:59,131 - INFO - Track Alignment Sensor is healthy
2026-03-24 19:14:59,132 - INFO - Engine Load Sensor is healthy
2026-03-24 19:15:04,133 - INFO - Temperature Sensor is healthy
2026-03-24 19:15:04,134 - INFO - Pressure Sensor is healthy
2026-03-24 19:15:04,134 - INFO - Vibration Sensor is healthy
2026-03-24 19:15:04,134 - ERROR - Fuel Flow Sensor FAILED - Fuel flow interrupted
2026-03-24 19:15:04,135 - INFO - Voltage Sensor is healthy
2026-03-24 19:15:04,135 - INFO - Speed Sensor is healthy
2026-03-24 19:15:04,136 - INFO - Brake Pressure Sensor is healthy
2026-03-24 19:15:04,136 - INFO - Humidity Sensor is healthy
2026-03-24 19:15:04,136 - INFO - Track Alignment Sensor is healthy
2026-03-24 19:15:04,136 - INFO - Engine Load Sensor is healthy
2026-03-24 19:15:09,137 - INFO - Temperature Sensor is healthy
2026-03-24 19:15:09,138 - INFO - Pressure Sensor is healthy
2026-03-24 19:15:09,139 - INFO - Vibration Sensor is healthy
2026-03-24 19:15:09,139 - ERROR - Fuel Flow Sensor FAILED - Fuel flow interrupted
2026-03-24 19:15:09,139 - INFO - Voltage Sensor is healthy
2026-03-24 19:15:09,140 - INFO - Speed Sensor is healthy
2026-03-24 19:15:09,140 - INFO - Brake Pressure Sensor is healthy
2026-03-24 19:15:09,140 - INFO - Humidity Sensor is healthy
2026-03-24 19:15:09,141 - INFO - Track Alignment Sensor is healthy
2026-03-24 19:15:09,141 - INFO - Engine Load Sensor is healthy
2026-03-24 19:15:14,142 - INFO - Temperature Sensor is healthy
2026-03-24 19:15:14,143 - INFO - Pressure Sensor is healthy
2026-03-24 19:15:14,144 - INFO - Vibration Sensor is healthy
2026-03-24 19:15:14,144 - ERROR - Fuel Flow Sensor FAILED - Fuel flow interrupted
2026-03-24 19:15:14,144 - INFO - Voltage Sensor is healthy
2026-03-24 19:15:14,145 - INFO - Speed Sensor is healthy
2026-03-24 19:15:14,145 - INFO - Brake Pressure Sensor is healthy
2026-03-24 19:15:14,145 - INFO - Humidity Sensor is healthy
2026-03-24 19:15:14,145 - INFO - Track Alignment Sensor is healthy
2026-03-24 19:15:14,146 - INFO - Engine Load Sensor is healthy
2026-03-24 19:15:19,147 - INFO - Temperature Sensor is healthy
2026-03-24 19:15:19,148 - INFO - Pressure Sensor is healthy
2026-03-24 19:15:19,148 - INFO - Vibration Sensor is healthy
2026-03-24 19:15:19,149 - ERROR - Fuel Flow Sensor FAILED - Fuel flow interrupted
2026-03-24 19:15:19,149 - INFO - Voltage Sensor is healthy
2026-03-24 19:15:19,150 - INFO - Speed Sensor is healthy
2026-03-24 19:15:19,150 - INFO - Brake Pressure Sensor is healthy
2026-03-24 19:15:19,150 - INFO - Humidity Sensor is healthy
2026-03-24 19:15:19,151 - INFO - Track Alignment Sensor is healthy
2026-03-24 19:15:19,151 - INFO - Engine Load Sensor is healthy
2026-03-24 19:15:24,153 - INFO - Temperature Sensor is healthy
2026-03-24 19:15:24,153 - INFO - Pressure Sensor is healthy
2026-03-24 19:15:24,154 - INFO - Vibration Sensor is healthy
2026-03-24 19:15:24,155 - ERROR - Fuel Flow Sensor FAILED - Fuel flow interrupted
2026-03-24 19:15:24,155 - INFO - Voltage Sensor is healthy
2026-03-24 19:15:24,156 - INFO - Speed Sensor is healthy
2026-03-24 19:15:24,157 - INFO - Brake Pressure Sensor is healthy
2026-03-24 19:15:24,157 - INFO - Humidity Sensor is healthy
2026-03-24 19:15:24,158 - INFO - Track Alignment Sensor is healthy
2026-03-24 19:15:24,158 - INFO - Engine Load Sensor is healthy
2026-03-24 19:15:29,161 - INFO - Temperature Sensor is healthy
2026-03-24 19:15:29,162 - INFO - Pressure Sensor is healthy
2026-03-24 19:15:29,162 - INFO - Vibration Sensor is healthy
2026-03-24 19:15:29,162 - ERROR - Fuel Flow Sensor FAILED - Fuel flow interrupted
2026-03-24 19:15:29,163 - INFO - Voltage Sensor is healthy
2026-03-24 19:15:29,163 - INFO - Speed Sensor is healthy
2026-03-24 19:15:29,164 - INFO - Brake Pressure Sensor is healthy
2026-03-24 19:15:29,164 - INFO - Humidity Sensor is healthy
2026-03-24 19:15:29,165 - INFO - Track Alignment Sensor is healthy
2026-03-24 19:15:29,165 - INFO - Engine Load Sensor is healthy
2026-03-24 19:15:34,166 - INFO - Temperature Sensor is healthy
2026-03-24 19:15:34,167 - INFO - Pressure Sensor is healthy
2026-03-24 19:15:34,168 - INFO - Vibration Sensor is healthy
2026-03-24 19:15:34,168 - ERROR - Fuel Flow Sensor FAILED - Fuel flow interrupted
2026-03-24 19:15:34,169 - INFO - Voltage Sensor is healthy
2026-03-24 19:15:34,169 - INFO - Speed Sensor is healthy
2026-03-24 19:15:34,170 - INFO - Brake Pressure Sensor is healthy
2026-03-24 19:15:34,170 - INFO - Humidity Sensor is healthy
2026-03-24 19:15:34,170 - INFO - Track Alignment Sensor is healthy
2026-03-24 19:15:34,171 - INFO - Engine Load Sensor is healthy
2026-03-24 19:15:39,172 - INFO - Temperature Sensor is healthy
2026-03-24 19:15:39,173 - INFO - Pressure Sensor is healthy
2026-03-24 19:15:39,173 - INFO - Vibration Sensor is healthy
2026-03-24 19:15:39,174 - ERROR - Fuel Flow Sensor FAILED - Fuel flow interrupted
2026-03-24 19:15:39,174 - INFO - Voltage Sensor is healthy
2026-03-24 19:15:39,174 - INFO - Speed Sensor is healthy
2026-03-24 19:15:39,175 - INFO - Brake Pressure Sensor is healthy
2026-03-24 19:15:39,175 - INFO - Humidity Sensor is healthy
2026-03-24 19:15:39,175 - INFO - Track Alignment Sensor is healthy
2026-03-24 19:15:39,176 - INFO - Engine Load Sensor is healthy
2026-03-24 19:15:44,177 - INFO - Temperature Sensor is healthy
2026-03-24 19:15:44,178 - INFO - Pressure Sensor is healthy
2026-03-24 19:15:44,178 - INFO - Vibration Sensor is healthy
2026-03-24 19:15:44,179 - ERROR - Fuel Flow Sensor FAILED - Fuel flow interrupted
2026-03-24 19:15:44,179 - INFO - Voltage Sensor is healthy
2026-03-24 19:15:44,180 - INFO - Speed Sensor is healthy
2026-03-24 19:15:44,180 - INFO - Brake Pressure Sensor is healthy
2026-03-24 19:15:44,180 - INFO - Humidity Sensor is healthy
2026-03-24 19:15:44,181 - INFO - Track Alignment Sensor is healthy
2026-03-24 19:15:44,181 - INFO - Engine Load Sensor is healthy
2026-03-24 19:15:49,182 - INFO - Temperature Sensor is healthy
2026-03-24 19:15:49,183 - INFO - Pressure Sensor is healthy
2026-03-24 19:15:49,183 - INFO - Vibration Sensor is healthy
2026-03-24 19:15:49,183 - ERROR - Fuel Flow Sensor FAILED - Fuel flow interrupted
2026-03-24 19:15:49,184 - INFO - Voltage Sensor is healthy
2026-03-24 19:15:49,184 - INFO - Speed Sensor is healthy
2026-03-24 19:15:49,184 - INFO - Brake Pressure Sensor is healthy
2026-03-24 19:15:49,185 - INFO - Humidity Sensor is healthy
2026-03-24 19:15:49,185 - INFO - Track Alignment Sensor is healthy
2026-03-24 19:15:49,185 - INFO - Engine Load Sensor is healthy
2026-03-24 19:15:54,186 - INFO - Temperature Sensor is healthy
2026-03-24 19:15:54,187 - INFO - Pressure Sensor is healthy
2026-03-24 19:15:54,187 - INFO - Vibration Sensor is healthy
2026-03-24 19:15:54,188 - ERROR - Fuel Flow Sensor FAILED - Fuel flow interrupted
2026-03-24 19:15:54,189 - INFO - Voltage Sensor is healthy
2026-03-24 19:15:54,189 - INFO - Speed Sensor is healthy
2026-03-24 19:15:54,189 - INFO - Brake Pressure Sensor is healthy
2026-03-24 19:15:54,190 - INFO - Humidity Sensor is healthy
2026-03-24 19:15:54,190 - INFO - Track Alignment Sensor is healthy
2026-03-24 19:15:54,190 - INFO - Engine Load Sensor is healthy
2026-03-24 19:15:59,191 - INFO - Temperature Sensor is healthy
2026-03-24 19:15:59,198 - INFO - Pressure Sensor is healthy
2026-03-24 19:15:59,199 - INFO - Vibration Sensor is healthy
2026-03-24 19:15:59,199 - ERROR - Fuel Flow Sensor FAILED - Fuel flow interrupted
2026-03-24 19:15:59,201 - INFO - Voltage Sensor is healthy
2026-03-24 19:15:59,202 - INFO - Speed Sensor is healthy
2026-03-24 19:15:59,202 - INFO - Brake Pressure Sensor is healthy
2026-03-24 19:15:59,203 - INFO - Humidity Sensor is healthy
2026-03-24 19:15:59,204 - INFO - Track Alignment Sensor is healthy
2026-03-24 19:15:59,204 - INFO - Engine Load Sensor is healthy
2026-03-24 19:16:04,205 - INFO - Temperature Sensor is healthy
2026-03-24 19:16:04,206 - INFO - Pressure Sensor is healthy
2026-03-24 19:16:04,207 - INFO - Vibration Sensor is healthy
2026-03-24 19:16:04,209 - ERROR - Fuel Flow Sensor FAILED - Fuel flow interrupted
2026-03-24 19:16:04,209 - INFO - Voltage Sensor is healthy
2026-03-24 19:16:04,210 - INFO - Speed Sensor is healthy
2026-03-24 19:16:04,210 - INFO - Brake Pressure Sensor is healthy
2026-03-24 19:16:04,211 - INFO - Humidity Sensor is healthy
2026-03-24 19:16:04,211 - INFO - Track Alignment Sensor is healthy
2026-03-24 19:16:04,212 - INFO - Engine Load Sensor is healthy
2026-03-24 19:16:09,212 - INFO - Temperature Sensor is healthy
2026-03-24 19:16:09,213 - INFO - Pressure Sensor is healthy
2026-03-24 19:16:09,213 - INFO - Vibration Sensor is healthy
2026-03-24 19:16:09,214 - ERROR - Fuel Flow Sensor FAILED - Fuel flow interrupted
2026-03-24 19:16:09,214 - INFO - Voltage Sensor is healthy
2026-03-24 19:16:09,215 - INFO - Speed Sensor is healthy
2026-03-24 19:16:09,215 - INFO - Brake Pressure Sensor is healthy
2026-03-24 19:16:09,215 - INFO - Humidity Sensor is healthy
2026-03-24 19:16:09,216 - INFO - Track Alignment Sensor is healthy
2026-03-24 19:16:09,216 - INFO - Engine Load Sensor is healthy
2026-03-24 19:16:14,217 - INFO - Temperature Sensor is healthy
2026-03-24 19:16:14,218 - INFO - Pressure Sensor is healthy
2026-03-24 19:16:14,218 - INFO - Vibration Sensor is healthy
2026-03-24 19:16:14,219 - ERROR - Fuel Flow Sensor FAILED - Fuel flow interrupted
2026-03-24 19:16:14,219 - INFO - Voltage Sensor is healthy
2026-03-24 19:16:14,220 - INFO - Speed Sensor is healthy
2026-03-24 19:16:14,220 - INFO - Brake Pressure Sensor is healthy
2026-03-24 19:16:14,220 - INFO - Humidity Sensor is healthy
2026-03-24 19:16:14,221 - INFO - Track Alignment Sensor is healthy
2026-03-24 19:16:14,221 - INFO - Engine Load Sensor is healthy
2026-03-24 19:16:19,223 - INFO - Temperature Sensor is healthy
2026-03-24 19:16:19,224 - INFO - Pressure Sensor is healthy
2026-03-24 19:16:19,224 - INFO - Vibration Sensor is healthy
2026-03-24 19:16:19,226 - ERROR - Fuel Flow Sensor FAILED - Fuel flow interrupted
2026-03-24 19:16:19,226 - INFO - Voltage Sensor is healthy
2026-03-24 19:16:19,227 - INFO - Speed Sensor is healthy
2026-03-24 19:16:19,227 - INFO - Brake Pressure Sensor is healthy
2026-03-24 19:16:19,228 - INFO - Humidity Sensor is healthy
2026-03-24 19:16:19,228 - INFO - Track Alignment Sensor is healthy
2026-03-24 19:16:19,229 - INFO - Engine Load Sensor is healthy
2026-03-24 19:16:24,229 - INFO - Temperature Sensor is healthy
2026-03-24 19:16:24,230 - INFO - Pressure Sensor is healthy
2026-03-24 19:16:24,231 - INFO - Vibration Sensor is healthy
2026-03-24 19:16:24,231 - ERROR - Fuel Flow Sensor FAILED - Fuel flow interrupted
2026-03-24 19:16:24,232 - INFO - Voltage Sensor is healthy
2026-03-24 19:16:24,232 - INFO - Speed Sensor is healthy
2026-03-24 19:16:24,233 - INFO - Brake Pressure Sensor is healthy
2026-03-24 19:16:24,233 - INFO - Humidity Sensor is healthy
2026-03-24 19:16:24,234 - INFO - Track Alignment Sensor is healthy
2026-03-24 19:16:24,234 - INFO - Engine Load Sensor is healthy
2026-03-24 19:16:29,235 - INFO - Temperature Sensor is healthy
2026-03-24 19:16:29,236 - INFO - Pressure Sensor is healthy
2026-03-24 19:16:29,237 - INFO - Vibration Sensor is healthy
2026-03-24 19:16:29,237 - ERROR - Fuel Flow Sensor FAILED - Fuel flow interrupted
2026-03-24 19:16:29,238 - INFO - Voltage Sensor is healthy
2026-03-24 19:16:29,238 - INFO - Speed Sensor is healthy
2026-03-24 19:16:29,239 - INFO - Brake Pressure Sensor is healthy
2026-03-24 19:16:29,239 - INFO - Humidity Sensor is healthy
2026-03-24 19:16:29,240 - INFO - Track Alignment Sensor is healthy
2026-03-24 19:16:29,240 - INFO - Engine Load Sensor is healthy
2026-03-24 19:16:34,241 - INFO - Temperature Sensor is healthy
2026-03-24 19:16:34,242 - INFO - Pressure Sensor is healthy
2026-03-24 19:16:34,243 - INFO - Vibration Sensor is healthy
2026-03-24 19:16:34,243 - ERROR - Fuel Flow Sensor FAILED - Fuel flow interrupted
2026-03-24 19:16:34,244 - INFO - Voltage Sensor is healthy
2026-03-24 19:16:34,245 - INFO - Speed Sensor is healthy
2026-03-24 19:16:34,245 - INFO - Brake Pressure Sensor is healthy
2026-03-24 19:16:34,246 - INFO - Humidity Sensor is healthy
2026-03-24 19:16:34,247 - INFO - Track Alignment Sensor is healthy
2026-03-24 19:16:34,248 - INFO - Engine Load Sensor is healthy
2026-03-24 19:16:39,251 - INFO - Temperature Sensor is healthy
2026-03-24 19:16:39,251 - INFO - Pressure Sensor is healthy
2026-03-24 19:16:39,252 - INFO - Vibration Sensor is healthy
2026-03-24 19:16:39,252 - ERROR - Fuel Flow Sensor FAILED - Fuel flow interrupted
2026-03-24 19:16:39,253 - INFO - Voltage Sensor is healthy
2026-03-24 19:16:39,254 - INFO - Speed Sensor is healthy
2026-03-24 19:16:39,254 - INFO - Brake Pressure Sensor is healthy
2026-03-24 19:16:39,254 - INFO - Humidity Sensor is healthy
2026-03-24 19:16:39,255 - INFO - Track Alignment Sensor is healthy
2026-03-24 19:16:39,255 - INFO - Engine Load Sensor is healthy
2026-03-24 19:16:44,256 - INFO - Temperature Sensor is healthy
2026-03-24 19:16:44,257 - INFO - Pressure Sensor is healthy
2026-03-24 19:16:44,258 - INFO - Vibration Sensor is healthy
2026-03-24 19:16:44,258 - ERROR - Fuel Flow Sensor FAILED - Fuel flow interrupted
2026-03-24 19:16:44,258 - INFO - Voltage Sensor is healthy
2026-03-24 19:16:44,259 - INFO - Speed Sensor is healthy
2026-03-24 19:16:44,259 - INFO - Brake Pressure Sensor is healthy
2026-03-24 19:16:44,260 - INFO - Humidity Sensor is healthy
2026-03-24 19:16:44,260 - INFO - Track Alignment Sensor is healthy
2026-03-24 19:16:44,260 - INFO - Engine Load Sensor is healthy
2026-03-24 19:16:49,262 - INFO - Temperature Sensor is healthy
2026-03-24 19:16:49,263 - INFO - Pressure Sensor is healthy
2026-03-24 19:16:49,263 - INFO - Vibration Sensor is healthy
2026-03-24 19:16:49,264 - ERROR - Fuel Flow Sensor FAILED - Fuel flow interrupted
2026-03-24 19:16:49,264 - INFO - Voltage Sensor is healthy
2026-03-24 19:16:49,265 - INFO - Speed Sensor is healthy
2026-03-24 19:16:49,265 - INFO - Brake Pressure Sensor is healthy
2026-03-24 19:16:49,266 - INFO - Humidity Sensor is healthy
2026-03-24 19:16:49,267 - INFO - Track Alignment Sensor is healthy
2026-03-24 19:16:49,269 - INFO - Engine Load Sensor is healthy
2026-03-24 19:16:54,271 - INFO - Temperature Sensor is healthy
2026-03-24 19:16:54,272 - INFO - Pressure Sensor is healthy
2026-03-24 19:16:54,272 - INFO - Vibration Sensor is healthy
2026-03-24 19:16:54,272 - ERROR - Fuel Flow Sensor FAILED - Fuel flow interrupted
2026-03-24 19:16:54,273 - INFO - Voltage Sensor is healthy
2026-03-24 19:16:54,273 - INFO - Speed Sensor is healthy
2026-03-24 19:16:54,274 - INFO - Brake Pressure Sensor is healthy
2026-03-24 19:16:54,274 - INFO - Humidity Sensor is healthy
2026-03-24 19:16:54,274 - INFO - Track Alignment Sensor is healthy
2026-03-24 19:16:54,275 - INFO - Engine Load Sensor is healthy
2026-03-24 19:16:59,276 - INFO - Temperature Sensor is healthy
2026-03-24 19:16:59,277 - INFO - Pressure Sensor is healthy
2026-03-24 19:16:59,277 - INFO - Vibration Sensor is healthy
2026-03-24 19:16:59,278 - ERROR - Fuel Flow Sensor FAILED - Fuel flow interrupted
2026-03-24 19:16:59,278 - INFO - Voltage Sensor is healthy
2026-03-24 19:16:59,279 - INFO - Speed Sensor is healthy
2026-03-24 19:16:59,279 - INFO - Brake Pressure Sensor is healthy
2026-03-24 19:16:59,279 - INFO - Humidity Sensor is healthy
2026-03-24 19:16:59,280 - INFO - Track Alignment Sensor is healthy
2026-03-24 19:16:59,280 - INFO - Engine Load Sensor is healthy
2026-03-24 19:17:04,281 - INFO - Temperature Sensor is healthy
2026-03-24 19:17:04,282 - INFO - Pressure Sensor is healthy
2026-03-24 19:17:04,282 - INFO - Vibration Sensor is healthy
2026-03-24 19:17:04,282 - ERROR - Fuel Flow Sensor FAILED - Fuel flow interrupted
2026-03-24 19:17:04,283 - INFO - Voltage Sensor is healthy
2026-03-24 19:17:04,283 - INFO - Speed Sensor is healthy
2026-03-24 19:17:04,284 - INFO - Brake Pressure Sensor is healthy
2026-03-24 19:17:04,284 - INFO - Humidity Sensor is healthy
2026-03-24 19:17:04,285 - INFO - Track Alignment Sensor is healthy
2026-03-24 19:17:04,285 - INFO - Engine Load Sensor is healthy
2026-03-24 19:17:09,286 - INFO - Temperature Sensor is healthy
2026-03-24 19:17:09,287 - INFO - Pressure Sensor is healthy
2026-03-24 19:17:09,287 - INFO - Vibration Sensor is healthy
2026-03-24 19:17:09,287 - ERROR - Fuel Flow Sensor FAILED - Fuel flow interrupted
2026-03-24 19:17:09,288 - INFO - Voltage Sensor is healthy
2026-03-24 19:17:09,288 - INFO - Speed Sensor is healthy
2026-03-24 19:17:09,288 - INFO - Brake Pressure Sensor is healthy
2026-03-24 19:17:09,289 - INFO - Humidity Sensor is healthy
2026-03-24 19:17:09,289 - INFO - Track Alignment Sensor is healthy
2026-03-24 19:17:09,289 - INFO - Engine Load Sensor is healthy
2026-03-24 19:17:14,290 - INFO - Temperature Sensor is healthy
2026-03-24 19:17:14,291 - INFO - Pressure Sensor is healthy
2026-03-24 19:17:14,292 - INFO - Vibration Sensor is healthy
2026-03-24 19:17:14,292 - ERROR - Fuel Flow Sensor FAILED - Fuel flow interrupted
2026-03-24 19:17:14,293 - INFO - Voltage Sensor is healthy
2026-03-24 19:17:14,293 - INFO - Speed Sensor is healthy
2026-03-24 19:17:14,294 - INFO - Brake Pressure Sensor is healthy
2026-03-24 19:17:14,294 - INFO - Humidity Sensor is healthy
2026-03-24 19:17:14,295 - INFO - Track Alignment Sensor is healthy
2026-03-24 19:17:14,296 - INFO - Engine Load Sensor is healthy
2026-03-24 19:17:19,297 - INFO - Temperature Sensor is healthy
2026-03-24 19:17:19,298 - INFO - Pressure Sensor is healthy
2026-03-24 19:17:19,299 - INFO - Vibration Sensor is healthy
2026-03-24 19:17:19,299 - ERROR - Fuel Flow Sensor FAILED - Fuel flow interrupted
2026-03-24 19:17:19,300 - INFO - Voltage Sensor is healthy
2026-03-24 19:17:19,300 - INFO - Speed Sensor is healthy
2026-03-24 19:17:19,301 - INFO - Brake Pressure Sensor is healthy
2026-03-24 19:17:19,301 - INFO - Humidity Sensor is healthy
2026-03-24 19:17:19,301 - INFO - Track Alignment Sensor is healthy
2026-03-24 19:17:19,302 - INFO - Engine Load Sensor is healthy
2026-03-24 19:17:24,303 - INFO - Temperature Sensor is healthy
2026-03-24 19:17:24,304 - INFO - Pressure Sensor is healthy
2026-03-24 19:17:24,304 - INFO - Vibration Sensor is healthy
2026-03-24 19:17:24,305 - ERROR - Fuel Flow Sensor FAILED - Fuel flow interrupted
2026-03-24 19:17:24,305 - INFO - Voltage Sensor is healthy
2026-03-24 19:17:24,306 - INFO - Speed Sensor is healthy
2026-03-24 19:17:24,306 - INFO - Brake Pressure Sensor is healthy
2026-03-24 19:17:24,307 - INFO - Humidity Sensor is healthy
2026-03-24 19:17:24,307 - INFO - Track Alignment Sensor is healthy
2026-03-24 19:17:24,307 - INFO - Engine Load Sensor is healthy
2026-03-24 19:17:29,309 - INFO - Temperature Sensor is healthy
2026-03-24 19:17:29,309 - INFO - Pressure Sensor is healthy
2026-03-24 19:17:29,310 - INFO - Vibration Sensor is healthy
2026-03-24 19:17:29,310 - ERROR - Fuel Flow Sensor FAILED - Fuel flow interrupted
2026-03-24 19:17:29,311 - INFO - Voltage Sensor is healthy
2026-03-24 19:17:29,311 - INFO - Speed Sensor is healthy
2026-03-24 19:17:29,312 - INFO - Brake Pressure Sensor is healthy
2026-03-24 19:17:29,313 - INFO - Humidity Sensor is healthy
2026-03-24 19:17:29,313 - INFO - Track Alignment Sensor is healthy
2026-03-24 19:17:29,313 - INFO - Engine Load Sensor is healthy
2026-03-24 19:17:34,314 - INFO - Temperature Sensor is healthy
2026-03-24 19:17:34,315 - INFO - Pressure Sensor is healthy
2026-03-24 19:17:34,317 - INFO - Vibration Sensor is healthy
2026-03-24 19:17:34,318 - ERROR - Fuel Flow Sensor FAILED - Fuel flow interrupted
2026-03-24 19:17:34,318 - INFO - Voltage Sensor is healthy
2026-03-24 19:17:34,318 - INFO - Speed Sensor is healthy
2026-03-24 19:17:34,319 - INFO - Brake Pressure Sensor is healthy
2026-03-24 19:17:34,319 - INFO - Humidity Sensor is healthy
2026-03-24 19:17:34,320 - INFO - Track Alignment Sensor is healthy
2026-03-24 19:17:34,320 - INFO - Engine Load Sensor is healthy
2026-03-24 19:17:39,321 - INFO - Temperature Sensor is healthy
2026-03-24 19:17:39,322 - INFO - Pressure Sensor is healthy
2026-03-24 19:17:39,323 - INFO - Vibration Sensor is healthy
2026-03-24 19:17:39,323 - ERROR - Fuel Flow Sensor FAILED - Fuel flow interrupted
2026-03-24 19:17:39,324 - INFO - Voltage Sensor is healthy
2026-03-24 19:17:39,324 - INFO - Speed Sensor is healthy
2026-03-24 19:17:39,325 - INFO - Brake Pressure Sensor is healthy
2026-03-24 19:17:39,325 - INFO - Humidity Sensor is healthy
2026-03-24 19:17:39,325 - INFO - Track Alignment Sensor is healthy
2026-03-24 19:17:39,326 - INFO - Engine Load Sensor is healthy
2026-03-24 19:17:44,326 - INFO - Temperature Sensor is healthy
2026-03-24 19:17:44,327 - INFO - Pressure Sensor is healthy
2026-03-24 19:17:44,328 - INFO - Vibration Sensor is healthy
2026-03-24 19:17:44,328 - ERROR - Fuel Flow Sensor FAILED - Fuel flow interrupted
2026-03-24 19:17:44,328 - INFO - Voltage Sensor is healthy
2026-03-24 19:17:44,329 - INFO - Speed Sensor is healthy
2026-03-24 19:17:44,329 - INFO - Brake Pressure Sensor is healthy
2026-03-24 19:17:44,330 - INFO - Humidity Sensor is healthy
2026-03-24 19:17:44,330 - INFO - Track Alignment Sensor is healthy
2026-03-24 19:17:44,330 - INFO - Engine Load Sensor is healthy
2026-03-24 19:17:49,332 - INFO - Temperature Sensor is healthy
2026-03-24 19:17:49,332 - INFO - Pressure Sensor is healthy
2026-03-24 19:17:49,333 - INFO - Vibration Sensor is healthy
2026-03-24 19:17:49,333 - ERROR - Fuel Flow Sensor FAILED - Fuel flow interrupted
2026-03-24 19:17:49,333 - INFO - Voltage Sensor is healthy
2026-03-24 19:17:49,334 - INFO - Speed Sensor is healthy
2026-03-24 19:17:49,335 - INFO - Brake Pressure Sensor is healthy
2026-03-24 19:17:49,335 - INFO - Humidity Sensor is healthy
2026-03-24 19:17:49,335 - INFO - Track Alignment Sensor is healthy
2026-03-24 19:17:49,336 - INFO - Engine Load Sensor is healthy
2026-03-24 19:17:54,336 - INFO - Temperature Sensor is healthy
2026-03-24 19:17:54,337 - INFO - Pressure Sensor is healthy
2026-03-24 19:17:54,337 - INFO - Vibration Sensor is healthy
2026-03-24 19:17:54,337 - ERROR - Fuel Flow Sensor FAILED - Fuel flow interrupted
2026-03-24 19:17:54,338 - INFO - Voltage Sensor is healthy
2026-03-24 19:17:54,338 - INFO - Speed Sensor is healthy
2026-03-24 19:17:54,338 - INFO - Brake Pressure Sensor is healthy
2026-03-24 19:17:54,339 - INFO - Humidity Sensor is healthy
2026-03-24 19:17:54,339 - INFO - Track Alignment Sensor is healthy
2026-03-24 19:17:54,340 - INFO - Engine Load Sensor is healthy
2026-03-24 19:17:59,341 - INFO - Temperature Sensor is healthy
2026-03-24 19:17:59,341 - INFO - Pressure Sensor is healthy
2026-03-24 19:17:59,342 - INFO - Vibration Sensor is healthy
2026-03-24 19:17:59,342 - ERROR - Fuel Flow Sensor FAILED - Fuel flow interrupted
2026-03-24 19:17:59,343 - INFO - Voltage Sensor is healthy
2026-03-24 19:17:59,343 - INFO - Speed Sensor is healthy
2026-03-24 19:17:59,344 - INFO - Brake Pressure Sensor is healthy
2026-03-24 19:17:59,344 - INFO - Humidity Sensor is healthy
2026-03-24 19:17:59,344 - INFO - Track Alignment Sensor is healthy
2026-03-24 19:17:59,345 - INFO - Engine Load Sensor is healthy
2026-03-24 19:18:04,346 - INFO - Temperature Sensor is healthy
2026-03-24 19:18:04,347 - INFO - Pressure Sensor is healthy
2026-03-24 19:18:04,347 - INFO - Vibration Sensor is healthy
2026-03-24 19:18:04,348 - ERROR - Fuel Flow Sensor FAILED - Fuel flow interrupted
2026-03-24 19:18:04,348 - INFO - Voltage Sensor is healthy
2026-03-24 19:18:04,349 - INFO - Speed Sensor is healthy
2026-03-24 19:18:04,350 - INFO - Brake Pressure Sensor is healthy
2026-03-24 19:18:04,351 - INFO - Humidity Sensor is healthy
2026-03-24 19:18:04,351 - INFO - Track Alignment Sensor is healthy
2026-03-24 19:18:04,352 - INFO - Engine Load Sensor is healthy
2026-03-24 19:18:09,352 - INFO - Temperature Sensor is healthy
2026-03-24 19:18:09,353 - INFO - Pressure Sensor is healthy
2026-03-24 19:18:09,354 - INFO - Vibration Sensor is healthy
2026-03-24 19:18:09,354 - ERROR - Fuel Flow Sensor FAILED - Fuel flow interrupted
2026-03-24 19:18:09,354 - INFO - Voltage Sensor is healthy
2026-03-24 19:18:09,355 - INFO - Speed Sensor is healthy
2026-03-24 19:18:09,355 - INFO - Brake Pressure Sensor is healthy
2026-03-24 19:18:09,356 - INFO - Humidity Sensor is healthy
2026-03-24 19:18:09,356 - INFO - Track Alignment Sensor is healthy
2026-03-24 19:18:09,356 - INFO - Engine Load Sensor is healthy
2026-03-24 19:18:14,357 - INFO - Temperature Sensor is healthy
2026-03-24 19:18:14,359 - INFO - Pressure Sensor is healthy
2026-03-24 19:18:14,360 - INFO - Vibration Sensor is healthy
2026-03-24 19:18:14,360 - ERROR - Fuel Flow Sensor FAILED - Fuel flow interrupted
2026-03-24 19:18:14,361 - INFO - Voltage Sensor is healthy
2026-03-24 19:18:14,361 - INFO - Speed Sensor is healthy
2026-03-24 19:18:14,362 - INFO - Brake Pressure Sensor is healthy
2026-03-24 19:18:14,362 - INFO - Humidity Sensor is healthy
2026-03-24 19:18:14,363 - INFO - Track Alignment Sensor is healthy
2026-03-24 19:18:14,364 - INFO - Engine Load Sensor is healthy
2026-03-24 19:18:19,367 - INFO - Temperature Sensor is healthy
2026-03-24 19:18:19,369 - INFO - Pressure Sensor is healthy
2026-03-24 19:18:19,370 - INFO - Vibration Sensor is healthy
2026-03-24 19:18:19,370 - ERROR - Fuel Flow Sensor FAILED - Fuel flow interrupted
2026-03-24 19:18:19,371 - INFO - Voltage Sensor is healthy
2026-03-24 19:18:19,371 - INFO - Speed Sensor is healthy
2026-03-24 19:18:19,372 - INFO - Brake Pressure Sensor is healthy
2026-03-24 19:18:19,387 - INFO - Humidity Sensor is healthy
2026-03-24 19:18:19,389 - INFO - Track Alignment Sensor is healthy
2026-03-24 19:18:19,391 - INFO - Engine Load Sensor is healthy
2026-03-24 19:18:24,393 - INFO - Temperature Sensor is healthy
2026-03-24 19:18:24,393 - INFO - Pressure Sensor is healthy
2026-03-24 19:18:24,394 - INFO - Vibration Sensor is healthy
2026-03-24 19:18:24,394 - ERROR - Fuel Flow Sensor FAILED - Fuel flow interrupted
2026-03-24 19:18:24,394 - INFO - Voltage Sensor is healthy
2026-03-24 19:18:24,395 - INFO - Speed Sensor is healthy
2026-03-24 19:18:24,395 - INFO - Brake Pressure Sensor is healthy
2026-03-24 19:18:24,395 - INFO - Humidity Sensor is healthy
2026-03-24 19:18:24,396 - INFO - Track Alignment Sensor is healthy
2026-03-24 19:18:24,396 - INFO - Engine Load Sensor is healthy
2026-03-24 19:18:29,397 - INFO - Temperature Sensor is healthy
2026-03-24 19:18:29,399 - INFO - Pressure Sensor is healthy
2026-03-24 19:18:29,400 - INFO - Vibration Sensor is healthy
2026-03-24 19:18:29,401 - ERROR - Fuel Flow Sensor FAILED - Fuel flow interrupted
2026-03-24 19:18:29,401 - INFO - Voltage Sensor is healthy
2026-03-24 19:18:29,402 - INFO - Speed Sensor is healthy
2026-03-24 19:18:29,402 - INFO - Brake Pressure Sensor is healthy
2026-03-24 19:18:29,403 - INFO - Humidity Sensor is healthy
2026-03-24 19:18:29,404 - INFO - Track Alignment Sensor is healthy
2026-03-24 19:18:29,404 - INFO - Engine Load Sensor is healthy
2026-03-24 19:18:34,405 - INFO - Temperature Sensor is healthy
2026-03-24 19:18:34,406 - INFO - Pressure Sensor is healthy
2026-03-24 19:18:34,407 - INFO - Vibration Sensor is healthy
2026-03-24 19:18:34,407 - ERROR - Fuel Flow Sensor FAILED - Fuel flow interrupted
2026-03-24 19:18:34,407 - INFO - Voltage Sensor is healthy
2026-03-24 19:18:34,408 - INFO - Speed Sensor is healthy
2026-03-24 19:18:34,408 - INFO - Brake Pressure Sensor is healthy
2026-03-24 19:18:34,409 - INFO - Humidity Sensor is healthy
2026-03-24 19:18:34,409 - INFO - Track Alignment Sensor is healthy
2026-03-24 19:18:34,409 - INFO - Engine Load Sensor is healthy
2026-03-24 19:18:39,410 - INFO - Temperature Sensor is healthy
2026-03-24 19:18:39,411 - INFO - Pressure Sensor is healthy
2026-03-24 19:18:39,411 - INFO - Vibration Sensor is healthy
2026-03-24 19:18:39,412 - ERROR - Fuel Flow Sensor FAILED - Fuel flow interrupted
2026-03-24 19:18:39,412 - INFO - Voltage Sensor is healthy
2026-03-24 19:18:39,412 - INFO - Speed Sensor is healthy
2026-03-24 19:18:39,413 - INFO - Brake Pressure Sensor is healthy
2026-03-24 19:18:39,413 - INFO - Humidity Sensor is healthy
2026-03-24 19:18:39,414 - INFO - Track Alignment Sensor is healthy
2026-03-24 19:18:39,415 - INFO - Engine Load Sensor is healthy
2026-03-24 19:18:44,416 - INFO - Temperature Sensor is healthy
2026-03-24 19:18:44,417 - INFO - Pressure Sensor is healthy
2026-03-24 19:18:44,417 - INFO - Vibration Sensor is healthy
2026-03-24 19:18:44,417 - ERROR - Fuel Flow Sensor FAILED - Fuel flow interrupted
2026-03-24 19:18:44,418 - INFO - Voltage Sensor is healthy
2026-03-24 19:18:44,418 - INFO - Speed Sensor is healthy
2026-03-24 19:18:44,419 - INFO - Brake Pressure Sensor is healthy
2026-03-24 19:18:44,419 - INFO - Humidity Sensor is healthy
2026-03-24 19:18:44,419 - INFO - Track Alignment Sensor is healthy
2026-03-24 19:18:44,420 - INFO - Engine Load Sensor is healthy
2026-03-24 19:18:49,421 - INFO - Temperature Sensor is healthy
2026-03-24 19:18:49,423 - INFO - Pressure Sensor is healthy
2026-03-24 19:18:49,423 - INFO - Vibration Sensor is healthy
2026-03-24 19:18:49,424 - ERROR - Fuel Flow Sensor FAILED - Fuel flow interrupted
2026-03-24 19:18:49,424 - INFO - Voltage Sensor is healthy
2026-03-24 19:18:49,424 - INFO - Speed Sensor is healthy
2026-03-24 19:18:49,425 - INFO - Brake Pressure Sensor is healthy
2026-03-24 19:18:49,425 - INFO - Humidity Sensor is healthy
2026-03-24 19:18:49,426 - INFO - Track Alignment Sensor is healthy
2026-03-24 19:18:49,426 - INFO - Engine Load Sensor is healthy
2026-03-24 19:18:54,427 - INFO - Temperature Sensor is healthy
2026-03-24 19:18:54,427 - INFO - Pressure Sensor is healthy
2026-03-24 19:18:54,428 - INFO - Vibration Sensor is healthy
2026-03-24 19:18:54,428 - ERROR - Fuel Flow Sensor FAILED - Fuel flow interrupted
2026-03-24 19:18:54,429 - INFO - Voltage Sensor is healthy
2026-03-24 19:18:54,429 - INFO - Speed Sensor is healthy
2026-03-24 19:18:54,430 - INFO - Brake Pressure Sensor is healthy
2026-03-24 19:18:54,430 - INFO - Humidity Sensor is healthy
2026-03-24 19:18:54,431 - INFO - Track Alignment Sensor is healthy
2026-03-24 19:18:54,433 - INFO - Engine Load Sensor is healthy
2026-03-24 19:18:59,435 - INFO - Temperature Sensor is healthy
2026-03-24 19:18:59,436 - INFO - Pressure Sensor is healthy
2026-03-24 19:18:59,437 - INFO - Vibration Sensor is healthy
2026-03-24 19:18:59,437 - ERROR - Fuel Flow Sensor FAILED - Fuel flow interrupted
2026-03-24 19:18:59,438 - INFO - Voltage Sensor is healthy
2026-03-24 19:18:59,438 - INFO - Speed Sensor is healthy
2026-03-24 19:18:59,439 - INFO - Brake Pressure Sensor is healthy
2026-03-24 19:18:59,440 - INFO - Humidity Sensor is healthy
2026-03-24 19:18:59,440 - INFO - Track Alignment Sensor is healthy
2026-03-24 19:18:59,440 - INFO - Engine Load Sensor is healthy
2026-03-24 19:19:04,441 - INFO - Temperature Sensor is healthy
2026-03-24 19:19:04,442 - INFO - Pressure Sensor is healthy
2026-03-24 19:19:04,443 - INFO - Vibration Sensor is healthy
2026-03-24 19:19:04,444 - ERROR - Fuel Flow Sensor FAILED - Fuel flow interrupted
2026-03-24 19:19:04,444 - INFO - Voltage Sensor is healthy
2026-03-24 19:19:04,445 - INFO - Speed Sensor is healthy
2026-03-24 19:19:04,445 - INFO - Brake Pressure Sensor is healthy
2026-03-24 19:19:04,446 - INFO - Humidity Sensor is healthy
2026-03-24 19:19:04,446 - INFO - Track Alignment Sensor is healthy
2026-03-24 19:19:04,447 - INFO - Engine Load Sensor is healthy
2026-03-24 19:19:09,448 - INFO - Temperature Sensor is healthy
2026-03-24 19:19:09,449 - INFO - Pressure Sensor is healthy
2026-03-24 19:19:09,449 - INFO - Vibration Sensor is healthy
2026-03-24 19:19:09,450 - ERROR - Fuel Flow Sensor FAILED - Fuel flow interrupted
2026-03-24 19:19:09,450 - INFO - Voltage Sensor is healthy
2026-03-24 19:19:09,451 - INFO - Speed Sensor is healthy
2026-03-24 19:19:09,451 - INFO - Brake Pressure Sensor is healthy
2026-03-24 19:19:09,452 - INFO - Humidity Sensor is healthy
2026-03-24 19:19:09,452 - INFO - Track Alignment Sensor is healthy
2026-03-24 19:19:09,452 - INFO - Engine Load Sensor is healthy
2026-03-24 19:19:14,453 - INFO - Temperature Sensor is healthy
2026-03-24 19:19:14,454 - INFO - Pressure Sensor is healthy
2026-03-24 19:19:14,454 - INFO - Vibration Sensor is healthy
2026-03-24 19:19:14,454 - ERROR - Fuel Flow Sensor FAILED - Fuel flow interrupted
2026-03-24 19:19:14,455 - INFO - Voltage Sensor is healthy
2026-03-24 19:19:14,455 - INFO - Speed Sensor is healthy
2026-03-24 19:19:14,456 - INFO - Brake Pressure Sensor is healthy
2026-03-24 19:19:14,456 - INFO - Humidity Sensor is healthy
2026-03-24 19:19:14,456 - INFO - Track Alignment Sensor is healthy
2026-03-24 19:19:14,457 - INFO - Engine Load Sensor is healthy
2026-03-24 19:19:19,458 - INFO - Temperature Sensor is healthy
2026-03-24 19:19:19,459 - INFO - Pressure Sensor is healthy
2026-03-24 19:19:19,459 - INFO - Vibration Sensor is healthy
2026-03-24 19:19:19,460 - ERROR - Fuel Flow Sensor FAILED - Fuel flow interrupted
2026-03-24 19:19:19,460 - INFO - Voltage Sensor is healthy
2026-03-24 19:19:19,461 - INFO - Speed Sensor is healthy
2026-03-24 19:19:19,461 - INFO - Brake Pressure Sensor is healthy
2026-03-24 19:19:19,462 - INFO - Humidity Sensor is healthy
2026-03-24 19:19:19,462 - INFO - Track Alignment Sensor is healthy
2026-03-24 19:19:19,462 - INFO - Engine Load Sensor is healthy
2026-03-24 19:19:24,463 - INFO - Temperature Sensor is healthy
2026-03-24 19:19:24,464 - INFO - Pressure Sensor is healthy
2026-03-24 19:19:24,465 - INFO - Vibration Sensor is healthy
2026-03-24 19:19:24,466 - ERROR - Fuel Flow Sensor FAILED - Fuel flow interrupted
2026-03-24 19:19:24,466 - INFO - Voltage Sensor is healthy
2026-03-24 19:19:24,467 - INFO - Speed Sensor is healthy
2026-03-24 19:19:24,467 - INFO - Brake Pressure Sensor is healthy
2026-03-24 19:19:24,468 - INFO - Humidity Sensor is healthy
2026-03-24 19:19:24,468 - INFO - Track Alignment Sensor is healthy
2026-03-24 19:19:24,469 - INFO - Engine Load Sensor is healthy
2026-03-24 19:19:29,470 - INFO - Temperature Sensor is healthy
2026-03-24 19:19:29,471 - INFO - Pressure Sensor is healthy
2026-03-24 19:19:29,471 - INFO - Vibration Sensor is healthy
2026-03-24 19:19:29,471 - ERROR - Fuel Flow Sensor FAILED - Fuel flow interrupted
2026-03-24 19:19:29,472 - INFO - Voltage Sensor is healthy
2026-03-24 19:19:29,472 - INFO - Speed Sensor is healthy
2026-03-24 19:19:29,473 - INFO - Brake Pressure Sensor is healthy
2026-03-24 19:19:29,473 - INFO - Humidity Sensor is healthy
2026-03-24 19:19:29,473 - INFO - Track Alignment Sensor is healthy
2026-03-24 19:19:29,474 - INFO - Engine Load Sensor is healthy
2026-03-24 19:19:34,475 - INFO - Temperature Sensor is healthy
2026-03-24 19:19:34,476 - INFO - Pressure Sensor is healthy
2026-03-24 19:19:34,476 - INFO - Vibration Sensor is healthy
2026-03-24 19:19:34,477 - ERROR - Fuel Flow Sensor FAILED - Fuel flow interrupted
2026-03-24 19:19:34,477 - INFO - Voltage Sensor is healthy
2026-03-24 19:19:34,477 - INFO - Speed Sensor is healthy
2026-03-24 19:19:34,478 - INFO - Brake Pressure Sensor is healthy
2026-03-24 19:19:34,478 - INFO - Humidity Sensor is healthy
2026-03-24 19:19:34,478 - INFO - Track Alignment Sensor is healthy
2026-03-24 19:19:34,479 - INFO - Engine Load Sensor is healthy
2026-03-24 19:19:39,480 - INFO - Temperature Sensor is healthy
2026-03-24 19:19:39,481 - INFO - Pressure Sensor is healthy
2026-03-24 19:19:39,481 - INFO - Vibration Sensor is healthy
2026-03-24 19:19:39,482 - ERROR - Fuel Flow Sensor FAILED - Fuel flow interrupted
2026-03-24 19:19:39,482 - INFO - Voltage Sensor is healthy
2026-03-24 19:19:39,483 - INFO - Speed Sensor is healthy
2026-03-24 19:19:39,483 - INFO - Brake Pressure Sensor is healthy
2026-03-24 19:19:39,484 - INFO - Humidity Sensor is healthy
2026-03-24 19:19:39,484 - INFO - Track Alignment Sensor is healthy
2026-03-24 19:19:39,484 - INFO - Engine Load Sensor is healthy
2026-03-24 19:19:44,485 - INFO - Temperature Sensor is healthy
2026-03-24 19:19:44,486 - INFO - Pressure Sensor is healthy
2026-03-24 19:19:44,487 - INFO - Vibration Sensor is healthy
2026-03-24 19:19:44,487 - ERROR - Fuel Flow Sensor FAILED - Fuel flow interrupted
2026-03-24 19:19:44,487 - INFO - Voltage Sensor is healthy
2026-03-24 19:19:44,487 - INFO - Speed Sensor is healthy
2026-03-24 19:19:44,488 - INFO - Brake Pressure Sensor is healthy
2026-03-24 19:19:44,488 - INFO - Humidity Sensor is healthy
2026-03-24 19:19:44,488 - INFO - Track Alignment Sensor is healthy
2026-03-24 19:19:44,489 - INFO - Engine Load Sensor is healthy
2026-03-24 19:19:49,490 - INFO - Temperature Sensor is healthy
2026-03-24 19:19:49,491 - INFO - Pressure Sensor is healthy
2026-03-24 19:19:49,491 - INFO - Vibration Sensor is healthy
2026-03-24 19:19:49,492 - ERROR - Fuel Flow Sensor FAILED - Fuel flow interrupted
2026-03-24 19:19:49,492 - INFO - Voltage Sensor is healthy
2026-03-24 19:19:49,493 - INFO - Speed Sensor is healthy
2026-03-24 19:19:49,494 - INFO - Brake Pressure Sensor is healthy
2026-03-24 19:19:49,494 - INFO - Humidity Sensor is healthy
2026-03-24 19:19:49,495 - INFO - Track Alignment Sensor is healthy
2026-03-24 19:19:49,495 - INFO - Engine Load Sensor is healthy
2026-03-24 19:19:54,496 - INFO - Temperature Sensor is healthy
2026-03-24 19:19:54,497 - INFO - Pressure Sensor is healthy
2026-03-24 19:19:54,497 - INFO - Vibration Sensor is healthy
2026-03-24 19:19:54,498 - ERROR - Fuel Flow Sensor FAILED - Fuel flow interrupted
2026-03-24 19:19:54,498 - INFO - Voltage Sensor is healthy
2026-03-24 19:19:54,499 - INFO - Speed Sensor is healthy
2026-03-24 19:19:54,500 - INFO - Brake Pressure Sensor is healthy
2026-03-24 19:19:54,500 - INFO - Humidity Sensor is healthy
2026-03-24 19:19:54,500 - INFO - Track Alignment Sensor is healthy
2026-03-24 19:19:54,501 - INFO - Engine Load Sensor is healthy
2026-03-24 19:19:59,502 - INFO - Temperature Sensor is healthy
2026-03-24 19:19:59,503 - INFO - Pressure Sensor is healthy
2026-03-24 19:19:59,503 - INFO - Vibration Sensor is healthy
2026-03-24 19:19:59,504 - ERROR - Fuel Flow Sensor FAILED - Fuel flow interrupted
2026-03-24 19:19:59,504 - INFO - Voltage Sensor is healthy
2026-03-24 19:19:59,504 - INFO - Speed Sensor is healthy
2026-03-24 19:19:59,505 - INFO - Brake Pressure Sensor is healthy
2026-03-24 19:19:59,505 - INFO - Humidity Sensor is healthy
2026-03-24 19:19:59,506 - INFO - Track Alignment Sensor is healthy
2026-03-24 19:19:59,506 - INFO - Engine Load Sensor is healthy
2026-03-24 19:20:04,507 - INFO - Temperature Sensor is healthy
2026-03-24 19:20:04,509 - INFO - Pressure Sensor is healthy
2026-03-24 19:20:04,509 - INFO - Vibration Sensor is healthy
2026-03-24 19:20:04,509 - ERROR - Fuel Flow Sensor FAILED - Fuel flow interrupted
2026-03-24 19:20:04,510 - INFO - Voltage Sensor is healthy
2026-03-24 19:20:04,510 - INFO - Speed Sensor is healthy
2026-03-24 19:20:04,510 - INFO - Brake Pressure Sensor is healthy
2026-03-24 19:20:04,511 - INFO - Humidity Sensor is healthy
2026-03-24 19:20:04,511 - INFO - Track Alignment Sensor is healthy
2026-03-24 19:20:04,511 - INFO - Engine Load Sensor is healthy
2026-03-24 19:20:09,512 - INFO - Temperature Sensor is healthy
2026-03-24 19:20:09,513 - INFO - Pressure Sensor is healthy
2026-03-24 19:20:09,513 - INFO - Vibration Sensor is healthy
2026-03-24 19:20:09,514 - ERROR - Fuel Flow Sensor FAILED - Fuel flow interrupted
2026-03-24 19:20:09,514 - INFO - Voltage Sensor is healthy
2026-03-24 19:20:09,514 - INFO - Speed Sensor is healthy
2026-03-24 19:20:09,515 - INFO - Brake Pressure Sensor is healthy
2026-03-24 19:20:09,515 - INFO - Humidity Sensor is healthy
2026-03-24 19:20:09,515 - INFO - Track Alignment Sensor is healthy
2026-03-24 19:20:09,516 - INFO - Engine Load Sensor is healthy
2026-03-24 19:20:14,516 - INFO - Temperature Sensor is healthy
2026-03-24 19:20:14,517 - INFO - Pressure Sensor is healthy
2026-03-24 19:20:14,517 - INFO - Vibration Sensor is healthy
2026-03-24 19:20:14,518 - ERROR - Fuel Flow Sensor FAILED - Fuel flow interrupted
2026-03-24 19:20:14,518 - INFO - Voltage Sensor is healthy
2026-03-24 19:20:14,519 - INFO - Speed Sensor is healthy
2026-03-24 19:20:14,519 - INFO - Brake Pressure Sensor is healthy
2026-03-24 19:20:14,520 - INFO - Humidity Sensor is healthy
2026-03-24 19:20:14,520 - INFO - Track Alignment Sensor is healthy
2026-03-24 19:20:14,521 - INFO - Engine Load Sensor is healthy
2026-03-24 19:20:19,522 - INFO - Temperature Sensor is healthy
2026-03-24 19:20:19,523 - INFO - Pressure Sensor is healthy
2026-03-24 19:20:19,523 - INFO - Vibration Sensor is healthy
2026-03-24 19:20:19,523 - ERROR - Fuel Flow Sensor FAILED - Fuel flow interrupted
2026-03-24 19:20:19,524 - INFO - Voltage Sensor is healthy
2026-03-24 19:20:19,524 - INFO - Speed Sensor is healthy
2026-03-24 19:20:19,525 - INFO - Brake Pressure Sensor is healthy
2026-03-24 19:20:19,525 - INFO - Humidity Sensor is healthy
2026-03-24 19:20:19,526 - INFO - Track Alignment Sensor is healthy
2026-03-24 19:20:19,526 - INFO - Engine Load Sensor is healthy
2026-03-24 19:20:24,527 - INFO - Temperature Sensor is healthy
2026-03-24 19:20:24,528 - INFO - Pressure Sensor is healthy
2026-03-24 19:20:24,528 - INFO - Vibration Sensor is healthy
2026-03-24 19:20:24,528 - ERROR - Fuel Flow Sensor FAILED - Fuel flow interrupted
2026-03-24 19:20:24,529 - INFO - Voltage Sensor is healthy
2026-03-24 19:20:24,529 - INFO - Speed Sensor is healthy
2026-03-24 19:20:24,529 - INFO - Brake Pressure Sensor is healthy
2026-03-24 19:20:24,529 - INFO - Humidity Sensor is healthy
2026-03-24 19:20:24,530 - INFO - Track Alignment Sensor is healthy
2026-03-24 19:20:24,530 - INFO - Engine Load Sensor is healthy
2026-03-24 19:20:29,531 - INFO - Temperature Sensor is healthy
2026-03-24 19:20:29,532 - INFO - Pressure Sensor is healthy
2026-03-24 19:20:29,533 - INFO - Vibration Sensor is healthy
2026-03-24 19:20:29,533 - ERROR - Fuel Flow Sensor FAILED - Fuel flow interrupted
2026-03-24 19:20:29,534 - INFO - Voltage Sensor is healthy
2026-03-24 19:20:29,534 - INFO - Speed Sensor is healthy
2026-03-24 19:20:29,534 - INFO - Brake Pressure Sensor is healthy
2026-03-24 19:20:29,535 - INFO - Humidity Sensor is healthy
2026-03-24 19:20:29,535 - INFO - Track Alignment Sensor is healthy
2026-03-24 19:20:29,535 - INFO - Engine Load Sensor is healthy
2026-03-24 19:20:34,537 - INFO - Temperature Sensor is healthy
2026-03-24 19:20:34,538 - INFO - Pressure Sensor is healthy
2026-03-24 19:20:34,539 - INFO - Vibration Sensor is healthy
2026-03-24 19:20:34,539 - ERROR - Fuel Flow Sensor FAILED - Fuel flow interrupted
2026-03-24 19:20:34,540 - INFO - Voltage Sensor is healthy
2026-03-24 19:20:34,541 - INFO - Speed Sensor is healthy
2026-03-24 19:20:34,542 - INFO - Brake Pressure Sensor is healthy
2026-03-24 19:20:34,542 - INFO - Humidity Sensor is healthy
2026-03-24 19:20:34,544 - INFO - Track Alignment Sensor is healthy
2026-03-24 19:20:34,545 - INFO - Engine Load Sensor is healthy
2026-03-24 19:20:39,546 - INFO - Temperature Sensor is healthy
2026-03-24 19:20:39,551 - INFO - Pressure Sensor is healthy
2026-03-24 19:20:39,553 - INFO - Vibration Sensor is healthy
2026-03-24 19:20:39,554 - ERROR - Fuel Flow Sensor FAILED - Fuel flow interrupted
2026-03-24 19:20:39,557 - INFO - Voltage Sensor is healthy
2026-03-24 19:20:39,559 - INFO - Speed Sensor is healthy
2026-03-24 19:20:39,559 - INFO - Brake Pressure Sensor is healthy
2026-03-24 19:20:39,560 - INFO - Humidity Sensor is healthy
2026-03-24 19:20:39,560 - INFO - Track Alignment Sensor is healthy
2026-03-24 19:20:39,561 - INFO - Engine Load Sensor is healthy
2026-03-24 19:20:44,562 - INFO - Temperature Sensor is healthy
2026-03-24 19:20:44,563 - INFO - Pressure Sensor is healthy
2026-03-24 19:20:44,563 - INFO - Vibration Sensor is healthy
2026-03-24 19:20:44,564 - ERROR - Fuel Flow Sensor FAILED - Fuel flow interrupted
2026-03-24 19:20:44,564 - INFO - Voltage Sensor is healthy
2026-03-24 19:20:44,565 - INFO - Speed Sensor is healthy
2026-03-24 19:20:44,565 - INFO - Brake Pressure Sensor is healthy
2026-03-24 19:20:44,566 - INFO - Humidity Sensor is healthy
2026-03-24 19:20:44,566 - INFO - Track Alignment Sensor is healthy
2026-03-24 19:20:44,566 - INFO - Engine Load Sensor is healthy
2026-03-24 19:20:49,567 - INFO - Temperature Sensor is healthy
2026-03-24 19:20:49,568 - INFO - Pressure Sensor is healthy
2026-03-24 19:20:49,569 - INFO - Vibration Sensor is healthy
2026-03-24 19:20:49,570 - ERROR - Fuel Flow Sensor FAILED - Fuel flow interrupted
2026-03-24 19:20:49,570 - INFO - Voltage Sensor is healthy
2026-03-24 19:20:49,572 - INFO - Speed Sensor is healthy
2026-03-24 19:20:49,572 - INFO - Brake Pressure Sensor is healthy
2026-03-24 19:20:49,574 - INFO - Humidity Sensor is healthy
2026-03-24 19:20:49,575 - INFO - Track Alignment Sensor is healthy
2026-03-24 19:20:49,575 - INFO - Engine Load Sensor is healthy
2026-03-24 19:20:54,577 - INFO - Temperature Sensor is healthy
2026-03-24 19:20:54,577 - INFO - Pressure Sensor is healthy
2026-03-24 19:20:54,578 - INFO - Vibration Sensor is healthy
2026-03-24 19:20:54,578 - ERROR - Fuel Flow Sensor FAILED - Fuel flow interrupted
2026-03-24 19:20:54,579 - INFO - Voltage Sensor is healthy
2026-03-24 19:20:54,579 - INFO - Speed Sensor is healthy
2026-03-24 19:20:54,580 - INFO - Brake Pressure Sensor is healthy
2026-03-24 19:20:54,580 - INFO - Humidity Sensor is healthy
2026-03-24 19:20:54,580 - INFO - Track Alignment Sensor is healthy
2026-03-24 19:20:54,581 - INFO - Engine Load Sensor is healthy
2026-03-24 19:20:59,582 - INFO - Temperature Sensor is healthy
2026-03-24 19:20:59,582 - INFO - Pressure Sensor is healthy
2026-03-24 19:20:59,583 - INFO - Vibration Sensor is healthy
2026-03-24 19:20:59,583 - ERROR - Fuel Flow Sensor FAILED - Fuel flow interrupted
2026-03-24 19:20:59,584 - INFO - Voltage Sensor is healthy
2026-03-24 19:20:59,584 - INFO - Speed Sensor is healthy
2026-03-24 19:20:59,584 - INFO - Brake Pressure Sensor is healthy
2026-03-24 19:20:59,584 - INFO - Humidity Sensor is healthy
2026-03-24 19:20:59,585 - INFO - Track Alignment Sensor is healthy
2026-03-24 19:20:59,585 - INFO - Engine Load Sensor is healthy
2026-03-24 19:21:04,586 - INFO - Temperature Sensor is healthy
2026-03-24 19:21:04,587 - INFO - Pressure Sensor is healthy
2026-03-24 19:21:04,588 - INFO - Vibration Sensor is healthy
2026-03-24 19:21:04,588 - ERROR - Fuel Flow Sensor FAILED - Fuel flow interrupted
2026-03-24 19:21:04,589 - INFO - Voltage Sensor is healthy
2026-03-24 19:21:04,589 - INFO - Speed Sensor is healthy
2026-03-24 19:21:04,589 - INFO - Brake Pressure Sensor is healthy
2026-03-24 19:21:04,590 - INFO - Humidity Sensor is healthy
2026-03-24 19:21:04,590 - INFO - Track Alignment Sensor is healthy
2026-03-24 19:21:04,591 - INFO - Engine Load Sensor is healthy
2026-03-24 19:21:09,592 - INFO - Temperature Sensor is healthy
2026-03-24 19:21:09,593 - INFO - Pressure Sensor is healthy
2026-03-24 19:21:09,593 - INFO - Vibration Sensor is healthy
2026-03-24 19:21:09,594 - ERROR - Fuel Flow Sensor FAILED - Fuel flow interrupted
2026-03-24 19:21:09,594 - INFO - Voltage Sensor is healthy
2026-03-24 19:21:09,594 - INFO - Speed Sensor is healthy
2026-03-24 19:21:09,595 - INFO - Brake Pressure Sensor is healthy
2026-03-24 19:21:09,595 - INFO - Humidity Sensor is healthy
2026-03-24 19:21:09,595 - INFO - Track Alignment Sensor is healthy
2026-03-24 19:21:09,596 - INFO - Engine Load Sensor is healthy
2026-03-24 19:21:14,597 - INFO - Temperature Sensor is healthy
2026-03-24 19:21:14,598 - INFO - Pressure Sensor is healthy
2026-03-24 19:21:14,598 - INFO - Vibration Sensor is healthy
2026-03-24 19:21:14,599 - ERROR - Fuel Flow Sensor FAILED - Fuel flow interrupted
2026-03-24 19:21:14,599 - INFO - Voltage Sensor is healthy
2026-03-24 19:21:14,600 - INFO - Speed Sensor is healthy
2026-03-24 19:21:14,600 - INFO - Brake Pressure Sensor is healthy
2026-03-24 19:21:14,600 - INFO - Humidity Sensor is healthy
2026-03-24 19:21:14,601 - INFO - Track Alignment Sensor is healthy
2026-03-24 19:21:14,601 - INFO - Engine Load Sensor is healthy
2026-03-24 19:21:19,602 - INFO - Temperature Sensor is healthy
2026-03-24 19:21:19,603 - INFO - Pressure Sensor is healthy
2026-03-24 19:21:19,604 - INFO - Vibration Sensor is healthy
2026-03-24 19:21:19,605 - ERROR - Fuel Flow Sensor FAILED - Fuel flow interrupted
2026-03-24 19:21:19,605 - INFO - Voltage Sensor is healthy
2026-03-24 19:21:19,606 - INFO - Speed Sensor is healthy
2026-03-24 19:21:19,607 - INFO - Brake Pressure Sensor is healthy
2026-03-24 19:21:19,608 - INFO - Humidity Sensor is healthy
2026-03-24 19:21:19,611 - INFO - Track Alignment Sensor is healthy
2026-03-24 19:21:19,612 - INFO - Engine Load Sensor is healthy
2026-03-24 19:21:24,614 - INFO - Temperature Sensor is healthy
2026-03-24 19:21:24,615 - INFO - Pressure Sensor is healthy
2026-03-24 19:21:24,615 - INFO - Vibration Sensor is healthy
2026-03-24 19:21:24,616 - ERROR - Fuel Flow Sensor FAILED - Fuel flow interrupted
2026-03-24 19:21:24,616 - INFO - Voltage Sensor is healthy
2026-03-24 19:21:24,617 - INFO - Speed Sensor is healthy
2026-03-24 19:21:24,617 - INFO - Brake Pressure Sensor is healthy
2026-03-24 19:21:24,618 - INFO - Humidity Sensor is healthy
2026-03-24 19:21:24,618 - INFO - Track Alignment Sensor is healthy
2026-03-24 19:21:24,619 - INFO - Engine Load Sensor is healthy
2026-03-24 19:21:29,620 - INFO - Temperature Sensor is healthy
2026-03-24 19:21:29,621 - INFO - Pressure Sensor is healthy
2026-03-24 19:21:29,621 - INFO - Vibration Sensor is healthy
2026-03-24 19:21:29,622 - ERROR - Fuel Flow Sensor FAILED - Fuel flow interrupted
2026-03-24 19:21:29,623 - INFO - Voltage Sensor is healthy
2026-03-24 19:21:29,624 - INFO - Speed Sensor is healthy
2026-03-24 19:21:29,624 - INFO - Brake Pressure Sensor is healthy
2026-03-24 19:21:29,625 - INFO - Humidity Sensor is healthy
2026-03-24 19:21:29,625 - INFO - Track Alignment Sensor is healthy
2026-03-24 19:21:29,626 - INFO - Engine Load Sensor is healthy
2026-03-24 19:21:34,627 - INFO - Temperature Sensor is healthy
2026-03-24 19:21:34,628 - INFO - Pressure Sensor is healthy
2026-03-24 19:21:34,629 - INFO - Vibration Sensor is healthy
2026-03-24 19:21:34,629 - ERROR - Fuel Flow Sensor FAILED - Fuel flow interrupted
2026-03-24 19:21:34,630 - INFO - Voltage Sensor is healthy
2026-03-24 19:21:34,630 - INFO - Speed Sensor is healthy
2026-03-24 19:21:34,631 - INFO - Brake Pressure Sensor is healthy
2026-03-24 19:21:34,631 - INFO - Humidity Sensor is healthy
2026-03-24 19:21:34,632 - INFO - Track Alignment Sensor is healthy
2026-03-24 19:21:34,632 - INFO - Engine Load Sensor is healthy
2026-03-24 19:21:39,633 - INFO - Temperature Sensor is healthy
2026-03-24 19:21:39,634 - INFO - Pressure Sensor is healthy
2026-03-24 19:21:39,635 - INFO - Vibration Sensor is healthy
2026-03-24 19:21:39,635 - ERROR - Fuel Flow Sensor FAILED - Fuel flow interrupted
2026-03-24 19:21:39,636 - INFO - Voltage Sensor is healthy
2026-03-24 19:21:39,637 - INFO - Speed Sensor is healthy
2026-03-24 19:21:39,638 - INFO - Brake Pressure Sensor is healthy
2026-03-24 19:21:39,639 - INFO - Humidity Sensor is healthy
2026-03-24 19:21:39,639 - INFO - Track Alignment Sensor is healthy
2026-03-24 19:21:39,640 - INFO - Engine Load Sensor is healthy
2026-03-24 19:21:44,640 - INFO - Temperature Sensor is healthy
2026-03-24 19:21:44,641 - INFO - Pressure Sensor is healthy
2026-03-24 19:21:44,642 - INFO - Vibration Sensor is healthy
2026-03-24 19:21:44,642 - ERROR - Fuel Flow Sensor FAILED - Fuel flow interrupted
2026-03-24 19:21:44,642 - INFO - Voltage Sensor is healthy
2026-03-24 19:21:44,643 - INFO - Speed Sensor is healthy
2026-03-24 19:21:44,643 - INFO - Brake Pressure Sensor is healthy
2026-03-24 19:21:44,643 - INFO - Humidity Sensor is healthy
2026-03-24 19:21:44,643 - INFO - Track Alignment Sensor is healthy
2026-03-24 19:21:44,644 - INFO - Engine Load Sensor is healthy
2026-03-24 19:21:49,646 - INFO - Temperature Sensor is healthy
2026-03-24 19:21:49,648 - INFO - Pressure Sensor is healthy
2026-03-24 19:21:49,648 - INFO - Vibration Sensor is healthy
2026-03-24 19:21:49,649 - ERROR - Fuel Flow Sensor FAILED - Fuel flow interrupted
2026-03-24 19:21:49,649 - INFO - Voltage Sensor is healthy
2026-03-24 19:21:49,649 - INFO - Speed Sensor is healthy
2026-03-24 19:21:49,650 - INFO - Brake Pressure Sensor is healthy
2026-03-24 19:21:49,650 - INFO - Humidity Sensor is healthy
2026-03-24 19:21:49,651 - INFO - Track Alignment Sensor is healthy
2026-03-24 19:21:49,651 - INFO - Engine Load Sensor is healthy
2026-03-24 19:21:54,654 - INFO - Temperature Sensor is healthy
2026-03-24 19:21:54,654 - INFO - Pressure Sensor is healthy
2026-03-24 19:21:54,655 - INFO - Vibration Sensor is healthy
2026-03-24 19:21:54,655 - ERROR - Fuel Flow Sensor FAILED - Fuel flow interrupted
2026-03-24 19:21:54,655 - INFO - Voltage Sensor is healthy
2026-03-24 19:21:54,656 - INFO - Speed Sensor is healthy
2026-03-24 19:21:54,656 - INFO - Brake Pressure Sensor is healthy
2026-03-24 19:21:54,657 - INFO - Humidity Sensor is healthy
2026-03-24 19:21:54,657 - INFO - Track Alignment Sensor is healthy
2026-03-24 19:21:54,658 - INFO - Engine Load Sensor is healthy
2026-03-24 19:21:59,659 - INFO - Temperature Sensor is healthy
2026-03-24 19:21:59,660 - INFO - Pressure Sensor is healthy
2026-03-24 19:21:59,660 - INFO - Vibration Sensor is healthy
2026-03-24 19:21:59,661 - ERROR - Fuel Flow Sensor FAILED - Fuel flow interrupted
2026-03-24 19:21:59,661 - INFO - Voltage Sensor is healthy
2026-03-24 19:21:59,662 - INFO - Speed Sensor is healthy
2026-03-24 19:21:59,662 - INFO - Brake Pressure Sensor is healthy
2026-03-24 19:21:59,662 - INFO - Humidity Sensor is healthy
2026-03-24 19:21:59,663 - INFO - Track Alignment Sensor is healthy
2026-03-24 19:21:59,663 - INFO - Engine Load Sensor is healthy
2026-03-24 19:22:04,664 - INFO - Temperature Sensor is healthy
2026-03-24 19:22:04,665 - INFO - Pressure Sensor is healthy
2026-03-24 19:22:04,665 - INFO - Vibration Sensor is healthy
2026-03-24 19:22:04,666 - ERROR - Fuel Flow Sensor FAILED - Fuel flow interrupted
2026-03-24 19:22:04,666 - INFO - Voltage Sensor is healthy
2026-03-24 19:22:04,666 - INFO - Speed Sensor is healthy
2026-03-24 19:22:04,667 - INFO - Brake Pressure Sensor is healthy
2026-03-24 19:22:04,667 - INFO - Humidity Sensor is healthy
2026-03-24 19:22:04,667 - INFO - Track Alignment Sensor is healthy
2026-03-24 19:22:04,668 - INFO - Engine Load Sensor is healthy
2026-03-24 19:22:09,669 - INFO - Temperature Sensor is healthy
2026-03-24 19:22:09,674 - INFO - Pressure Sensor is healthy
2026-03-24 19:22:09,676 - INFO - Vibration Sensor is healthy
2026-03-24 19:22:09,677 - ERROR - Fuel Flow Sensor FAILED - Fuel flow interrupted
2026-03-24 19:22:09,677 - INFO - Voltage Sensor is healthy
2026-03-24 19:22:09,678 - INFO - Speed Sensor is healthy
2026-03-24 19:22:09,678 - INFO - Brake Pressure Sensor is healthy
2026-03-24 19:22:09,679 - INFO - Humidity Sensor is healthy
2026-03-24 19:22:09,679 - INFO - Track Alignment Sensor is healthy
2026-03-24 19:22:09,679 - INFO - Engine Load Sensor is healthy
2026-03-24 19:22:14,680 - INFO - Temperature Sensor is healthy
2026-03-24 19:22:14,681 - INFO - Pressure Sensor is healthy
2026-03-24 19:22:14,681 - INFO - Vibration Sensor is healthy
2026-03-24 19:22:14,682 - ERROR - Fuel Flow Sensor FAILED - Fuel flow interrupted
2026-03-24 19:22:14,682 - INFO - Voltage Sensor is healthy
2026-03-24 19:22:14,700 - INFO - Speed Sensor is healthy
2026-03-24 19:22:14,701 - INFO - Brake Pressure Sensor is healthy
2026-03-24 19:22:14,701 - INFO - Humidity Sensor is healthy
2026-03-24 19:22:14,702 - INFO - Track Alignment Sensor is healthy
2026-03-24 19:22:14,705 - INFO - Engine Load Sensor is healthy
2026-03-24 19:22:19,706 - INFO - Temperature Sensor is healthy
2026-03-24 19:22:19,707 - INFO - Pressure Sensor is healthy
2026-03-24 19:22:19,708 - INFO - Vibration Sensor is healthy
2026-03-24 19:22:19,708 - ERROR - Fuel Flow Sensor FAILED - Fuel flow interrupted
2026-03-24 19:22:19,709 - INFO - Voltage Sensor is healthy
2026-03-24 19:22:19,709 - INFO - Speed Sensor is healthy
2026-03-24 19:22:19,709 - INFO - Brake Pressure Sensor is healthy
2026-03-24 19:22:19,710 - INFO - Humidity Sensor is healthy
2026-03-24 19:22:19,710 - INFO - Track Alignment Sensor is healthy
2026-03-24 19:22:19,711 - INFO - Engine Load Sensor is healthy
2026-03-24 19:22:24,711 - INFO - Temperature Sensor is healthy
2026-03-24 19:22:24,712 - INFO - Pressure Sensor is healthy
2026-03-24 19:22:24,713 - INFO - Vibration Sensor is healthy
2026-03-24 19:22:24,713 - ERROR - Fuel Flow Sensor FAILED - Fuel flow interrupted
2026-03-24 19:22:24,714 - INFO - Voltage Sensor is healthy
2026-03-24 19:22:24,714 - INFO - Speed Sensor is healthy
2026-03-24 19:22:24,714 - INFO - Brake Pressure Sensor is healthy
2026-03-24 19:22:24,715 - INFO - Humidity Sensor is healthy
2026-03-24 19:22:24,715 - INFO - Track Alignment Sensor is healthy
2026-03-24 19:22:24,715 - INFO - Engine Load Sensor is healthy
2026-03-24 19:22:29,716 - INFO - Temperature Sensor is healthy
2026-03-24 19:22:29,717 - INFO - Pressure Sensor is healthy
2026-03-24 19:22:29,718 - INFO - Vibration Sensor is healthy
2026-03-24 19:22:29,719 - ERROR - Fuel Flow Sensor FAILED - Fuel flow interrupted
2026-03-24 19:22:29,720 - INFO - Voltage Sensor is healthy
2026-03-24 19:22:29,720 - INFO - Speed Sensor is healthy
2026-03-24 19:22:29,721 - INFO - Brake Pressure Sensor is healthy
2026-03-24 19:22:29,721 - INFO - Humidity Sensor is healthy
2026-03-24 19:22:29,722 - INFO - Track Alignment Sensor is healthy
2026-03-24 19:22:29,723 - INFO - Engine Load Sensor is healthy
2026-03-24 19:22:34,723 - INFO - Temperature Sensor is healthy
2026-03-24 19:22:34,724 - INFO - Pressure Sensor is healthy
2026-03-24 19:22:34,725 - INFO - Vibration Sensor is healthy
2026-03-24 19:22:34,725 - ERROR - Fuel Flow Sensor FAILED - Fuel flow interrupted
2026-03-24 19:22:34,725 - INFO - Voltage Sensor is healthy
2026-03-24 19:22:34,726 - INFO - Speed Sensor is healthy
2026-03-24 19:22:34,726 - INFO - Brake Pressure Sensor is healthy
2026-03-24 19:22:34,726 - INFO - Humidity Sensor is healthy
2026-03-24 19:22:34,727 - INFO - Track Alignment Sensor is healthy
2026-03-24 19:22:34,728 - INFO - Engine Load Sensor is healthy
2026-03-24 19:22:39,731 - INFO - Temperature Sensor is healthy
2026-03-24 19:22:39,732 - INFO - Pressure Sensor is healthy
2026-03-24 19:22:39,733 - INFO - Vibration Sensor is healthy
2026-03-24 19:22:39,734 - ERROR - Fuel Flow Sensor FAILED - Fuel flow interrupted
2026-03-24 19:22:39,734 - INFO - Voltage Sensor is healthy
2026-03-24 19:22:39,734 - INFO - Speed Sensor is healthy
2026-03-24 19:22:39,735 - INFO - Brake Pressure Sensor is healthy
2026-03-24 19:22:39,735 - INFO - Humidity Sensor is healthy
2026-03-24 19:22:39,736 - INFO - Track Alignment Sensor is healthy
2026-03-24 19:22:39,736 - INFO - Engine Load Sensor is healthy
2026-03-24 19:22:44,737 - INFO - Temperature Sensor is healthy
2026-03-24 19:22:44,738 - INFO - Pressure Sensor is healthy
2026-03-24 19:22:44,738 - INFO - Vibration Sensor is healthy
2026-03-24 19:22:44,738 - ERROR - Fuel Flow Sensor FAILED - Fuel flow interrupted
2026-03-24 19:22:44,739 - INFO - Voltage Sensor is healthy
2026-03-24 19:22:44,739 - INFO - Speed Sensor is healthy
2026-03-24 19:22:44,739 - INFO - Brake Pressure Sensor is healthy
2026-03-24 19:22:44,740 - INFO - Humidity Sensor is healthy
2026-03-24 19:22:44,740 - INFO - Track Alignment Sensor is healthy
2026-03-24 19:22:44,741 - INFO - Engine Load Sensor is healthy
2026-03-24 19:22:49,741 - INFO - Temperature Sensor is healthy
2026-03-24 19:22:49,742 - INFO - Pressure Sensor is healthy
2026-03-24 19:22:49,742 - INFO - Vibration Sensor is healthy
2026-03-24 19:22:49,743 - ERROR - Fuel Flow Sensor FAILED - Fuel flow interrupted
2026-03-24 19:22:49,743 - INFO - Voltage Sensor is healthy
2026-03-24 19:22:49,744 - INFO - Speed Sensor is healthy
2026-03-24 19:22:49,744 - INFO - Brake Pressure Sensor is healthy
2026-03-24 19:22:49,744 - INFO - Humidity Sensor is healthy
2026-03-24 19:22:49,745 - INFO - Track Alignment Sensor is healthy
2026-03-24 19:22:49,745 - INFO - Engine Load Sensor is healthy
2026-03-24 19:22:54,746 - INFO - Temperature Sensor is healthy
2026-03-24 19:22:54,747 - INFO - Pressure Sensor is healthy
2026-03-24 19:22:54,747 - INFO - Vibration Sensor is healthy
2026-03-24 19:22:54,748 - ERROR - Fuel Flow Sensor FAILED - Fuel flow interrupted
2026-03-24 19:22:54,748 - INFO - Voltage Sensor is healthy
2026-03-24 19:22:54,748 - INFO - Speed Sensor is healthy
2026-03-24 19:22:54,749 - INFO - Brake Pressure Sensor is healthy
2026-03-24 19:22:54,749 - INFO - Humidity Sensor is healthy
2026-03-24 19:22:54,750 - INFO - Track Alignment Sensor is healthy
2026-03-24 19:22:54,750 - INFO - Engine Load Sensor is healthy
2026-03-24 19:22:59,751 - INFO - Temperature Sensor is healthy
2026-03-24 19:22:59,752 - INFO - Pressure Sensor is healthy
2026-03-24 19:22:59,752 - INFO - Vibration Sensor is healthy
2026-03-24 19:22:59,753 - ERROR - Fuel Flow Sensor FAILED - Fuel flow interrupted
2026-03-24 19:22:59,753 - INFO - Voltage Sensor is healthy
2026-03-24 19:22:59,753 - INFO - Speed Sensor is healthy
2026-03-24 19:22:59,754 - INFO - Brake Pressure Sensor is healthy
2026-03-24 19:22:59,754 - INFO - Humidity Sensor is healthy
2026-03-24 19:22:59,754 - INFO - Track Alignment Sensor is healthy
2026-03-24 19:22:59,755 - INFO - Engine Load Sensor is healthy
2026-03-24 19:23:04,756 - INFO - Temperature Sensor is healthy
2026-03-24 19:23:04,757 - INFO - Pressure Sensor is healthy
2026-03-24 19:23:04,758 - INFO - Vibration Sensor is healthy
2026-03-24 19:23:04,759 - ERROR - Fuel Flow Sensor FAILED - Fuel flow interrupted
2026-03-24 19:23:04,759 - INFO - Voltage Sensor is healthy
2026-03-24 19:23:04,760 - INFO - Speed Sensor is healthy
2026-03-24 19:23:04,761 - INFO - Brake Pressure Sensor is healthy
2026-03-24 19:23:04,761 - INFO - Humidity Sensor is healthy
2026-03-24 19:23:04,763 - INFO - Track Alignment Sensor is healthy
2026-03-24 19:23:04,764 - INFO - Engine Load Sensor is healthy
2026-03-24 19:23:09,766 - INFO - Temperature Sensor is healthy
2026-03-24 19:23:09,768 - INFO - Pressure Sensor is healthy
2026-03-24 19:23:09,769 - INFO - Vibration Sensor is healthy
2026-03-24 19:23:09,769 - ERROR - Fuel Flow Sensor FAILED - Fuel flow interrupted
2026-03-24 19:23:09,770 - INFO - Voltage Sensor is healthy
2026-03-24 19:23:09,770 - INFO - Speed Sensor is healthy
2026-03-24 19:23:09,771 - INFO - Brake Pressure Sensor is healthy
2026-03-24 19:23:09,771 - INFO - Humidity Sensor is healthy
2026-03-24 19:23:09,772 - INFO - Track Alignment Sensor is healthy
2026-03-24 19:23:09,772 - INFO - Engine Load Sensor is healthy
2026-03-24 19:23:14,773 - INFO - Temperature Sensor is healthy
2026-03-24 19:23:14,774 - INFO - Pressure Sensor is healthy
2026-03-24 19:23:14,775 - INFO - Vibration Sensor is healthy
2026-03-24 19:23:14,775 - ERROR - Fuel Flow Sensor FAILED - Fuel flow interrupted
2026-03-24 19:23:14,776 - INFO - Voltage Sensor is healthy
2026-03-24 19:23:14,776 - INFO - Speed Sensor is healthy
2026-03-24 19:23:14,776 - INFO - Brake Pressure Sensor is healthy
2026-03-24 19:23:14,777 - INFO - Humidity Sensor is healthy
2026-03-24 19:23:14,777 - INFO - Track Alignment Sensor is healthy
2026-03-24 19:23:14,777 - INFO - Engine Load Sensor is healthy
2026-03-24 19:23:19,779 - INFO - Temperature Sensor is healthy
2026-03-24 19:23:19,779 - INFO - Pressure Sensor is healthy
2026-03-24 19:23:19,780 - INFO - Vibration Sensor is healthy
2026-03-24 19:23:19,780 - ERROR - Fuel Flow Sensor FAILED - Fuel flow interrupted
2026-03-24 19:23:19,780 - INFO - Voltage Sensor is healthy
2026-03-24 19:23:19,781 - INFO - Speed Sensor is healthy
2026-03-24 19:23:19,781 - INFO - Brake Pressure Sensor is healthy
2026-03-24 19:23:19,782 - INFO - Humidity Sensor is healthy
2026-03-24 19:23:19,782 - INFO - Track Alignment Sensor is healthy
2026-03-24 19:23:19,782 - INFO - Engine Load Sensor is healthy
2026-03-24 19:23:24,783 - INFO - Temperature Sensor is healthy
2026-03-24 19:23:24,784 - INFO - Pressure Sensor is healthy
2026-03-24 19:23:24,784 - INFO - Vibration Sensor is healthy
2026-03-24 19:23:24,785 - ERROR - Fuel Flow Sensor FAILED - Fuel flow interrupted
2026-03-24 19:23:24,785 - INFO - Voltage Sensor is healthy
2026-03-24 19:23:24,785 - INFO - Speed Sensor is healthy
2026-03-24 19:23:24,786 - INFO - Brake Pressure Sensor is healthy
2026-03-24 19:23:24,786 - INFO - Humidity Sensor is healthy
2026-03-24 19:23:24,787 - INFO - Track Alignment Sensor is healthy
2026-03-24 19:23:24,787 - INFO - Engine Load Sensor is healthy
2026-03-24 19:23:29,788 - INFO - Temperature Sensor is healthy
2026-03-24 19:23:29,789 - INFO - Pressure Sensor is healthy
2026-03-24 19:23:29,790 - INFO - Vibration Sensor is healthy
2026-03-24 19:23:29,790 - ERROR - Fuel Flow Sensor FAILED - Fuel flow interrupted
2026-03-24 19:23:29,791 - INFO - Voltage Sensor is healthy
2026-03-24 19:23:29,791 - INFO - Speed Sensor is healthy
2026-03-24 19:23:29,791 - INFO - Brake Pressure Sensor is healthy
2026-03-24 19:23:29,792 - INFO - Humidity Sensor is healthy
2026-03-24 19:23:29,792 - INFO - Track Alignment Sensor is healthy
2026-03-24 19:23:29,793 - INFO - Engine Load Sensor is healthy
2026-03-24 19:23:34,795 - INFO - Temperature Sensor is healthy
2026-03-24 19:23:34,797 - INFO - Pressure Sensor is healthy
2026-03-24 19:23:34,797 - INFO - Vibration Sensor is healthy
2026-03-24 19:23:34,798 - ERROR - Fuel Flow Sensor FAILED - Fuel flow interrupted
2026-03-24 19:23:34,798 - INFO - Voltage Sensor is healthy
2026-03-24 19:23:34,799 - INFO - Speed Sensor is healthy
2026-03-24 19:23:34,800 - INFO - Brake Pressure Sensor is healthy
2026-03-24 19:23:34,800 - INFO - Humidity Sensor is healthy
2026-03-24 19:23:34,802 - INFO - Track Alignment Sensor is healthy
2026-03-24 19:23:34,802 - INFO - Engine Load Sensor is healthy
2026-03-24 19:23:39,806 - INFO - Temperature Sensor is healthy
2026-03-24 19:23:39,808 - INFO - Pressure Sensor is healthy
2026-03-24 19:23:39,808 - INFO - Vibration Sensor is healthy
2026-03-24 19:23:39,809 - ERROR - Fuel Flow Sensor FAILED - Fuel flow interrupted
2026-03-24 19:23:39,809 - INFO - Voltage Sensor is healthy
2026-03-24 19:23:39,810 - INFO - Speed Sensor is healthy
2026-03-24 19:23:39,811 - INFO - Brake Pressure Sensor is healthy
2026-03-24 19:23:39,811 - INFO - Humidity Sensor is healthy
2026-03-24 19:23:39,813 - INFO - Track Alignment Sensor is healthy
2026-03-24 19:23:39,814 - INFO - Engine Load Sensor is healthy
2026-03-24 19:23:44,815 - INFO - Temperature Sensor is healthy
2026-03-24 19:23:44,815 - INFO - Pressure Sensor is healthy
2026-03-24 19:23:44,816 - INFO - Vibration Sensor is healthy
2026-03-24 19:23:44,816 - ERROR - Fuel Flow Sensor FAILED - Fuel flow interrupted
2026-03-24 19:23:44,817 - INFO - Voltage Sensor is healthy
2026-03-24 19:23:44,817 - INFO - Speed Sensor is healthy
2026-03-24 19:23:44,818 - INFO - Brake Pressure Sensor is healthy
2026-03-24 19:23:44,818 - INFO - Humidity Sensor is healthy
2026-03-24 19:23:44,818 - INFO - Track Alignment Sensor is healthy
2026-03-24 19:23:44,819 - INFO - Engine Load Sensor is healthy
2026-03-24 19:23:49,819 - INFO - Temperature Sensor is healthy
2026-03-24 19:23:49,820 - INFO - Pressure Sensor is healthy
2026-03-24 19:23:49,820 - INFO - Vibration Sensor is healthy
2026-03-24 19:23:49,821 - ERROR - Fuel Flow Sensor FAILED - Fuel flow interrupted
2026-03-24 19:23:49,821 - INFO - Voltage Sensor is healthy
2026-03-24 19:23:49,822 - INFO - Speed Sensor is healthy
2026-03-24 19:23:49,822 - INFO - Brake Pressure Sensor is healthy
2026-03-24 19:23:49,822 - INFO - Humidity Sensor is healthy
2026-03-24 19:23:49,823 - INFO - Track Alignment Sensor is healthy
2026-03-24 19:23:49,823 - INFO - Engine Load Sensor is healthy
2026-03-24 19:23:54,824 - INFO - Temperature Sensor is healthy
2026-03-24 19:23:54,825 - INFO - Pressure Sensor is healthy
2026-03-24 19:23:54,826 - INFO - Vibration Sensor is healthy
2026-03-24 19:23:54,827 - ERROR - Fuel Flow Sensor FAILED - Fuel flow interrupted
2026-03-24 19:23:54,828 - INFO - Voltage Sensor is healthy
2026-03-24 19:23:54,828 - INFO - Speed Sensor is healthy
2026-03-24 19:23:54,828 - INFO - Brake Pressure Sensor is healthy
2026-03-24 19:23:54,829 - INFO - Humidity Sensor is healthy
2026-03-24 19:23:54,829 - INFO - Track Alignment Sensor is healthy
2026-03-24 19:23:54,830 - INFO - Engine Load Sensor is healthy
2026-03-24 19:23:59,831 - INFO - Temperature Sensor is healthy
2026-03-24 19:23:59,832 - INFO - Pressure Sensor is healthy
2026-03-24 19:23:59,832 - INFO - Vibration Sensor is healthy
2026-03-24 19:23:59,833 - ERROR - Fuel Flow Sensor FAILED - Fuel flow interrupted
2026-03-24 19:23:59,833 - INFO - Voltage Sensor is healthy
2026-03-24 19:23:59,833 - INFO - Speed Sensor is healthy
2026-03-24 19:23:59,834 - INFO - Brake Pressure Sensor is healthy
2026-03-24 19:23:59,834 - INFO - Humidity Sensor is healthy
2026-03-24 19:23:59,834 - INFO - Track Alignment Sensor is healthy
2026-03-24 19:23:59,835 - INFO - Engine Load Sensor is healthy
2026-03-24 19:24:04,837 - INFO - Temperature Sensor is healthy
2026-03-24 19:24:04,838 - INFO - Pressure Sensor is healthy
2026-03-24 19:24:04,839 - INFO - Vibration Sensor is healthy
2026-03-24 19:24:04,839 - ERROR - Fuel Flow Sensor FAILED - Fuel flow interrupted
2026-03-24 19:24:04,839 - INFO - Voltage Sensor is healthy
2026-03-24 19:24:04,840 - INFO - Speed Sensor is healthy
2026-03-24 19:24:04,840 - INFO - Brake Pressure Sensor is healthy
2026-03-24 19:24:04,841 - INFO - Humidity Sensor is healthy
2026-03-24 19:24:04,841 - INFO - Track Alignment Sensor is healthy
2026-03-24 19:24:04,841 - INFO - Engine Load Sensor is healthy
2026-03-24 19:24:09,843 - INFO - Temperature Sensor is healthy
2026-03-24 19:24:09,843 - INFO - Pressure Sensor is healthy
2026-03-24 19:24:09,844 - INFO - Vibration Sensor is healthy
2026-03-24 19:24:09,844 - ERROR - Fuel Flow Sensor FAILED - Fuel flow interrupted
2026-03-24 19:24:09,844 - INFO - Voltage Sensor is healthy
2026-03-24 19:24:09,845 - INFO - Speed Sensor is healthy
2026-03-24 19:24:09,845 - INFO - Brake Pressure Sensor is healthy
2026-03-24 19:24:09,846 - INFO - Humidity Sensor is healthy
2026-03-24 19:24:09,846 - INFO - Track Alignment Sensor is healthy
2026-03-24 19:24:09,846 - INFO - Engine Load Sensor is healthy
2026-03-24 19:24:14,847 - INFO - Temperature Sensor is healthy
2026-03-24 19:24:14,848 - INFO - Pressure Sensor is healthy
2026-03-24 19:24:14,849 - INFO - Vibration Sensor is healthy
2026-03-24 19:24:14,849 - ERROR - Fuel Flow Sensor FAILED - Fuel flow interrupted
2026-03-24 19:24:14,850 - INFO - Voltage Sensor is healthy
2026-03-24 19:24:14,850 - INFO - Speed Sensor is healthy
2026-03-24 19:24:14,850 - INFO - Brake Pressure Sensor is healthy
2026-03-24 19:24:14,851 - INFO - Humidity Sensor is healthy
2026-03-24 19:24:14,851 - INFO - Track Alignment Sensor is healthy
2026-03-24 19:24:14,852 - INFO - Engine Load Sensor is healthy
2026-03-24 19:24:19,853 - INFO - Temperature Sensor is healthy
2026-03-24 19:24:19,853 - INFO - Pressure Sensor is healthy
2026-03-24 19:24:19,854 - INFO - Vibration Sensor is healthy
2026-03-24 19:24:19,854 - ERROR - Fuel Flow Sensor FAILED - Fuel flow interrupted
2026-03-24 19:24:19,855 - INFO - Voltage Sensor is healthy
2026-03-24 19:24:19,855 - INFO - Speed Sensor is healthy
2026-03-24 19:24:19,856 - INFO - Brake Pressure Sensor is healthy
2026-03-24 19:24:19,856 - INFO - Humidity Sensor is healthy
2026-03-24 19:24:19,857 - INFO - Track Alignment Sensor is healthy
2026-03-24 19:24:19,857 - INFO - Engine Load Sensor is healthy
2026-03-24 19:24:24,858 - INFO - Temperature Sensor is healthy
2026-03-24 19:24:24,859 - INFO - Pressure Sensor is healthy
2026-03-24 19:24:24,859 - INFO - Vibration Sensor is healthy
2026-03-24 19:24:24,860 - ERROR - Fuel Flow Sensor FAILED - Fuel flow interrupted
2026-03-24 19:24:24,860 - INFO - Voltage Sensor is healthy
2026-03-24 19:24:24,861 - INFO - Speed Sensor is healthy
2026-03-24 19:24:24,861 - INFO - Brake Pressure Sensor is healthy
2026-03-24 19:24:24,862 - INFO - Humidity Sensor is healthy
2026-03-24 19:24:24,862 - INFO - Track Alignment Sensor is healthy
2026-03-24 19:24:24,863 - INFO - Engine Load Sensor is healthy
2026-03-24 19:24:29,864 - INFO - Temperature Sensor is healthy
2026-03-24 19:24:29,865 - INFO - Pressure Sensor is healthy
2026-03-24 19:24:29,865 - INFO - Vibration Sensor is healthy
2026-03-24 19:24:29,865 - ERROR - Fuel Flow Sensor FAILED - Fuel flow interrupted
2026-03-24 19:24:29,866 - INFO - Voltage Sensor is healthy
2026-03-24 19:24:29,867 - INFO - Speed Sensor is healthy
2026-03-24 19:24:29,867 - INFO - Brake Pressure Sensor is healthy
2026-03-24 19:24:29,868 - INFO - Humidity Sensor is healthy
2026-03-24 19:24:29,869 - INFO - Track Alignment Sensor is healthy
2026-03-24 19:24:29,869 - INFO - Engine Load Sensor is healthy
2026-03-24 19:24:34,871 - INFO - Temperature Sensor is healthy
2026-03-24 19:24:34,871 - INFO - Pressure Sensor is healthy
2026-03-24 19:24:34,872 - INFO - Vibration Sensor is healthy
2026-03-24 19:24:34,872 - ERROR - Fuel Flow Sensor FAILED - Fuel flow interrupted
2026-03-24 19:24:34,872 - INFO - Voltage Sensor is healthy
2026-03-24 19:24:34,873 - INFO - Speed Sensor is healthy
2026-03-24 19:24:34,873 - INFO - Brake Pressure Sensor is healthy
2026-03-24 19:24:34,873 - INFO - Humidity Sensor is healthy
2026-03-24 19:24:34,874 - INFO - Track Alignment Sensor is healthy
2026-03-24 19:24:34,874 - INFO - Engine Load Sensor is healthy
2026-03-24 19:24:39,875 - INFO - Temperature Sensor is healthy
2026-03-24 19:24:39,876 - INFO - Pressure Sensor is healthy
2026-03-24 19:24:39,876 - INFO - Vibration Sensor is healthy
2026-03-24 19:24:39,876 - ERROR - Fuel Flow Sensor FAILED - Fuel flow interrupted
2026-03-24 19:24:39,876 - INFO - Voltage Sensor is healthy
2026-03-24 19:24:39,877 - INFO - Speed Sensor is healthy
2026-03-24 19:24:39,877 - INFO - Brake Pressure Sensor is healthy
2026-03-24 19:24:39,877 - INFO - Humidity Sensor is healthy
2026-03-24 19:24:39,878 - INFO - Track Alignment Sensor is healthy
2026-03-24 19:24:39,878 - INFO - Engine Load Sensor is healthy
2026-03-24 19:24:44,879 - INFO - Temperature Sensor is healthy
2026-03-24 19:24:44,880 - INFO - Pressure Sensor is healthy
2026-03-24 19:24:44,882 - INFO - Vibration Sensor is healthy
2026-03-24 19:24:44,883 - ERROR - Fuel Flow Sensor FAILED - Fuel flow interrupted
2026-03-24 19:24:44,884 - INFO - Voltage Sensor is healthy
2026-03-24 19:24:44,885 - INFO - Speed Sensor is healthy
2026-03-24 19:24:44,885 - INFO - Brake Pressure Sensor is healthy
2026-03-24 19:24:44,886 - INFO - Humidity Sensor is healthy
2026-03-24 19:24:44,886 - INFO - Track Alignment Sensor is healthy
2026-03-24 19:24:44,887 - INFO - Engine Load Sensor is healthy
2026-03-24 19:24:49,888 - INFO - Temperature Sensor is healthy
2026-03-24 19:24:49,889 - INFO - Pressure Sensor is healthy
2026-03-24 19:24:49,889 - INFO - Vibration Sensor is healthy
2026-03-24 19:24:49,890 - ERROR - Fuel Flow Sensor FAILED - Fuel flow interrupted
2026-03-24 19:24:49,890 - INFO - Voltage Sensor is healthy
2026-03-24 19:24:49,891 - INFO - Speed Sensor is healthy
2026-03-24 19:24:49,891 - INFO - Brake Pressure Sensor is healthy
2026-03-24 19:24:49,892 - INFO - Humidity Sensor is healthy
2026-03-24 19:24:49,892 - INFO - Track Alignment Sensor is healthy
2026-03-24 19:24:49,893 - INFO - Engine Load Sensor is healthy
2026-03-24 19:24:54,894 - INFO - Temperature Sensor is healthy
2026-03-24 19:24:54,895 - INFO - Pressure Sensor is healthy
2026-03-24 19:24:54,896 - INFO - Vibration Sensor is healthy
2026-03-24 19:24:54,896 - ERROR - Fuel Flow Sensor FAILED - Fuel flow interrupted
2026-03-24 19:24:54,897 - INFO - Voltage Sensor is healthy
2026-03-24 19:24:54,897 - INFO - Speed Sensor is healthy
2026-03-24 19:24:54,898 - INFO - Brake Pressure Sensor is healthy
2026-03-24 19:24:54,898 - INFO - Humidity Sensor is healthy
2026-03-24 19:24:54,898 - INFO - Track Alignment Sensor is healthy
2026-03-24 19:24:54,899 - INFO - Engine Load Sensor is healthy
2026-03-24 19:24:59,899 - INFO - Temperature Sensor is healthy
2026-03-24 19:24:59,901 - INFO - Pressure Sensor is healthy
2026-03-24 19:24:59,902 - INFO - Vibration Sensor is healthy
2026-03-24 19:24:59,903 - ERROR - Fuel Flow Sensor FAILED - Fuel flow interrupted
2026-03-24 19:24:59,903 - INFO - Voltage Sensor is healthy
2026-03-24 19:24:59,904 - INFO - Speed Sensor is healthy
2026-03-24 19:24:59,904 - INFO - Brake Pressure Sensor is healthy
2026-03-24 19:24:59,904 - INFO - Humidity Sensor is healthy
2026-03-24 19:24:59,905 - INFO - Track Alignment Sensor is healthy
2026-03-24 19:24:59,905 - INFO - Engine Load Sensor is healthy
2026-03-24 19:25:04,906 - INFO - Temperature Sensor is healthy
2026-03-24 19:25:04,909 - INFO - Pressure Sensor is healthy
2026-03-24 19:25:04,911 - INFO - Vibration Sensor is healthy
2026-03-24 19:25:04,912 - ERROR - Fuel Flow Sensor FAILED - Fuel flow interrupted
2026-03-24 19:25:04,912 - INFO - Voltage Sensor is healthy
2026-03-24 19:25:04,913 - INFO - Speed Sensor is healthy
2026-03-24 19:25:04,914 - INFO - Brake Pressure Sensor is healthy
2026-03-24 19:25:04,914 - INFO - Humidity Sensor is healthy
2026-03-24 19:25:04,915 - INFO - Track Alignment Sensor is healthy
2026-03-24 19:25:04,916 - INFO - Engine Load Sensor is healthy
2026-03-24 19:25:09,919 - INFO - Temperature Sensor is healthy
2026-03-24 19:25:09,920 - INFO - Pressure Sensor is healthy
2026-03-24 19:25:09,920 - INFO - Vibration Sensor is healthy
2026-03-24 19:25:09,921 - ERROR - Fuel Flow Sensor FAILED - Fuel flow interrupted
2026-03-24 19:25:09,921 - INFO - Voltage Sensor is healthy
2026-03-24 19:25:09,922 - INFO - Speed Sensor is healthy
2026-03-24 19:25:09,922 - INFO - Brake Pressure Sensor is healthy
2026-03-24 19:25:09,923 - INFO - Humidity Sensor is healthy
2026-03-24 19:25:09,924 - INFO - Track Alignment Sensor is healthy
2026-03-24 19:25:09,925 - INFO - Engine Load Sensor is healthy
2026-03-24 19:25:14,927 - INFO - Temperature Sensor is healthy
2026-03-24 19:25:14,928 - INFO - Pressure Sensor is healthy
2026-03-24 19:25:14,928 - INFO - Vibration Sensor is healthy
2026-03-24 19:25:14,928 - ERROR - Fuel Flow Sensor FAILED - Fuel flow interrupted
2026-03-24 19:25:14,929 - INFO - Voltage Sensor is healthy
2026-03-24 19:25:14,929 - INFO - Speed Sensor is healthy
2026-03-24 19:25:14,929 - INFO - Brake Pressure Sensor is healthy
2026-03-24 19:25:14,930 - INFO - Humidity Sensor is healthy
2026-03-24 19:25:14,930 - INFO - Track Alignment Sensor is healthy
2026-03-24 19:25:14,931 - INFO - Engine Load Sensor is healthy
2026-03-24 19:25:19,931 - INFO - Temperature Sensor is healthy
2026-03-24 19:25:19,932 - INFO - Pressure Sensor is healthy
2026-03-24 19:25:19,933 - INFO - Vibration Sensor is healthy
2026-03-24 19:25:19,934 - ERROR - Fuel Flow Sensor FAILED - Fuel flow interrupted
2026-03-24 19:25:19,935 - INFO - Voltage Sensor is healthy
2026-03-24 19:25:19,935 - INFO - Speed Sensor is healthy
2026-03-24 19:25:19,936 - INFO - Brake Pressure Sensor is healthy
2026-03-24 19:25:19,936 - INFO - Humidity Sensor is healthy
2026-03-24 19:25:19,937 - INFO - Track Alignment Sensor is healthy
2026-03-24 19:25:19,937 - INFO - Engine Load Sensor is healthy
2026-03-24 19:25:24,938 - INFO - Temperature Sensor is healthy
2026-03-24 19:25:24,939 - INFO - Pressure Sensor is healthy
2026-03-24 19:25:24,939 - INFO - Vibration Sensor is healthy
2026-03-24 19:25:24,939 - ERROR - Fuel Flow Sensor FAILED - Fuel flow interrupted
2026-03-24 19:25:24,940 - INFO - Voltage Sensor is healthy
2026-03-24 19:25:24,941 - INFO - Speed Sensor is healthy
2026-03-24 19:25:24,941 - INFO - Brake Pressure Sensor is healthy
2026-03-24 19:25:24,942 - INFO - Humidity Sensor is healthy
2026-03-24 19:25:24,942 - INFO - Track Alignment Sensor is healthy
2026-03-24 19:25:24,942 - INFO - Engine Load Sensor is healthy
2026-03-24 19:25:29,943 - INFO - Temperature Sensor is healthy
2026-03-24 19:25:29,944 - INFO - Pressure Sensor is healthy
2026-03-24 19:25:29,945 - INFO - Vibration Sensor is healthy
2026-03-24 19:25:29,945 - ERROR - Fuel Flow Sensor FAILED - Fuel flow interrupted
2026-03-24 19:25:29,945 - INFO - Voltage Sensor is healthy
2026-03-24 19:25:29,946 - INFO - Speed Sensor is healthy
2026-03-24 19:25:29,946 - INFO - Brake Pressure Sensor is healthy
2026-03-24 19:25:29,946 - INFO - Humidity Sensor is healthy
2026-03-24 19:25:29,947 - INFO - Track Alignment Sensor is healthy
2026-03-24 19:25:29,947 - INFO - Engine Load Sensor is healthy
2026-03-24 19:25:34,948 - INFO - Temperature Sensor is healthy
2026-03-24 19:25:34,949 - INFO - Pressure Sensor is healthy
2026-03-24 19:25:34,949 - INFO - Vibration Sensor is healthy
2026-03-24 19:25:34,950 - ERROR - Fuel Flow Sensor FAILED - Fuel flow interrupted
2026-03-24 19:25:34,950 - INFO - Voltage Sensor is healthy
2026-03-24 19:25:34,950 - INFO - Speed Sensor is healthy
2026-03-24 19:25:34,951 - INFO - Brake Pressure Sensor is healthy
2026-03-24 19:25:34,951 - INFO - Humidity Sensor is healthy
2026-03-24 19:25:34,952 - INFO - Track Alignment Sensor is healthy
2026-03-24 19:25:34,952 - INFO - Engine Load Sensor is healthy
2026-03-24 19:25:39,954 - INFO - Temperature Sensor is healthy
2026-03-24 19:25:39,954 - INFO - Pressure Sensor is healthy
2026-03-24 19:25:39,955 - INFO - Vibration Sensor is healthy
2026-03-24 19:25:39,955 - ERROR - Fuel Flow Sensor FAILED - Fuel flow interrupted
2026-03-24 19:25:39,956 - INFO - Voltage Sensor is healthy
2026-03-24 19:25:39,956 - INFO - Speed Sensor is healthy
2026-03-24 19:25:39,956 - INFO - Brake Pressure Sensor is healthy
2026-03-24 19:25:39,957 - INFO - Humidity Sensor is healthy
2026-03-24 19:25:39,958 - INFO - Track Alignment Sensor is healthy
2026-03-24 19:25:39,958 - INFO - Engine Load Sensor is healthy
2026-03-24 19:25:44,959 - INFO - Temperature Sensor is healthy
2026-03-24 19:25:44,960 - INFO - Pressure Sensor is healthy
2026-03-24 19:25:44,961 - INFO - Vibration Sensor is healthy
2026-03-24 19:25:44,962 - ERROR - Fuel Flow Sensor FAILED - Fuel flow interrupted
2026-03-24 19:25:44,963 - INFO - Voltage Sensor is healthy
2026-03-24 19:25:44,964 - INFO - Speed Sensor is healthy
2026-03-24 19:25:44,966 - INFO - Brake Pressure Sensor is healthy
2026-03-24 19:25:44,967 - INFO - Humidity Sensor is healthy
2026-03-24 19:25:44,970 - INFO - Track Alignment Sensor is healthy
2026-03-24 19:25:44,971 - INFO - Engine Load Sensor is healthy
2026-03-24 19:25:49,972 - INFO - Temperature Sensor is healthy
2026-03-24 19:25:49,973 - INFO - Pressure Sensor is healthy
2026-03-24 19:25:49,973 - INFO - Vibration Sensor is healthy
2026-03-24 19:25:49,974 - ERROR - Fuel Flow Sensor FAILED - Fuel flow interrupted
2026-03-24 19:25:49,974 - INFO - Voltage Sensor is healthy
2026-03-24 19:25:49,975 - INFO - Speed Sensor is healthy
2026-03-24 19:25:49,975 - INFO - Brake Pressure Sensor is healthy
2026-03-24 19:25:49,976 - INFO - Humidity Sensor is healthy
2026-03-24 19:25:49,976 - INFO - Track Alignment Sensor is healthy
2026-03-24 19:25:49,977 - INFO - Engine Load Sensor is healthy
2026-03-24 19:25:54,978 - INFO - Temperature Sensor is healthy
2026-03-24 19:25:54,979 - INFO - Pressure Sensor is healthy
2026-03-24 19:25:54,979 - INFO - Vibration Sensor is healthy
2026-03-24 19:25:54,980 - ERROR - Fuel Flow Sensor FAILED - Fuel flow interrupted
2026-03-24 19:25:54,980 - INFO - Voltage Sensor is healthy
2026-03-24 19:25:54,980 - INFO - Speed Sensor is healthy
2026-03-24 19:25:54,981 - INFO - Brake Pressure Sensor is healthy
2026-03-24 19:25:54,981 - INFO - Humidity Sensor is healthy
2026-03-24 19:25:54,982 - INFO - Track Alignment Sensor is healthy
2026-03-24 19:25:54,982 - INFO - Engine Load Sensor is healthy
2026-03-24 19:25:59,983 - INFO - Temperature Sensor is healthy
2026-03-24 19:25:59,984 - INFO - Pressure Sensor is healthy
2026-03-24 19:25:59,984 - INFO - Vibration Sensor is healthy
2026-03-24 19:25:59,985 - ERROR - Fuel Flow Sensor FAILED - Fuel flow interrupted
2026-03-24 19:25:59,985 - INFO - Voltage Sensor is healthy
2026-03-24 19:25:59,986 - INFO - Speed Sensor is healthy
2026-03-24 19:25:59,986 - INFO - Brake Pressure Sensor is healthy
2026-03-24 19:25:59,986 - INFO - Humidity Sensor is healthy
2026-03-24 19:25:59,986 - INFO - Track Alignment Sensor is healthy
2026-03-24 19:25:59,987 - INFO - Engine Load Sensor is healthy
2026-03-24 19:26:04,988 - INFO - Temperature Sensor is healthy
2026-03-24 19:26:04,988 - INFO - Pressure Sensor is healthy
2026-03-24 19:26:04,989 - INFO - Vibration Sensor is healthy
2026-03-24 19:26:04,989 - ERROR - Fuel Flow Sensor FAILED - Fuel flow interrupted
2026-03-24 19:26:04,990 - INFO - Voltage Sensor is healthy
2026-03-24 19:26:04,990 - INFO - Speed Sensor is healthy
2026-03-24 19:26:04,990 - INFO - Brake Pressure Sensor is healthy
2026-03-24 19:26:04,991 - INFO - Humidity Sensor is healthy
2026-03-24 19:26:04,991 - INFO - Track Alignment Sensor is healthy
2026-03-24 19:26:04,992 - INFO - Engine Load Sensor is healthy
2026-03-24 19:26:09,992 - INFO - Temperature Sensor is healthy
2026-03-24 19:26:09,993 - INFO - Pressure Sensor is healthy
2026-03-24 19:26:09,993 - INFO - Vibration Sensor is healthy
2026-03-24 19:26:09,994 - ERROR - Fuel Flow Sensor FAILED - Fuel flow interrupted
2026-03-24 19:26:09,994 - INFO - Voltage Sensor is healthy
2026-03-24 19:26:09,995 - INFO - Speed Sensor is healthy
2026-03-24 19:26:09,995 - INFO - Brake Pressure Sensor is healthy
2026-03-24 19:26:09,995 - INFO - Humidity Sensor is healthy
2026-03-24 19:26:09,996 - INFO - Track Alignment Sensor is healthy
2026-03-24 19:26:09,996 - INFO - Engine Load Sensor is healthy
2026-03-24 19:26:14,998 - INFO - Temperature Sensor is healthy
2026-03-24 19:26:14,999 - INFO - Pressure Sensor is healthy
2026-03-24 19:26:15,000 - INFO - Vibration Sensor is healthy
2026-03-24 19:26:15,000 - ERROR - Fuel Flow Sensor FAILED - Fuel flow interrupted
2026-03-24 19:26:15,000 - INFO - Voltage Sensor is healthy
2026-03-24 19:26:15,001 - INFO - Speed Sensor is healthy
2026-03-24 19:26:15,001 - INFO - Brake Pressure Sensor is healthy
2026-03-24 19:26:15,002 - INFO - Humidity Sensor is healthy
2026-03-24 19:26:15,002 - INFO - Track Alignment Sensor is healthy
2026-03-24 19:26:15,003 - INFO - Engine Load Sensor is healthy
2026-03-24 19:26:20,004 - INFO - Temperature Sensor is healthy
2026-03-24 19:26:20,005 - INFO - Pressure Sensor is healthy
2026-03-24 19:26:20,005 - INFO - Vibration Sensor is healthy
2026-03-24 19:26:20,005 - ERROR - Fuel Flow Sensor FAILED - Fuel flow interrupted
2026-03-24 19:26:20,006 - INFO - Voltage Sensor is healthy
2026-03-24 19:26:20,006 - INFO - Speed Sensor is healthy
2026-03-24 19:26:20,007 - INFO - Brake Pressure Sensor is healthy
2026-03-24 19:26:20,007 - INFO - Humidity Sensor is healthy
2026-03-24 19:26:20,007 - INFO - Track Alignment Sensor is healthy
2026-03-24 19:26:20,008 - INFO - Engine Load Sensor is healthy
2026-03-24 19:26:25,008 - INFO - Temperature Sensor is healthy
2026-03-24 19:26:25,009 - INFO - Pressure Sensor is healthy
2026-03-24 19:26:25,009 - INFO - Vibration Sensor is healthy
2026-03-24 19:26:25,010 - ERROR - Fuel Flow Sensor FAILED - Fuel flow interrupted
2026-03-24 19:26:25,010 - INFO - Voltage Sensor is healthy
2026-03-24 19:26:25,011 - INFO - Speed Sensor is healthy
2026-03-24 19:26:25,011 - INFO - Brake Pressure Sensor is healthy
2026-03-24 19:26:25,011 - INFO - Humidity Sensor is healthy
2026-03-24 19:26:25,012 - INFO - Track Alignment Sensor is healthy
2026-03-24 19:26:25,013 - INFO - Engine Load Sensor is healthy
2026-03-24 19:26:30,014 - INFO - Temperature Sensor is healthy
2026-03-24 19:26:30,015 - INFO - Pressure Sensor is healthy
2026-03-24 19:26:30,015 - INFO - Vibration Sensor is healthy
2026-03-24 19:26:30,016 - ERROR - Fuel Flow Sensor FAILED - Fuel flow interrupted
2026-03-24 19:26:30,016 - INFO - Voltage Sensor is healthy
2026-03-24 19:26:30,017 - INFO - Speed Sensor is healthy
2026-03-24 19:26:30,017 - INFO - Brake Pressure Sensor is healthy
2026-03-24 19:26:30,017 - INFO - Humidity Sensor is healthy
2026-03-24 19:26:30,018 - INFO - Track Alignment Sensor is healthy
2026-03-24 19:26:30,018 - INFO - Engine Load Sensor is healthy
2026-03-24 19:26:35,019 - INFO - Temperature Sensor is healthy
2026-03-24 19:26:35,020 - INFO - Pressure Sensor is healthy
2026-03-24 19:26:35,020 - INFO - Vibration Sensor is healthy
2026-03-24 19:26:35,021 - ERROR - Fuel Flow Sensor FAILED - Fuel flow interrupted
2026-03-24 19:26:35,021 - INFO - Voltage Sensor is healthy
2026-03-24 19:26:35,022 - INFO - Speed Sensor is healthy
2026-03-24 19:26:35,022 - INFO - Brake Pressure Sensor is healthy
2026-03-24 19:26:35,023 - INFO - Humidity Sensor is healthy
2026-03-24 19:26:35,023 - INFO - Track Alignment Sensor is healthy
2026-03-24 19:26:35,023 - INFO - Engine Load Sensor is healthy
2026-03-24 19:26:40,025 - INFO - Temperature Sensor is healthy
2026-03-24 19:26:40,026 - INFO - Pressure Sensor is healthy
2026-03-24 19:26:40,026 - INFO - Vibration Sensor is healthy
2026-03-24 19:26:40,026 - ERROR - Fuel Flow Sensor FAILED - Fuel flow interrupted
2026-03-24 19:26:40,027 - INFO - Voltage Sensor is healthy
2026-03-24 19:26:40,027 - INFO - Speed Sensor is healthy
2026-03-24 19:26:40,028 - INFO - Brake Pressure Sensor is healthy
2026-03-24 19:26:40,028 - INFO - Humidity Sensor is healthy
2026-03-24 19:26:40,029 - INFO - Track Alignment Sensor is healthy
2026-03-24 19:26:40,029 - INFO - Engine Load Sensor is healthy
2026-03-24 19:26:45,030 - INFO - Temperature Sensor is healthy
2026-03-24 19:26:45,031 - INFO - Pressure Sensor is healthy
2026-03-24 19:26:45,031 - INFO - Vibration Sensor is healthy
2026-03-24 19:26:45,032 - ERROR - Fuel Flow Sensor FAILED - Fuel flow interrupted
2026-03-24 19:26:45,032 - INFO - Voltage Sensor is healthy
2026-03-24 19:26:45,033 - INFO - Speed Sensor is healthy
2026-03-24 19:26:45,033 - INFO - Brake Pressure Sensor is healthy
2026-03-24 19:26:45,033 - INFO - Humidity Sensor is healthy
2026-03-24 19:26:45,034 - INFO - Track Alignment Sensor is healthy
2026-03-24 19:26:45,034 - INFO - Engine Load Sensor is healthy
2026-03-24 19:26:50,035 - INFO - Temperature Sensor is healthy
2026-03-24 19:26:50,036 - INFO - Pressure Sensor is healthy
2026-03-24 19:26:50,036 - INFO - Vibration Sensor is healthy
2026-03-24 19:26:50,037 - ERROR - Fuel Flow Sensor FAILED - Fuel flow interrupted
2026-03-24 19:26:50,037 - INFO - Voltage Sensor is healthy
2026-03-24 19:26:50,037 - INFO - Speed Sensor is healthy
2026-03-24 19:26:50,038 - INFO - Brake Pressure Sensor is healthy
2026-03-24 19:26:50,038 - INFO - Humidity Sensor is healthy
2026-03-24 19:26:50,039 - INFO - Track Alignment Sensor is healthy
2026-03-24 19:26:50,039 - INFO - Engine Load Sensor is healthy
2026-03-24 19:26:55,040 - INFO - Temperature Sensor is healthy
2026-03-24 19:26:55,041 - INFO - Pressure Sensor is healthy
2026-03-24 19:26:55,042 - INFO - Vibration Sensor is healthy
2026-03-24 19:26:55,042 - ERROR - Fuel Flow Sensor FAILED - Fuel flow interrupted
2026-03-24 19:26:55,042 - INFO - Voltage Sensor is healthy
2026-03-24 19:26:55,043 - INFO - Speed Sensor is healthy
2026-03-24 19:26:55,043 - INFO - Brake Pressure Sensor is healthy
2026-03-24 19:26:55,044 - INFO - Humidity Sensor is healthy
2026-03-24 19:26:55,044 - INFO - Track Alignment Sensor is healthy
2026-03-24 19:26:55,044 - INFO - Engine Load Sensor is healthy
2026-03-24 19:27:00,045 - INFO - Temperature Sensor is healthy
2026-03-24 19:27:00,046 - INFO - Pressure Sensor is healthy
2026-03-24 19:27:00,047 - INFO - Vibration Sensor is healthy
2026-03-24 19:27:00,047 - ERROR - Fuel Flow Sensor FAILED - Fuel flow interrupted
2026-03-24 19:27:00,047 - INFO - Voltage Sensor is healthy
2026-03-24 19:27:00,048 - INFO - Speed Sensor is healthy
2026-03-24 19:27:00,048 - INFO - Brake Pressure Sensor is healthy
2026-03-24 19:27:00,049 - INFO - Humidity Sensor is healthy
2026-03-24 19:27:00,049 - INFO - Track Alignment Sensor is healthy
2026-03-24 19:27:00,049 - INFO - Engine Load Sensor is healthy
2026-03-24 19:27:05,051 - INFO - Temperature Sensor is healthy
2026-03-24 19:27:05,051 - INFO - Pressure Sensor is healthy
2026-03-24 19:27:05,052 - INFO - Vibration Sensor is healthy
2026-03-24 19:27:05,052 - ERROR - Fuel Flow Sensor FAILED - Fuel flow interrupted
2026-03-24 19:27:05,053 - INFO - Voltage Sensor is healthy
2026-03-24 19:27:05,053 - INFO - Speed Sensor is healthy
2026-03-24 19:27:05,054 - INFO - Brake Pressure Sensor is healthy
2026-03-24 19:27:05,054 - INFO - Humidity Sensor is healthy
2026-03-24 19:27:05,054 - INFO - Track Alignment Sensor is healthy
2026-03-24 19:27:05,055 - INFO - Engine Load Sensor is healthy
2026-03-24 19:27:10,057 - INFO - Temperature Sensor is healthy
2026-03-24 19:27:10,058 - INFO - Pressure Sensor is healthy
2026-03-24 19:27:10,059 - INFO - Vibration Sensor is healthy
2026-03-24 19:27:10,059 - ERROR - Fuel Flow Sensor FAILED - Fuel flow interrupted
2026-03-24 19:27:10,060 - INFO - Voltage Sensor is healthy
2026-03-24 19:27:10,060 - INFO - Speed Sensor is healthy
2026-03-24 19:27:10,061 - INFO - Brake Pressure Sensor is healthy
2026-03-24 19:27:10,061 - INFO - Humidity Sensor is healthy
2026-03-24 19:27:10,061 - INFO - Track Alignment Sensor is healthy
2026-03-24 19:27:10,062 - INFO - Engine Load Sensor is healthy
2026-03-24 19:27:15,063 - INFO - Temperature Sensor is healthy
2026-03-24 19:27:15,063 - INFO - Pressure Sensor is healthy
2026-03-24 19:27:15,064 - INFO - Vibration Sensor is healthy
2026-03-24 19:27:15,064 - ERROR - Fuel Flow Sensor FAILED - Fuel flow interrupted
2026-03-24 19:27:15,065 - INFO - Voltage Sensor is healthy
2026-03-24 19:27:15,065 - INFO - Speed Sensor is healthy
2026-03-24 19:27:15,065 - INFO - Brake Pressure Sensor is healthy
2026-03-24 19:27:15,066 - INFO - Humidity Sensor is healthy
2026-03-24 19:27:15,066 - INFO - Track Alignment Sensor is healthy
2026-03-24 19:27:15,066 - INFO - Engine Load Sensor is healthy
2026-03-24 19:27:20,068 - INFO - Temperature Sensor is healthy
2026-03-24 19:27:20,068 - INFO - Pressure Sensor is healthy
2026-03-24 19:27:20,069 - INFO - Vibration Sensor is healthy
2026-03-24 19:27:20,069 - ERROR - Fuel Flow Sensor FAILED - Fuel flow interrupted
2026-03-24 19:27:20,070 - INFO - Voltage Sensor is healthy
2026-03-24 19:27:20,070 - INFO - Speed Sensor is healthy
2026-03-24 19:27:20,070 - INFO - Brake Pressure Sensor is healthy
2026-03-24 19:27:20,071 - INFO - Humidity Sensor is healthy
2026-03-24 19:27:20,071 - INFO - Track Alignment Sensor is healthy
2026-03-24 19:27:20,072 - INFO - Engine Load Sensor is healthy
2026-03-24 19:27:25,073 - INFO - Temperature Sensor is healthy
2026-03-24 19:27:25,074 - INFO - Pressure Sensor is healthy
2026-03-24 19:27:25,074 - INFO - Vibration Sensor is healthy
2026-03-24 19:27:25,074 - ERROR - Fuel Flow Sensor FAILED - Fuel flow interrupted
2026-03-24 19:27:25,075 - INFO - Voltage Sensor is healthy
2026-03-24 19:27:25,076 - INFO - Speed Sensor is healthy
2026-03-24 19:27:25,076 - INFO - Brake Pressure Sensor is healthy
2026-03-24 19:27:25,076 - INFO - Humidity Sensor is healthy
2026-03-24 19:27:25,077 - INFO - Track Alignment Sensor is healthy
2026-03-24 19:27:25,077 - INFO - Engine Load Sensor is healthy
2026-03-24 19:27:30,078 - INFO - Temperature Sensor is healthy
2026-03-24 19:27:30,079 - INFO - Pressure Sensor is healthy
2026-03-24 19:27:30,079 - INFO - Vibration Sensor is healthy
2026-03-24 19:27:30,080 - ERROR - Fuel Flow Sensor FAILED - Fuel flow interrupted
2026-03-24 19:27:30,080 - INFO - Voltage Sensor is healthy
2026-03-24 19:27:30,081 - INFO - Speed Sensor is healthy
2026-03-24 19:27:30,081 - INFO - Brake Pressure Sensor is healthy
2026-03-24 19:27:30,081 - INFO - Humidity Sensor is healthy
2026-03-24 19:27:30,082 - INFO - Track Alignment Sensor is healthy
2026-03-24 19:27:30,082 - INFO - Engine Load Sensor is healthy
2026-03-24 19:27:35,083 - INFO - Temperature Sensor is healthy
2026-03-24 19:27:35,084 - INFO - Pressure Sensor is healthy
2026-03-24 19:27:35,085 - INFO - Vibration Sensor is healthy
2026-03-24 19:27:35,085 - ERROR - Fuel Flow Sensor FAILED - Fuel flow interrupted
2026-03-24 19:27:35,085 - INFO - Voltage Sensor is healthy
2026-03-24 19:27:35,086 - INFO - Speed Sensor is healthy
2026-03-24 19:27:35,086 - INFO - Brake Pressure Sensor is healthy
2026-03-24 19:27:35,087 - INFO - Humidity Sensor is healthy
2026-03-24 19:27:35,087 - INFO - Track Alignment Sensor is healthy
2026-03-24 19:27:35,087 - INFO - Engine Load Sensor is healthy
2026-03-24 19:27:40,089 - INFO - Temperature Sensor is healthy
2026-03-24 19:27:40,090 - INFO - Pressure Sensor is healthy
2026-03-24 19:27:40,090 - INFO - Vibration Sensor is healthy
2026-03-24 19:27:40,091 - ERROR - Fuel Flow Sensor FAILED - Fuel flow interrupted
2026-03-24 19:27:40,091 - INFO - Voltage Sensor is healthy
2026-03-24 19:27:40,091 - INFO - Speed Sensor is healthy
2026-03-24 19:27:40,092 - INFO - Brake Pressure Sensor is healthy
2026-03-24 19:27:40,092 - INFO - Humidity Sensor is healthy
2026-03-24 19:27:40,092 - INFO - Track Alignment Sensor is healthy
2026-03-24 19:27:40,092 - INFO - Engine Load Sensor is healthy
2026-03-24 19:27:45,093 - INFO - Temperature Sensor is healthy
2026-03-24 19:27:45,094 - INFO - Pressure Sensor is healthy
2026-03-24 19:27:45,094 - INFO - Vibration Sensor is healthy
2026-03-24 19:27:45,094 - ERROR - Fuel Flow Sensor FAILED - Fuel flow interrupted
2026-03-24 19:27:45,095 - INFO - Voltage Sensor is healthy
2026-03-24 19:27:45,095 - INFO - Speed Sensor is healthy
2026-03-24 19:27:45,095 - INFO - Brake Pressure Sensor is healthy
2026-03-24 19:27:45,096 - INFO - Humidity Sensor is healthy
2026-03-24 19:27:45,096 - INFO - Track Alignment Sensor is healthy
2026-03-24 19:27:45,096 - INFO - Engine Load Sensor is healthy
2026-03-24 19:27:50,115 - INFO - Temperature Sensor is healthy
2026-03-24 19:27:50,115 - INFO - Pressure Sensor is healthy
2026-03-24 19:27:50,116 - INFO - Vibration Sensor is healthy
2026-03-24 19:27:50,116 - ERROR - Fuel Flow Sensor FAILED - Fuel flow interrupted
2026-03-24 19:27:50,116 - INFO - Voltage Sensor is healthy
2026-03-24 19:27:50,117 - INFO - Speed Sensor is healthy
2026-03-24 19:27:50,117 - INFO - Brake Pressure Sensor is healthy
2026-03-24 19:27:50,117 - INFO - Humidity Sensor is healthy
2026-03-24 19:27:50,118 - INFO - Track Alignment Sensor is healthy
2026-03-24 19:27:50,118 - INFO - Engine Load Sensor is healthy
2026-03-24 19:27:55,119 - INFO - Temperature Sensor is healthy
2026-03-24 19:27:55,120 - INFO - Pressure Sensor is healthy
2026-03-24 19:27:55,121 - INFO - Vibration Sensor is healthy
2026-03-24 19:27:55,121 - ERROR - Fuel Flow Sensor FAILED - Fuel flow interrupted
2026-03-24 19:27:55,121 - INFO - Voltage Sensor is healthy
2026-03-24 19:27:55,122 - INFO - Speed Sensor is healthy
2026-03-24 19:27:55,122 - INFO - Brake Pressure Sensor is healthy
2026-03-24 19:27:55,123 - INFO - Humidity Sensor is healthy
2026-03-24 19:27:55,123 - INFO - Track Alignment Sensor is healthy
2026-03-24 19:27:55,124 - INFO - Engine Load Sensor is healthy
2026-03-24 19:28:00,125 - INFO - Temperature Sensor is healthy
2026-03-24 19:28:00,126 - INFO - Pressure Sensor is healthy
2026-03-24 19:28:00,126 - INFO - Vibration Sensor is healthy
2026-03-24 19:28:00,127 - ERROR - Fuel Flow Sensor FAILED - Fuel flow interrupted
2026-03-24 19:28:00,127 - INFO - Voltage Sensor is healthy
2026-03-24 19:28:00,128 - INFO - Speed Sensor is healthy
2026-03-24 19:28:00,128 - INFO - Brake Pressure Sensor is healthy
2026-03-24 19:28:00,128 - INFO - Humidity Sensor is healthy
2026-03-24 19:28:00,129 - INFO - Track Alignment Sensor is healthy
2026-03-24 19:28:00,129 - INFO - Engine Load Sensor is healthy
2026-03-24 19:28:05,130 - INFO - Temperature Sensor is healthy
2026-03-24 19:28:05,131 - INFO - Pressure Sensor is healthy
2026-03-24 19:28:05,132 - INFO - Vibration Sensor is healthy
2026-03-24 19:28:05,132 - ERROR - Fuel Flow Sensor FAILED - Fuel flow interrupted
2026-03-24 19:28:05,132 - INFO - Voltage Sensor is healthy
2026-03-24 19:28:05,133 - INFO - Speed Sensor is healthy
2026-03-24 19:28:05,133 - INFO - Brake Pressure Sensor is healthy
2026-03-24 19:28:05,133 - INFO - Humidity Sensor is healthy
2026-03-24 19:28:05,134 - INFO - Track Alignment Sensor is healthy
2026-03-24 19:28:05,134 - INFO - Engine Load Sensor is healthy
2026-03-24 19:28:10,135 - INFO - Temperature Sensor is healthy
2026-03-24 19:28:10,136 - INFO - Pressure Sensor is healthy
2026-03-24 19:28:10,137 - INFO - Vibration Sensor is healthy
2026-03-24 19:28:10,138 - ERROR - Fuel Flow Sensor FAILED - Fuel flow interrupted
2026-03-24 19:28:10,138 - INFO - Voltage Sensor is healthy
2026-03-24 19:28:10,139 - INFO - Speed Sensor is healthy
2026-03-24 19:28:10,140 - INFO - Brake Pressure Sensor is healthy
2026-03-24 19:28:10,140 - INFO - Humidity Sensor is healthy
2026-03-24 19:28:10,141 - INFO - Track Alignment Sensor is healthy
2026-03-24 19:28:10,141 - INFO - Engine Load Sensor is healthy
2026-03-24 19:28:15,143 - INFO - Temperature Sensor is healthy
2026-03-24 19:28:15,144 - INFO - Pressure Sensor is healthy
2026-03-24 19:28:15,144 - INFO - Vibration Sensor is healthy
2026-03-24 19:28:15,145 - ERROR - Fuel Flow Sensor FAILED - Fuel flow interrupted
2026-03-24 19:28:15,145 - INFO - Voltage Sensor is healthy
2026-03-24 19:28:15,145 - INFO - Speed Sensor is healthy
2026-03-24 19:28:15,146 - INFO - Brake Pressure Sensor is healthy
2026-03-24 19:28:15,146 - INFO - Humidity Sensor is healthy
2026-03-24 19:28:15,147 - INFO - Track Alignment Sensor is healthy
2026-03-24 19:28:15,147 - INFO - Engine Load Sensor is healthy
2026-03-24 19:28:20,148 - INFO - Temperature Sensor is healthy
2026-03-24 19:28:20,149 - INFO - Pressure Sensor is healthy
2026-03-24 19:28:20,149 - INFO - Vibration Sensor is healthy
2026-03-24 19:28:20,149 - ERROR - Fuel Flow Sensor FAILED - Fuel flow interrupted
2026-03-24 19:28:20,150 - INFO - Voltage Sensor is healthy
2026-03-24 19:28:20,150 - INFO - Speed Sensor is healthy
2026-03-24 19:28:20,150 - INFO - Brake Pressure Sensor is healthy
2026-03-24 19:28:20,151 - INFO - Humidity Sensor is healthy
2026-03-24 19:28:20,151 - INFO - Track Alignment Sensor is healthy
2026-03-24 19:28:20,152 - INFO - Engine Load Sensor is healthy
2026-03-24 19:28:25,153 - INFO - Temperature Sensor is healthy
2026-03-24 19:28:25,154 - INFO - Pressure Sensor is healthy
2026-03-24 19:28:25,154 - INFO - Vibration Sensor is healthy
2026-03-24 19:28:25,154 - ERROR - Fuel Flow Sensor FAILED - Fuel flow interrupted
2026-03-24 19:28:25,155 - INFO - Voltage Sensor is healthy
2026-03-24 19:28:25,155 - INFO - Speed Sensor is healthy
2026-03-24 19:28:25,155 - INFO - Brake Pressure Sensor is healthy
2026-03-24 19:28:25,156 - INFO - Humidity Sensor is healthy
2026-03-24 19:28:25,156 - INFO - Track Alignment Sensor is healthy
2026-03-24 19:28:25,157 - INFO - Engine Load Sensor is healthy
2026-03-24 19:28:30,157 - INFO - Temperature Sensor is healthy
2026-03-24 19:28:30,158 - INFO - Pressure Sensor is healthy
2026-03-24 19:28:30,160 - INFO - Vibration Sensor is healthy
2026-03-24 19:28:30,161 - ERROR - Fuel Flow Sensor FAILED - Fuel flow interrupted
2026-03-24 19:28:30,161 - INFO - Voltage Sensor is healthy
2026-03-24 19:28:30,162 - INFO - Speed Sensor is healthy
2026-03-24 19:28:30,162 - INFO - Brake Pressure Sensor is healthy
2026-03-24 19:28:30,163 - INFO - Humidity Sensor is healthy
2026-03-24 19:28:30,163 - INFO - Track Alignment Sensor is healthy
2026-03-24 19:28:30,164 - INFO - Engine Load Sensor is healthy
2026-03-24 19:28:35,165 - INFO - Temperature Sensor is healthy
2026-03-24 19:28:35,165 - INFO - Pressure Sensor is healthy
2026-03-24 19:28:35,166 - INFO - Vibration Sensor is healthy
2026-03-24 19:28:35,166 - ERROR - Fuel Flow Sensor FAILED - Fuel flow interrupted
2026-03-24 19:28:35,167 - INFO - Voltage Sensor is healthy
2026-03-24 19:28:35,167 - INFO - Speed Sensor is healthy
2026-03-24 19:28:35,168 - INFO - Brake Pressure Sensor is healthy
2026-03-24 19:28:35,168 - INFO - Humidity Sensor is healthy
2026-03-24 19:28:35,168 - INFO - Track Alignment Sensor is healthy
2026-03-24 19:28:35,169 - INFO - Engine Load Sensor is healthy
2026-03-24 19:28:40,170 - INFO - Temperature Sensor is healthy
2026-03-24 19:28:40,171 - INFO - Pressure Sensor is healthy
2026-03-24 19:28:40,172 - INFO - Vibration Sensor is healthy
2026-03-24 19:28:40,172 - ERROR - Fuel Flow Sensor FAILED - Fuel flow interrupted
2026-03-24 19:28:40,173 - INFO - Voltage Sensor is healthy
2026-03-24 19:28:40,173 - INFO - Speed Sensor is healthy
2026-03-24 19:28:40,173 - INFO - Brake Pressure Sensor is healthy
2026-03-24 19:28:40,174 - INFO - Humidity Sensor is healthy
2026-03-24 19:28:40,174 - INFO - Track Alignment Sensor is healthy
2026-03-24 19:28:40,174 - INFO - Engine Load Sensor is healthy
2026-03-24 19:28:45,175 - INFO - Temperature Sensor is healthy
2026-03-24 19:28:45,176 - INFO - Pressure Sensor is healthy
2026-03-24 19:28:45,177 - INFO - Vibration Sensor is healthy
2026-03-24 19:28:45,177 - ERROR - Fuel Flow Sensor FAILED - Fuel flow interrupted
2026-03-24 19:28:45,178 - INFO - Voltage Sensor is healthy
2026-03-24 19:28:45,178 - INFO - Speed Sensor is healthy
2026-03-24 19:28:45,179 - INFO - Brake Pressure Sensor is healthy
2026-03-24 19:28:45,180 - INFO - Humidity Sensor is healthy
2026-03-24 19:28:45,180 - INFO - Track Alignment Sensor is healthy
2026-03-24 19:28:45,181 - INFO - Engine Load Sensor is healthy
2026-03-24 19:28:50,183 - INFO - Temperature Sensor is healthy
2026-03-24 19:28:50,184 - INFO - Pressure Sensor is healthy
2026-03-24 19:28:50,184 - INFO - Vibration Sensor is healthy
2026-03-24 19:28:50,185 - ERROR - Fuel Flow Sensor FAILED - Fuel flow interrupted
2026-03-24 19:28:50,185 - INFO - Voltage Sensor is healthy
2026-03-24 19:28:50,185 - INFO - Speed Sensor is healthy
2026-03-24 19:28:50,186 - INFO - Brake Pressure Sensor is healthy
2026-03-24 19:28:50,186 - INFO - Humidity Sensor is healthy
2026-03-24 19:28:50,186 - INFO - Track Alignment Sensor is healthy
2026-03-24 19:28:50,187 - INFO - Engine Load Sensor is healthy
2026-03-24 19:28:55,187 - INFO - Temperature Sensor is healthy
2026-03-24 19:28:55,191 - INFO - Pressure Sensor is healthy
2026-03-24 19:28:55,192 - INFO - Vibration Sensor is healthy
2026-03-24 19:28:55,193 - ERROR - Fuel Flow Sensor FAILED - Fuel flow interrupted
2026-03-24 19:28:55,194 - INFO - Voltage Sensor is healthy
2026-03-24 19:28:55,195 - INFO - Speed Sensor is healthy
2026-03-24 19:28:55,196 - INFO - Brake Pressure Sensor is healthy
2026-03-24 19:28:55,198 - INFO - Humidity Sensor is healthy
2026-03-24 19:28:55,199 - INFO - Track Alignment Sensor is healthy
2026-03-24 19:28:55,201 - INFO - Engine Load Sensor is healthy
2026-03-24 19:29:00,203 - INFO - Temperature Sensor is healthy
2026-03-24 19:29:00,203 - INFO - Pressure Sensor is healthy
2026-03-24 19:29:00,204 - INFO - Vibration Sensor is healthy
2026-03-24 19:29:00,204 - ERROR - Fuel Flow Sensor FAILED - Fuel flow interrupted
2026-03-24 19:29:00,204 - INFO - Voltage Sensor is healthy
2026-03-24 19:29:00,205 - INFO - Speed Sensor is healthy
2026-03-24 19:29:00,205 - INFO - Brake Pressure Sensor is healthy
2026-03-24 19:29:00,205 - INFO - Humidity Sensor is healthy
2026-03-24 19:29:00,206 - INFO - Track Alignment Sensor is healthy
2026-03-24 19:29:00,206 - INFO - Engine Load Sensor is healthy
2026-03-24 19:29:05,207 - INFO - Temperature Sensor is healthy
2026-03-24 19:29:05,207 - INFO - Pressure Sensor is healthy
2026-03-24 19:29:05,208 - INFO - Vibration Sensor is healthy
2026-03-24 19:29:05,208 - ERROR - Fuel Flow Sensor FAILED - Fuel flow interrupted
2026-03-24 19:29:05,209 - INFO - Voltage Sensor is healthy
2026-03-24 19:29:05,209 - INFO - Speed Sensor is healthy
2026-03-24 19:29:05,210 - INFO - Brake Pressure Sensor is healthy
2026-03-24 19:29:05,210 - INFO - Humidity Sensor is healthy
2026-03-24 19:29:05,211 - INFO - Track Alignment Sensor is healthy
2026-03-24 19:29:05,211 - INFO - Engine Load Sensor is healthy
2026-03-24 19:29:10,213 - INFO - Temperature Sensor is healthy
2026-03-24 19:29:10,214 - INFO - Pressure Sensor is healthy
2026-03-24 19:29:10,214 - INFO - Vibration Sensor is healthy
2026-03-24 19:29:10,215 - ERROR - Fuel Flow Sensor FAILED - Fuel flow interrupted
2026-03-24 19:29:10,215 - INFO - Voltage Sensor is healthy
2026-03-24 19:29:10,216 - INFO - Speed Sensor is healthy
2026-03-24 19:29:10,216 - INFO - Brake Pressure Sensor is healthy
2026-03-24 19:29:10,217 - INFO - Humidity Sensor is healthy
2026-03-24 19:29:10,217 - INFO - Track Alignment Sensor is healthy
2026-03-24 19:29:10,217 - INFO - Engine Load Sensor is healthy
2026-03-24 19:29:15,218 - INFO - Temperature Sensor is healthy
2026-03-24 19:29:15,219 - INFO - Pressure Sensor is healthy
2026-03-24 19:29:15,220 - INFO - Vibration Sensor is healthy
2026-03-24 19:29:15,220 - ERROR - Fuel Flow Sensor FAILED - Fuel flow interrupted
2026-03-24 19:29:15,221 - INFO - Voltage Sensor is healthy
2026-03-24 19:29:15,221 - INFO - Speed Sensor is healthy
2026-03-24 19:29:15,221 - INFO - Brake Pressure Sensor is healthy
2026-03-24 19:29:15,222 - INFO - Humidity Sensor is healthy
2026-03-24 19:29:15,222 - INFO - Track Alignment Sensor is healthy
2026-03-24 19:29:15,222 - INFO - Engine Load Sensor is healthy
2026-03-24 19:29:20,226 - INFO - Temperature Sensor is healthy
2026-03-24 19:29:20,227 - INFO - Pressure Sensor is healthy
2026-03-24 19:29:20,229 - INFO - Vibration Sensor is healthy
2026-03-24 19:29:20,230 - ERROR - Fuel Flow Sensor FAILED - Fuel flow interrupted
2026-03-24 19:29:20,231 - INFO - Voltage Sensor is healthy
2026-03-24 19:29:20,231 - INFO - Speed Sensor is healthy
2026-03-24 19:29:20,232 - INFO - Brake Pressure Sensor is healthy
2026-03-24 19:29:20,233 - INFO - Humidity Sensor is healthy
2026-03-24 19:29:20,234 - INFO - Track Alignment Sensor is healthy
2026-03-24 19:29:20,236 - INFO - Engine Load Sensor is healthy
2026-03-24 19:29:25,237 - INFO - Temperature Sensor is healthy
2026-03-24 19:29:25,237 - INFO - Pressure Sensor is healthy
2026-03-24 19:29:25,238 - INFO - Vibration Sensor is healthy
2026-03-24 19:29:25,238 - ERROR - Fuel Flow Sensor FAILED - Fuel flow interrupted
2026-03-24 19:29:25,239 - INFO - Voltage Sensor is healthy
2026-03-24 19:29:25,239 - INFO - Speed Sensor is healthy
2026-03-24 19:29:25,239 - INFO - Brake Pressure Sensor is healthy
2026-03-24 19:29:25,240 - INFO - Humidity Sensor is healthy
2026-03-24 19:29:25,240 - INFO - Track Alignment Sensor is healthy
2026-03-24 19:29:25,240 - INFO - Engine Load Sensor is healthy
2026-03-24 19:29:30,241 - INFO - Temperature Sensor is healthy
2026-03-24 19:29:30,242 - INFO - Pressure Sensor is healthy
2026-03-24 19:29:30,242 - INFO - Vibration Sensor is healthy
2026-03-24 19:29:30,242 - ERROR - Fuel Flow Sensor FAILED - Fuel flow interrupted
2026-03-24 19:29:30,243 - INFO - Voltage Sensor is healthy
2026-03-24 19:29:30,243 - INFO - Speed Sensor is healthy
2026-03-24 19:29:30,244 - INFO - Brake Pressure Sensor is healthy
2026-03-24 19:29:30,244 - INFO - Humidity Sensor is healthy
2026-03-24 19:29:30,244 - INFO - Track Alignment Sensor is healthy
2026-03-24 19:29:30,245 - INFO - Engine Load Sensor is healthy
2026-03-24 19:29:35,247 - INFO - Temperature Sensor is healthy
2026-03-24 19:29:35,248 - INFO - Pressure Sensor is healthy
2026-03-24 19:29:35,248 - INFO - Vibration Sensor is healthy
2026-03-24 19:29:35,249 - ERROR - Fuel Flow Sensor FAILED - Fuel flow interrupted
2026-03-24 19:29:35,249 - INFO - Voltage Sensor is healthy
2026-03-24 19:29:35,250 - INFO - Speed Sensor is healthy
2026-03-24 19:29:35,250 - INFO - Brake Pressure Sensor is healthy
2026-03-24 19:29:35,250 - INFO - Humidity Sensor is healthy
2026-03-24 19:29:35,251 - INFO - Track Alignment Sensor is healthy
2026-03-24 19:29:35,251 - INFO - Engine Load Sensor is healthy
2026-03-24 19:29:40,252 - INFO - Temperature Sensor is healthy
2026-03-24 19:29:40,253 - INFO - Pressure Sensor is healthy
2026-03-24 19:29:40,253 - INFO - Vibration Sensor is healthy
2026-03-24 19:29:40,253 - ERROR - Fuel Flow Sensor FAILED - Fuel flow interrupted
2026-03-24 19:29:40,254 - INFO - Voltage Sensor is healthy
2026-03-24 19:29:40,254 - INFO - Speed Sensor is healthy
2026-03-24 19:29:40,254 - INFO - Brake Pressure Sensor is healthy
2026-03-24 19:29:40,255 - INFO - Humidity Sensor is healthy
2026-03-24 19:29:40,255 - INFO - Track Alignment Sensor is healthy
2026-03-24 19:29:40,255 - INFO - Engine Load Sensor is healthy
2026-03-24 19:29:45,258 - INFO - Temperature Sensor is healthy
2026-03-24 19:29:45,273 - INFO - Pressure Sensor is healthy
2026-03-24 19:29:45,297 - INFO - Vibration Sensor is healthy
2026-03-24 19:29:45,298 - ERROR - Fuel Flow Sensor FAILED - Fuel flow interrupted
2026-03-24 19:29:45,300 - INFO - Voltage Sensor is healthy
2026-03-24 19:29:45,300 - INFO - Speed Sensor is healthy
2026-03-24 19:29:45,301 - INFO - Brake Pressure Sensor is healthy
2026-03-24 19:29:45,301 - INFO - Humidity Sensor is healthy
2026-03-24 19:29:45,302 - INFO - Track Alignment Sensor is healthy
2026-03-24 19:29:45,303 - INFO - Engine Load Sensor is healthy
2026-03-24 19:29:50,304 - INFO - Temperature Sensor is healthy
2026-03-24 19:29:50,305 - INFO - Pressure Sensor is healthy
2026-03-24 19:29:50,306 - INFO - Vibration Sensor is healthy
2026-03-24 19:29:50,306 - ERROR - Fuel Flow Sensor FAILED - Fuel flow interrupted
2026-03-24 19:29:50,307 - INFO - Voltage Sensor is healthy
2026-03-24 19:29:50,307 - INFO - Speed Sensor is healthy
2026-03-24 19:29:50,307 - INFO - Brake Pressure Sensor is healthy
2026-03-24 19:29:50,309 - INFO - Humidity Sensor is healthy
2026-03-24 19:29:50,309 - INFO - Track Alignment Sensor is healthy
2026-03-24 19:29:50,309 - INFO - Engine Load Sensor is healthy
2026-03-24 19:29:55,311 - INFO - Temperature Sensor is healthy
2026-03-24 19:29:55,312 - INFO - Pressure Sensor is healthy
2026-03-24 19:29:55,313 - INFO - Vibration Sensor is healthy
2026-03-24 19:29:55,314 - ERROR - Fuel Flow Sensor FAILED - Fuel flow interrupted
2026-03-24 19:29:55,314 - INFO - Voltage Sensor is healthy
2026-03-24 19:29:55,314 - INFO - Speed Sensor is healthy
2026-03-24 19:29:55,315 - INFO - Brake Pressure Sensor is healthy
2026-03-24 19:29:55,315 - INFO - Humidity Sensor is healthy
2026-03-24 19:29:55,316 - INFO - Track Alignment Sensor is healthy
2026-03-24 19:29:55,316 - INFO - Engine Load Sensor is healthy
2026-03-24 19:30:00,317 - INFO - Temperature Sensor is healthy
2026-03-24 19:30:00,318 - INFO - Pressure Sensor is healthy
2026-03-24 19:30:00,318 - INFO - Vibration Sensor is healthy
2026-03-24 19:30:00,318 - ERROR - Fuel Flow Sensor FAILED - Fuel flow interrupted
2026-03-24 19:30:00,319 - INFO - Voltage Sensor is healthy
2026-03-24 19:30:00,319 - INFO - Speed Sensor is healthy
2026-03-24 19:30:00,319 - INFO - Brake Pressure Sensor is healthy
2026-03-24 19:30:00,319 - INFO - Humidity Sensor is healthy
2026-03-24 19:30:00,320 - INFO - Track Alignment Sensor is healthy
2026-03-24 19:30:00,320 - INFO - Engine Load Sensor is healthy
2026-03-24 19:30:05,321 - INFO - Temperature Sensor is healthy
2026-03-24 19:30:05,321 - INFO - Pressure Sensor is healthy
2026-03-24 19:30:05,322 - INFO - Vibration Sensor is healthy
2026-03-24 19:30:05,323 - ERROR - Fuel Flow Sensor FAILED - Fuel flow interrupted
2026-03-24 19:30:05,323 - INFO - Voltage Sensor is healthy
2026-03-24 19:30:05,323 - INFO - Speed Sensor is healthy
2026-03-24 19:30:05,324 - INFO - Brake Pressure Sensor is healthy
2026-03-24 19:30:05,324 - INFO - Humidity Sensor is healthy
2026-03-24 19:30:05,324 - INFO - Track Alignment Sensor is healthy
2026-03-24 19:30:05,324 - INFO - Engine Load Sensor is healthy
2026-03-24 19:30:10,325 - INFO - Temperature Sensor is healthy
2026-03-24 19:30:10,326 - INFO - Pressure Sensor is healthy
2026-03-24 19:30:10,326 - INFO - Vibration Sensor is healthy
2026-03-24 19:30:10,327 - ERROR - Fuel Flow Sensor FAILED - Fuel flow interrupted
2026-03-24 19:30:10,328 - INFO - Voltage Sensor is healthy
2026-03-24 19:30:10,329 - INFO - Speed Sensor is healthy
2026-03-24 19:30:10,329 - INFO - Brake Pressure Sensor is healthy
2026-03-24 19:30:10,330 - INFO - Humidity Sensor is healthy
2026-03-24 19:30:10,331 - INFO - Track Alignment Sensor is healthy
2026-03-24 19:30:10,332 - INFO - Engine Load Sensor is healthy
2026-03-24 19:30:15,334 - INFO - Temperature Sensor is healthy
2026-03-24 19:30:15,335 - INFO - Pressure Sensor is healthy
2026-03-24 19:30:15,335 - INFO - Vibration Sensor is healthy
2026-03-24 19:30:15,336 - ERROR - Fuel Flow Sensor FAILED - Fuel flow interrupted
2026-03-24 19:30:15,336 - INFO - Voltage Sensor is healthy
2026-03-24 19:30:15,336 - INFO - Speed Sensor is healthy
2026-03-24 19:30:15,337 - INFO - Brake Pressure Sensor is healthy
2026-03-24 19:30:15,337 - INFO - Humidity Sensor is healthy
2026-03-24 19:30:15,338 - INFO - Track Alignment Sensor is healthy
2026-03-24 19:30:15,338 - INFO - Engine Load Sensor is healthy
2026-03-24 19:30:20,339 - INFO - Temperature Sensor is healthy
2026-03-24 19:30:20,340 - INFO - Pressure Sensor is healthy
2026-03-24 19:30:20,340 - INFO - Vibration Sensor is healthy
2026-03-24 19:30:20,340 - ERROR - Fuel Flow Sensor FAILED - Fuel flow interrupted
2026-03-24 19:30:20,341 - INFO - Voltage Sensor is healthy
2026-03-24 19:30:20,341 - INFO - Speed Sensor is healthy
2026-03-24 19:30:20,342 - INFO - Brake Pressure Sensor is healthy
2026-03-24 19:30:20,342 - INFO - Humidity Sensor is healthy
2026-03-24 19:30:20,342 - INFO - Track Alignment Sensor is healthy
2026-03-24 19:30:20,343 - INFO - Engine Load Sensor is healthy
2026-03-24 19:30:25,344 - INFO - Temperature Sensor is healthy
2026-03-24 19:30:25,345 - INFO - Pressure Sensor is healthy
2026-03-24 19:30:25,346 - INFO - Vibration Sensor is healthy
2026-03-24 19:30:25,346 - ERROR - Fuel Flow Sensor FAILED - Fuel flow interrupted
2026-03-24 19:30:25,347 - INFO - Voltage Sensor is healthy
2026-03-24 19:30:25,348 - INFO - Speed Sensor is healthy
2026-03-24 19:30:25,348 - INFO - Brake Pressure Sensor is healthy
2026-03-24 19:30:25,348 - INFO - Humidity Sensor is healthy
2026-03-24 19:30:25,348 - INFO - Track Alignment Sensor is healthy
2026-03-24 19:30:25,349 - INFO - Engine Load Sensor is healthy
2026-03-24 19:30:30,350 - INFO - Temperature Sensor is healthy
2026-03-24 19:30:30,351 - INFO - Pressure Sensor is healthy
2026-03-24 19:30:30,351 - INFO - Vibration Sensor is healthy
2026-03-24 19:30:30,351 - ERROR - Fuel Flow Sensor FAILED - Fuel flow interrupted
2026-03-24 19:30:30,352 - INFO - Voltage Sensor is healthy
2026-03-24 19:30:30,352 - INFO - Speed Sensor is healthy
2026-03-24 19:30:30,352 - INFO - Brake Pressure Sensor is healthy
2026-03-24 19:30:30,353 - INFO - Humidity Sensor is healthy
2026-03-24 19:30:30,353 - INFO - Track Alignment Sensor is healthy
2026-03-24 19:30:30,353 - INFO - Engine Load Sensor is healthy
2026-03-24 19:30:35,354 - INFO - Temperature Sensor is healthy
2026-03-24 19:30:35,355 - INFO - Pressure Sensor is healthy
2026-03-24 19:30:35,355 - INFO - Vibration Sensor is healthy
2026-03-24 19:30:35,356 - ERROR - Fuel Flow Sensor FAILED - Fuel flow interrupted
2026-03-24 19:30:35,356 - INFO - Voltage Sensor is healthy
2026-03-24 19:30:35,357 - INFO - Speed Sensor is healthy
2026-03-24 19:30:35,357 - INFO - Brake Pressure Sensor is healthy
2026-03-24 19:30:35,358 - INFO - Humidity Sensor is healthy
2026-03-24 19:30:35,359 - INFO - Track Alignment Sensor is healthy
2026-03-24 19:30:35,360 - INFO - Engine Load Sensor is healthy
2026-03-24 19:30:40,361 - INFO - Temperature Sensor is healthy
2026-03-24 19:30:40,362 - INFO - Pressure Sensor is healthy
2026-03-24 19:30:40,362 - INFO - Vibration Sensor is healthy
2026-03-24 19:30:40,362 - ERROR - Fuel Flow Sensor FAILED - Fuel flow interrupted
2026-03-24 19:30:40,363 - INFO - Voltage Sensor is healthy
2026-03-24 19:30:40,364 - INFO - Speed Sensor is healthy
2026-03-24 19:30:40,364 - INFO - Brake Pressure Sensor is healthy
2026-03-24 19:30:40,364 - INFO - Humidity Sensor is healthy
2026-03-24 19:30:40,365 - INFO - Track Alignment Sensor is healthy
2026-03-24 19:30:40,365 - INFO - Engine Load Sensor is healthy
2026-03-24 19:30:45,366 - INFO - Temperature Sensor is healthy
2026-03-24 19:30:45,366 - INFO - Pressure Sensor is healthy
2026-03-24 19:30:45,366 - INFO - Vibration Sensor is healthy
2026-03-24 19:30:45,367 - ERROR - Fuel Flow Sensor FAILED - Fuel flow interrupted
2026-03-24 19:30:45,367 - INFO - Voltage Sensor is healthy
2026-03-24 19:30:45,367 - INFO - Speed Sensor is healthy
2026-03-24 19:30:45,368 - INFO - Brake Pressure Sensor is healthy
2026-03-24 19:30:45,368 - INFO - Humidity Sensor is healthy
2026-03-24 19:30:45,368 - INFO - Track Alignment Sensor is healthy
2026-03-24 19:30:45,369 - INFO - Engine Load Sensor is healthy
2026-03-24 19:30:50,369 - INFO - Temperature Sensor is healthy
2026-03-24 19:30:50,371 - INFO - Pressure Sensor is healthy
2026-03-24 19:30:50,372 - INFO - Vibration Sensor is healthy
2026-03-24 19:30:50,372 - ERROR - Fuel Flow Sensor FAILED - Fuel flow interrupted
2026-03-24 19:30:50,373 - INFO - Voltage Sensor is healthy
2026-03-24 19:30:50,373 - INFO - Speed Sensor is healthy
2026-03-24 19:30:50,374 - INFO - Brake Pressure Sensor is healthy
2026-03-24 19:30:50,375 - INFO - Humidity Sensor is healthy
2026-03-24 19:30:50,376 - INFO - Track Alignment Sensor is healthy
2026-03-24 19:30:50,377 - INFO - Engine Load Sensor is healthy
2026-03-24 19:30:55,378 - INFO - Temperature Sensor is healthy
2026-03-24 19:30:55,379 - INFO - Pressure Sensor is healthy
2026-03-24 19:30:55,380 - INFO - Vibration Sensor is healthy
2026-03-24 19:30:55,380 - ERROR - Fuel Flow Sensor FAILED - Fuel flow interrupted
2026-03-24 19:30:55,381 - INFO - Voltage Sensor is healthy
2026-03-24 19:30:55,381 - INFO - Speed Sensor is healthy
2026-03-24 19:30:55,382 - INFO - Brake Pressure Sensor is healthy
2026-03-24 19:30:55,382 - INFO - Humidity Sensor is healthy
2026-03-24 19:30:55,383 - INFO - Track Alignment Sensor is healthy
2026-03-24 19:30:55,383 - INFO - Engine Load Sensor is healthy
2026-03-24 19:31:00,385 - INFO - Temperature Sensor is healthy
2026-03-24 19:31:00,386 - INFO - Pressure Sensor is healthy
2026-03-24 19:31:00,386 - INFO - Vibration Sensor is healthy
2026-03-24 19:31:00,387 - ERROR - Fuel Flow Sensor FAILED - Fuel flow interrupted
2026-03-24 19:31:00,387 - INFO - Voltage Sensor is healthy
2026-03-24 19:31:00,387 - INFO - Speed Sensor is healthy
2026-03-24 19:31:00,388 - INFO - Brake Pressure Sensor is healthy
2026-03-24 19:31:00,388 - INFO - Humidity Sensor is healthy
2026-03-24 19:31:00,388 - INFO - Track Alignment Sensor is healthy
2026-03-24 19:31:00,389 - INFO - Engine Load Sensor is healthy
2026-03-24 19:31:05,389 - INFO - Temperature Sensor is healthy
2026-03-24 19:31:05,390 - INFO - Pressure Sensor is healthy
2026-03-24 19:31:05,391 - INFO - Vibration Sensor is healthy
2026-03-24 19:31:05,391 - ERROR - Fuel Flow Sensor FAILED - Fuel flow interrupted
2026-03-24 19:31:05,391 - INFO - Voltage Sensor is healthy
2026-03-24 19:31:05,392 - INFO - Speed Sensor is healthy
2026-03-24 19:31:05,392 - INFO - Brake Pressure Sensor is healthy
2026-03-24 19:31:05,393 - INFO - Humidity Sensor is healthy
2026-03-24 19:31:05,393 - INFO - Track Alignment Sensor is healthy
2026-03-24 19:31:05,393 - INFO - Engine Load Sensor is healthy
2026-03-24 19:31:10,394 - INFO - Temperature Sensor is healthy
2026-03-24 19:31:10,395 - INFO - Pressure Sensor is healthy
2026-03-24 19:31:10,395 - INFO - Vibration Sensor is healthy
2026-03-24 19:31:10,395 - ERROR - Fuel Flow Sensor FAILED - Fuel flow interrupted
2026-03-24 19:31:10,396 - INFO - Voltage Sensor is healthy
2026-03-24 19:31:10,396 - INFO - Speed Sensor is healthy
2026-03-24 19:31:10,396 - INFO - Brake Pressure Sensor is healthy
2026-03-24 19:31:10,396 - INFO - Humidity Sensor is healthy
2026-03-24 19:31:10,397 - INFO - Track Alignment Sensor is healthy
2026-03-24 19:31:10,398 - INFO - Engine Load Sensor is healthy
2026-03-24 19:31:15,399 - INFO - Temperature Sensor is healthy
2026-03-24 19:31:15,400 - INFO - Pressure Sensor is healthy
2026-03-24 19:31:15,400 - INFO - Vibration Sensor is healthy
2026-03-24 19:31:15,400 - ERROR - Fuel Flow Sensor FAILED - Fuel flow interrupted
2026-03-24 19:31:15,401 - INFO - Voltage Sensor is healthy
2026-03-24 19:31:15,401 - INFO - Speed Sensor is healthy
2026-03-24 19:31:15,402 - INFO - Brake Pressure Sensor is healthy
2026-03-24 19:31:15,402 - INFO - Humidity Sensor is healthy
2026-03-24 19:31:15,402 - INFO - Track Alignment Sensor is healthy
2026-03-24 19:31:15,403 - INFO - Engine Load Sensor is healthy
2026-03-24 19:31:20,404 - INFO - Temperature Sensor is healthy
2026-03-24 19:31:20,405 - INFO - Pressure Sensor is healthy
2026-03-24 19:31:20,405 - INFO - Vibration Sensor is healthy
2026-03-24 19:31:20,405 - ERROR - Fuel Flow Sensor FAILED - Fuel flow interrupted
2026-03-24 19:31:20,406 - INFO - Voltage Sensor is healthy
2026-03-24 19:31:20,406 - INFO - Speed Sensor is healthy
2026-03-24 19:31:20,407 - INFO - Brake Pressure Sensor is healthy
2026-03-24 19:31:20,407 - INFO - Humidity Sensor is healthy
2026-03-24 19:31:20,407 - INFO - Track Alignment Sensor is healthy
2026-03-24 19:31:20,408 - INFO - Engine Load Sensor is healthy
2026-03-24 19:31:25,409 - INFO - Temperature Sensor is healthy
2026-03-24 19:31:25,410 - INFO - Pressure Sensor is healthy
2026-03-24 19:31:25,410 - INFO - Vibration Sensor is healthy
2026-03-24 19:31:25,411 - ERROR - Fuel Flow Sensor FAILED - Fuel flow interrupted
2026-03-24 19:31:25,411 - INFO - Voltage Sensor is healthy
2026-03-24 19:31:25,411 - INFO - Speed Sensor is healthy
2026-03-24 19:31:25,412 - INFO - Brake Pressure Sensor is healthy
2026-03-24 19:31:25,412 - INFO - Humidity Sensor is healthy
2026-03-24 19:31:25,412 - INFO - Track Alignment Sensor is healthy
2026-03-24 19:31:25,413 - INFO - Engine Load Sensor is healthy
2026-03-24 19:31:30,414 - INFO - Temperature Sensor is healthy
2026-03-24 19:31:30,415 - INFO - Pressure Sensor is healthy
2026-03-24 19:31:30,416 - INFO - Vibration Sensor is healthy
2026-03-24 19:31:30,416 - ERROR - Fuel Flow Sensor FAILED - Fuel flow interrupted
2026-03-24 19:31:30,417 - INFO - Voltage Sensor is healthy
2026-03-24 19:31:30,417 - INFO - Speed Sensor is healthy
2026-03-24 19:31:30,417 - INFO - Brake Pressure Sensor is healthy
2026-03-24 19:31:30,417 - INFO - Humidity Sensor is healthy
2026-03-24 19:31:30,418 - INFO - Track Alignment Sensor is healthy
2026-03-24 19:31:30,418 - INFO - Engine Load Sensor is healthy
2026-03-24 19:31:35,419 - INFO - Temperature Sensor is healthy
2026-03-24 19:31:35,420 - INFO - Pressure Sensor is healthy
2026-03-24 19:31:35,420 - INFO - Vibration Sensor is healthy
2026-03-24 19:31:35,421 - ERROR - Fuel Flow Sensor FAILED - Fuel flow interrupted
2026-03-24 19:31:35,421 - INFO - Voltage Sensor is healthy
2026-03-24 19:31:35,421 - INFO - Speed Sensor is healthy
2026-03-24 19:31:35,422 - INFO - Brake Pressure Sensor is healthy
2026-03-24 19:31:35,422 - INFO - Humidity Sensor is healthy
2026-03-24 19:31:35,423 - INFO - Track Alignment Sensor is healthy
2026-03-24 19:31:35,424 - INFO - Engine Load Sensor is healthy
2026-03-24 19:31:40,426 - INFO - Temperature Sensor is healthy
2026-03-24 19:31:40,427 - INFO - Pressure Sensor is healthy
2026-03-24 19:31:40,427 - INFO - Vibration Sensor is healthy
2026-03-24 19:31:40,427 - ERROR - Fuel Flow Sensor FAILED - Fuel flow interrupted
2026-03-24 19:31:40,428 - INFO - Voltage Sensor is healthy
2026-03-24 19:31:40,428 - INFO - Speed Sensor is healthy
2026-03-24 19:31:40,428 - INFO - Brake Pressure Sensor is healthy
2026-03-24 19:31:40,429 - INFO - Humidity Sensor is healthy
2026-03-24 19:31:40,429 - INFO - Track Alignment Sensor is healthy
2026-03-24 19:31:40,429 - INFO - Engine Load Sensor is healthy
2026-03-24 19:31:45,431 - INFO - Temperature Sensor is healthy
2026-03-24 19:31:45,433 - INFO - Pressure Sensor is healthy
2026-03-24 19:31:45,433 - INFO - Vibration Sensor is healthy
2026-03-24 19:31:45,435 - ERROR - Fuel Flow Sensor FAILED - Fuel flow interrupted
2026-03-24 19:31:45,437 - INFO - Voltage Sensor is healthy
2026-03-24 19:31:45,438 - INFO - Speed Sensor is healthy
2026-03-24 19:31:45,438 - INFO - Brake Pressure Sensor is healthy
2026-03-24 19:31:45,439 - INFO - Humidity Sensor is healthy
2026-03-24 19:31:45,439 - INFO - Track Alignment Sensor is healthy
2026-03-24 19:31:45,440 - INFO - Engine Load Sensor is healthy
2026-03-24 19:31:50,441 - INFO - Temperature Sensor is healthy
2026-03-24 19:31:50,442 - INFO - Pressure Sensor is healthy
2026-03-24 19:31:50,442 - INFO - Vibration Sensor is healthy
2026-03-24 19:31:50,443 - ERROR - Fuel Flow Sensor FAILED - Fuel flow interrupted
2026-03-24 19:31:50,443 - INFO - Voltage Sensor is healthy
2026-03-24 19:31:50,444 - INFO - Speed Sensor is healthy
2026-03-24 19:31:50,444 - INFO - Brake Pressure Sensor is healthy
2026-03-24 19:31:50,444 - INFO - Humidity Sensor is healthy
2026-03-24 19:31:50,445 - INFO - Track Alignment Sensor is healthy
2026-03-24 19:31:50,445 - INFO - Engine Load Sensor is healthy
2026-03-24 19:31:55,446 - INFO - Temperature Sensor is healthy
2026-03-24 19:31:55,447 - INFO - Pressure Sensor is healthy
2026-03-24 19:31:55,447 - INFO - Vibration Sensor is healthy
2026-03-24 19:31:55,448 - ERROR - Fuel Flow Sensor FAILED - Fuel flow interrupted
2026-03-24 19:31:55,448 - INFO - Voltage Sensor is healthy
2026-03-24 19:31:55,449 - INFO - Speed Sensor is healthy
2026-03-24 19:31:55,449 - INFO - Brake Pressure Sensor is healthy
2026-03-24 19:31:55,449 - INFO - Humidity Sensor is healthy
2026-03-24 19:31:55,450 - INFO - Track Alignment Sensor is healthy
2026-03-24 19:31:55,450 - INFO - Engine Load Sensor is healthy
2026-03-24 19:32:00,451 - INFO - Temperature Sensor is healthy
2026-03-24 19:32:00,452 - INFO - Pressure Sensor is healthy
2026-03-24 19:32:00,452 - INFO - Vibration Sensor is healthy
2026-03-24 19:32:00,453 - ERROR - Fuel Flow Sensor FAILED - Fuel flow interrupted
2026-03-24 19:32:00,453 - INFO - Voltage Sensor is healthy
2026-03-24 19:32:00,454 - INFO - Speed Sensor is healthy
2026-03-24 19:32:00,454 - INFO - Brake Pressure Sensor is healthy
2026-03-24 19:32:00,455 - INFO - Humidity Sensor is healthy
2026-03-24 19:32:00,455 - INFO - Track Alignment Sensor is healthy
2026-03-24 19:32:00,456 - INFO - Engine Load Sensor is healthy
2026-03-24 19:32:05,457 - INFO - Temperature Sensor is healthy
2026-03-24 19:32:05,458 - INFO - Pressure Sensor is healthy
2026-03-24 19:32:05,458 - INFO - Vibration Sensor is healthy
2026-03-24 19:32:05,459 - ERROR - Fuel Flow Sensor FAILED - Fuel flow interrupted
2026-03-24 19:32:05,459 - INFO - Voltage Sensor is healthy
2026-03-24 19:32:05,459 - INFO - Speed Sensor is healthy
2026-03-24 19:32:05,460 - INFO - Brake Pressure Sensor is healthy
2026-03-24 19:32:05,460 - INFO - Humidity Sensor is healthy
2026-03-24 19:32:05,460 - INFO - Track Alignment Sensor is healthy
2026-03-24 19:32:05,461 - INFO - Engine Load Sensor is healthy
2026-03-24 19:32:10,462 - INFO - Temperature Sensor is healthy
2026-03-24 19:32:10,463 - INFO - Pressure Sensor is healthy
2026-03-24 19:32:10,463 - INFO - Vibration Sensor is healthy
2026-03-24 19:32:10,464 - ERROR - Fuel Flow Sensor FAILED - Fuel flow interrupted
2026-03-24 19:32:10,464 - INFO - Voltage Sensor is healthy
2026-03-24 19:32:10,465 - INFO - Speed Sensor is healthy
2026-03-24 19:32:10,466 - INFO - Brake Pressure Sensor is healthy
2026-03-24 19:32:10,466 - INFO - Humidity Sensor is healthy
2026-03-24 19:32:10,468 - INFO - Track Alignment Sensor is healthy
2026-03-24 19:32:10,469 - INFO - Engine Load Sensor is healthy
2026-03-24 19:32:15,470 - INFO - Temperature Sensor is healthy
2026-03-24 19:32:15,471 - INFO - Pressure Sensor is healthy
2026-03-24 19:32:15,471 - INFO - Vibration Sensor is healthy
2026-03-24 19:32:15,471 - ERROR - Fuel Flow Sensor FAILED - Fuel flow interrupted
2026-03-24 19:32:15,472 - INFO - Voltage Sensor is healthy
2026-03-24 19:32:15,472 - INFO - Speed Sensor is healthy
2026-03-24 19:32:15,473 - INFO - Brake Pressure Sensor is healthy
2026-03-24 19:32:15,473 - INFO - Humidity Sensor is healthy
2026-03-24 19:32:15,473 - INFO - Track Alignment Sensor is healthy
2026-03-24 19:32:15,474 - INFO - Engine Load Sensor is healthy
2026-03-24 19:32:20,475 - INFO - Temperature Sensor is healthy
2026-03-24 19:32:20,475 - INFO - Pressure Sensor is healthy
2026-03-24 19:32:20,476 - INFO - Vibration Sensor is healthy
2026-03-24 19:32:20,477 - ERROR - Fuel Flow Sensor FAILED - Fuel flow interrupted
2026-03-24 19:32:20,478 - INFO - Voltage Sensor is healthy
2026-03-24 19:32:20,478 - INFO - Speed Sensor is healthy
2026-03-24 19:32:20,479 - INFO - Brake Pressure Sensor is healthy
2026-03-24 19:32:20,479 - INFO - Humidity Sensor is healthy
2026-03-24 19:32:20,480 - INFO - Track Alignment Sensor is healthy
2026-03-24 19:32:20,480 - INFO - Engine Load Sensor is healthy
2026-03-24 19:32:25,481 - INFO - Temperature Sensor is healthy
2026-03-24 19:32:25,482 - INFO - Pressure Sensor is healthy
2026-03-24 19:32:25,483 - INFO - Vibration Sensor is healthy
2026-03-24 19:32:25,483 - ERROR - Fuel Flow Sensor FAILED - Fuel flow interrupted
2026-03-24 19:32:25,484 - INFO - Voltage Sensor is healthy
2026-03-24 19:32:25,484 - INFO - Speed Sensor is healthy
2026-03-24 19:32:25,484 - INFO - Brake Pressure Sensor is healthy
2026-03-24 19:32:25,485 - INFO - Humidity Sensor is healthy
2026-03-24 19:32:25,485 - INFO - Track Alignment Sensor is healthy
2026-03-24 19:32:25,486 - INFO - Engine Load Sensor is healthy
2026-03-24 19:32:30,487 - INFO - Temperature Sensor is healthy
2026-03-24 19:32:30,488 - INFO - Pressure Sensor is healthy
2026-03-24 19:32:30,488 - INFO - Vibration Sensor is healthy
2026-03-24 19:32:30,489 - ERROR - Fuel Flow Sensor FAILED - Fuel flow interrupted
2026-03-24 19:32:30,489 - INFO - Voltage Sensor is healthy
2026-03-24 19:32:30,489 - INFO - Speed Sensor is healthy
2026-03-24 19:32:30,490 - INFO - Brake Pressure Sensor is healthy
2026-03-24 19:32:30,490 - INFO - Humidity Sensor is healthy
2026-03-24 19:32:30,491 - INFO - Track Alignment Sensor is healthy
2026-03-24 19:32:30,492 - INFO - Engine Load Sensor is healthy
2026-03-24 19:32:35,493 - INFO - Temperature Sensor is healthy
2026-03-24 19:32:35,494 - INFO - Pressure Sensor is healthy
2026-03-24 19:32:35,494 - INFO - Vibration Sensor is healthy
2026-03-24 19:32:35,495 - ERROR - Fuel Flow Sensor FAILED - Fuel flow interrupted
2026-03-24 19:32:35,495 - INFO - Voltage Sensor is healthy
2026-03-24 19:32:35,495 - INFO - Speed Sensor is healthy
2026-03-24 19:32:35,496 - INFO - Brake Pressure Sensor is healthy
2026-03-24 19:32:35,496 - INFO - Humidity Sensor is healthy
2026-03-24 19:32:35,496 - INFO - Track Alignment Sensor is healthy
2026-03-24 19:32:35,496 - INFO - Engine Load Sensor is healthy
2026-03-24 19:32:40,497 - INFO - Temperature Sensor is healthy
2026-03-24 19:32:40,498 - INFO - Pressure Sensor is healthy
2026-03-24 19:32:40,499 - INFO - Vibration Sensor is healthy
2026-03-24 19:32:40,499 - ERROR - Fuel Flow Sensor FAILED - Fuel flow interrupted
2026-03-24 19:32:40,500 - INFO - Voltage Sensor is healthy
2026-03-24 19:32:40,500 - INFO - Speed Sensor is healthy
2026-03-24 19:32:40,501 - INFO - Brake Pressure Sensor is healthy
2026-03-24 19:32:40,501 - INFO - Humidity Sensor is healthy
2026-03-24 19:32:40,501 - INFO - Track Alignment Sensor is healthy
2026-03-24 19:32:40,502 - INFO - Engine Load Sensor is healthy
2026-03-24 19:32:45,502 - INFO - Temperature Sensor is healthy
2026-03-24 19:32:45,503 - INFO - Pressure Sensor is healthy
2026-03-24 19:32:45,504 - INFO - Vibration Sensor is healthy
2026-03-24 19:32:45,504 - ERROR - Fuel Flow Sensor FAILED - Fuel flow interrupted
2026-03-24 19:32:45,505 - INFO - Voltage Sensor is healthy
2026-03-24 19:32:45,505 - INFO - Speed Sensor is healthy
2026-03-24 19:32:45,505 - INFO - Brake Pressure Sensor is healthy
2026-03-24 19:32:45,506 - INFO - Humidity Sensor is healthy
2026-03-24 19:32:45,506 - INFO - Track Alignment Sensor is healthy
2026-03-24 19:32:45,506 - INFO - Engine Load Sensor is healthy
2026-03-24 19:32:50,507 - INFO - Temperature Sensor is healthy
2026-03-24 19:32:50,508 - INFO - Pressure Sensor is healthy
2026-03-24 19:32:50,509 - INFO - Vibration Sensor is healthy
2026-03-24 19:32:50,509 - ERROR - Fuel Flow Sensor FAILED - Fuel flow interrupted
2026-03-24 19:32:50,510 - INFO - Voltage Sensor is healthy
2026-03-24 19:32:50,510 - INFO - Speed Sensor is healthy
2026-03-24 19:32:50,511 - INFO - Brake Pressure Sensor is healthy
2026-03-24 19:32:50,512 - INFO - Humidity Sensor is healthy
2026-03-24 19:32:50,512 - INFO - Track Alignment Sensor is healthy
2026-03-24 19:32:50,513 - INFO - Engine Load Sensor is healthy
2026-03-24 19:32:55,514 - INFO - Temperature Sensor is healthy
2026-03-24 19:32:55,515 - INFO - Pressure Sensor is healthy
2026-03-24 19:32:55,516 - INFO - Vibration Sensor is healthy
2026-03-24 19:32:55,517 - ERROR - Fuel Flow Sensor FAILED - Fuel flow interrupted
2026-03-24 19:32:55,517 - INFO - Voltage Sensor is healthy
2026-03-24 19:32:55,518 - INFO - Speed Sensor is healthy
2026-03-24 19:32:55,518 - INFO - Brake Pressure Sensor is healthy
2026-03-24 19:32:55,518 - INFO - Humidity Sensor is healthy
2026-03-24 19:32:55,519 - INFO - Track Alignment Sensor is healthy
2026-03-24 19:32:55,519 - INFO - Engine Load Sensor is healthy
2026-03-24 19:33:00,520 - INFO - Temperature Sensor is healthy
2026-03-24 19:33:00,521 - INFO - Pressure Sensor is healthy
2026-03-24 19:33:00,521 - INFO - Vibration Sensor is healthy
2026-03-24 19:33:00,522 - ERROR - Fuel Flow Sensor FAILED - Fuel flow interrupted
2026-03-24 19:33:00,522 - INFO - Voltage Sensor is healthy
2026-03-24 19:33:00,523 - INFO - Speed Sensor is healthy
2026-03-24 19:33:00,523 - INFO - Brake Pressure Sensor is healthy
2026-03-24 19:33:00,524 - INFO - Humidity Sensor is healthy
2026-03-24 19:33:00,526 - INFO - Track Alignment Sensor is healthy
2026-03-24 19:33:00,528 - INFO - Engine Load Sensor is healthy
2026-03-24 19:33:05,529 - INFO - Temperature Sensor is healthy
2026-03-24 19:33:05,530 - INFO - Pressure Sensor is healthy
2026-03-24 19:33:05,530 - INFO - Vibration Sensor is healthy
2026-03-24 19:33:05,531 - ERROR - Fuel Flow Sensor FAILED - Fuel flow interrupted
2026-03-24 19:33:05,532 - INFO - Voltage Sensor is healthy
2026-03-24 19:33:05,532 - INFO - Speed Sensor is healthy
2026-03-24 19:33:05,533 - INFO - Brake Pressure Sensor is healthy
2026-03-24 19:33:05,533 - INFO - Humidity Sensor is healthy
2026-03-24 19:33:05,534 - INFO - Track Alignment Sensor is healthy
2026-03-24 19:33:05,534 - INFO - Engine Load Sensor is healthy
2026-03-24 19:33:10,535 - INFO - Temperature Sensor is healthy
2026-03-24 19:33:10,536 - INFO - Pressure Sensor is healthy
2026-03-24 19:33:10,537 - INFO - Vibration Sensor is healthy
2026-03-24 19:33:10,537 - ERROR - Fuel Flow Sensor FAILED - Fuel flow interrupted
2026-03-24 19:33:10,537 - INFO - Voltage Sensor is healthy
2026-03-24 19:33:10,538 - INFO - Speed Sensor is healthy
2026-03-24 19:33:10,538 - INFO - Brake Pressure Sensor is healthy
2026-03-24 19:33:10,539 - INFO - Humidity Sensor is healthy
2026-03-24 19:33:10,539 - INFO - Track Alignment Sensor is healthy
2026-03-24 19:33:10,540 - INFO - Engine Load Sensor is healthy
2026-03-24 19:33:15,541 - INFO - Temperature Sensor is healthy
2026-03-24 19:33:15,542 - INFO - Pressure Sensor is healthy
2026-03-24 19:33:15,542 - INFO - Vibration Sensor is healthy
2026-03-24 19:33:15,542 - ERROR - Fuel Flow Sensor FAILED - Fuel flow interrupted
2026-03-24 19:33:15,543 - INFO - Voltage Sensor is healthy
2026-03-24 19:33:15,543 - INFO - Speed Sensor is healthy
2026-03-24 19:33:15,544 - INFO - Brake Pressure Sensor is healthy
2026-03-24 19:33:15,545 - INFO - Humidity Sensor is healthy
2026-03-24 19:33:15,546 - INFO - Track Alignment Sensor is healthy
2026-03-24 19:33:15,547 - INFO - Engine Load Sensor is healthy
2026-03-24 19:33:20,548 - INFO - Temperature Sensor is healthy
2026-03-24 19:33:20,549 - INFO - Pressure Sensor is healthy
2026-03-24 19:33:20,549 - INFO - Vibration Sensor is healthy
2026-03-24 19:33:20,550 - ERROR - Fuel Flow Sensor FAILED - Fuel flow interrupted
2026-03-24 19:33:20,551 - INFO - Voltage Sensor is healthy
2026-03-24 19:33:20,551 - INFO - Speed Sensor is healthy
2026-03-24 19:33:20,552 - INFO - Brake Pressure Sensor is healthy
2026-03-24 19:33:20,552 - INFO - Humidity Sensor is healthy
2026-03-24 19:33:20,552 - INFO - Track Alignment Sensor is healthy
2026-03-24 19:33:20,553 - INFO - Engine Load Sensor is healthy
2026-03-24 19:33:25,554 - INFO - Temperature Sensor is healthy
2026-03-24 19:33:25,555 - INFO - Pressure Sensor is healthy
2026-03-24 19:33:25,555 - INFO - Vibration Sensor is healthy
2026-03-24 19:33:25,555 - ERROR - Fuel Flow Sensor FAILED - Fuel flow interrupted
2026-03-24 19:33:25,556 - INFO - Voltage Sensor is healthy
2026-03-24 19:33:25,556 - INFO - Speed Sensor is healthy
2026-03-24 19:33:25,557 - INFO - Brake Pressure Sensor is healthy
2026-03-24 19:33:25,557 - INFO - Humidity Sensor is healthy
2026-03-24 19:33:25,557 - INFO - Track Alignment Sensor is healthy
2026-03-24 19:33:25,558 - INFO - Engine Load Sensor is healthy
2026-03-24 19:33:30,559 - INFO - Temperature Sensor is healthy
2026-03-24 19:33:30,560 - INFO - Pressure Sensor is healthy
2026-03-24 19:33:30,560 - INFO - Vibration Sensor is healthy
2026-03-24 19:33:30,560 - ERROR - Fuel Flow Sensor FAILED - Fuel flow interrupted
2026-03-24 19:33:30,561 - INFO - Voltage Sensor is healthy
2026-03-24 19:33:30,561 - INFO - Speed Sensor is healthy
2026-03-24 19:33:30,561 - INFO - Brake Pressure Sensor is healthy
2026-03-24 19:33:30,562 - INFO - Humidity Sensor is healthy
2026-03-24 19:33:30,562 - INFO - Track Alignment Sensor is healthy
2026-03-24 19:33:30,563 - INFO - Engine Load Sensor is healthy
2026-03-24 19:33:35,563 - INFO - Temperature Sensor is healthy
2026-03-24 19:33:35,564 - INFO - Pressure Sensor is healthy
2026-03-24 19:33:35,564 - INFO - Vibration Sensor is healthy
2026-03-24 19:33:35,565 - ERROR - Fuel Flow Sensor FAILED - Fuel flow interrupted
2026-03-24 19:33:35,565 - INFO - Voltage Sensor is healthy
2026-03-24 19:33:35,566 - INFO - Speed Sensor is healthy
2026-03-24 19:33:35,567 - INFO - Brake Pressure Sensor is healthy
2026-03-24 19:33:35,567 - INFO - Humidity Sensor is healthy
2026-03-24 19:33:35,568 - INFO - Track Alignment Sensor is healthy
2026-03-24 19:33:35,568 - INFO - Engine Load Sensor is healthy
2026-03-24 19:33:40,570 - INFO - Temperature Sensor is healthy
2026-03-24 19:33:40,571 - INFO - Pressure Sensor is healthy
2026-03-24 19:33:40,571 - INFO - Vibration Sensor is healthy
2026-03-24 19:33:40,571 - ERROR - Fuel Flow Sensor FAILED - Fuel flow interrupted
2026-03-24 19:33:40,571 - INFO - Voltage Sensor is healthy
2026-03-24 19:33:40,572 - INFO - Speed Sensor is healthy
2026-03-24 19:33:40,572 - INFO - Brake Pressure Sensor is healthy
2026-03-24 19:33:40,573 - INFO - Humidity Sensor is healthy
2026-03-24 19:33:40,573 - INFO - Track Alignment Sensor is healthy
2026-03-24 19:33:40,573 - INFO - Engine Load Sensor is healthy
2026-03-24 19:33:45,575 - INFO - Temperature Sensor is healthy
2026-03-24 19:33:45,575 - INFO - Pressure Sensor is healthy
2026-03-24 19:33:45,576 - INFO - Vibration Sensor is healthy
2026-03-24 19:33:45,576 - ERROR - Fuel Flow Sensor FAILED - Fuel flow interrupted
2026-03-24 19:33:45,576 - INFO - Voltage Sensor is healthy
2026-03-24 19:33:45,577 - INFO - Speed Sensor is healthy
2026-03-24 19:33:45,577 - INFO - Brake Pressure Sensor is healthy
2026-03-24 19:33:45,577 - INFO - Humidity Sensor is healthy
2026-03-24 19:33:45,578 - INFO - Track Alignment Sensor is healthy
2026-03-24 19:33:45,578 - INFO - Engine Load Sensor is healthy
2026-03-24 19:33:50,579 - INFO - Temperature Sensor is healthy
2026-03-24 19:33:50,581 - INFO - Pressure Sensor is healthy
2026-03-24 19:33:50,582 - INFO - Vibration Sensor is healthy
2026-03-24 19:33:50,583 - ERROR - Fuel Flow Sensor FAILED - Fuel flow interrupted
2026-03-24 19:33:50,583 - INFO - Voltage Sensor is healthy
2026-03-24 19:33:50,584 - INFO - Speed Sensor is healthy
2026-03-24 19:33:50,586 - INFO - Brake Pressure Sensor is healthy
2026-03-24 19:33:50,587 - INFO - Humidity Sensor is healthy
2026-03-24 19:33:50,589 - INFO - Track Alignment Sensor is healthy
2026-03-24 19:33:50,590 - INFO - Engine Load Sensor is healthy
2026-03-24 19:33:55,592 - INFO - Temperature Sensor is healthy
2026-03-24 19:33:55,593 - INFO - Pressure Sensor is healthy
2026-03-24 19:33:55,593 - INFO - Vibration Sensor is healthy
2026-03-24 19:33:55,594 - ERROR - Fuel Flow Sensor FAILED - Fuel flow interrupted
2026-03-24 19:33:55,594 - INFO - Voltage Sensor is healthy
2026-03-24 19:33:55,595 - INFO - Speed Sensor is healthy
2026-03-24 19:33:55,595 - INFO - Brake Pressure Sensor is healthy
2026-03-24 19:33:55,596 - INFO - Humidity Sensor is healthy
2026-03-24 19:33:55,596 - INFO - Track Alignment Sensor is healthy
2026-03-24 19:33:55,597 - INFO - Engine Load Sensor is healthy
2026-03-24 19:34:00,598 - INFO - Temperature Sensor is healthy
2026-03-24 19:34:00,599 - INFO - Pressure Sensor is healthy
2026-03-24 19:34:00,600 - INFO - Vibration Sensor is healthy
2026-03-24 19:34:00,600 - ERROR - Fuel Flow Sensor FAILED - Fuel flow interrupted
2026-03-24 19:34:00,601 - INFO - Voltage Sensor is healthy
2026-03-24 19:34:00,602 - INFO - Speed Sensor is healthy
2026-03-24 19:34:00,602 - INFO - Brake Pressure Sensor is healthy
2026-03-24 19:34:00,602 - INFO - Humidity Sensor is healthy
2026-03-24 19:34:00,603 - INFO - Track Alignment Sensor is healthy
2026-03-24 19:34:00,603 - INFO - Engine Load Sensor is healthy
2026-03-24 19:34:05,604 - INFO - Temperature Sensor is healthy
2026-03-24 19:34:05,605 - INFO - Pressure Sensor is healthy
2026-03-24 19:34:05,605 - INFO - Vibration Sensor is healthy
2026-03-24 19:34:05,606 - ERROR - Fuel Flow Sensor FAILED - Fuel flow interrupted
2026-03-24 19:34:05,606 - INFO - Voltage Sensor is healthy
2026-03-24 19:34:05,606 - INFO - Speed Sensor is healthy
2026-03-24 19:34:05,608 - INFO - Brake Pressure Sensor is healthy
2026-03-24 19:34:05,609 - INFO - Humidity Sensor is healthy
2026-03-24 19:34:05,609 - INFO - Track Alignment Sensor is healthy
2026-03-24 19:34:05,609 - INFO - Engine Load Sensor is healthy
2026-03-24 19:34:10,610 - INFO - Temperature Sensor is healthy
2026-03-24 19:34:10,611 - INFO - Pressure Sensor is healthy
2026-03-24 19:34:10,611 - INFO - Vibration Sensor is healthy
2026-03-24 19:34:10,612 - ERROR - Fuel Flow Sensor FAILED - Fuel flow interrupted
2026-03-24 19:34:10,612 - INFO - Voltage Sensor is healthy
2026-03-24 19:34:10,613 - INFO - Speed Sensor is healthy
2026-03-24 19:34:10,613 - INFO - Brake Pressure Sensor is healthy
2026-03-24 19:34:10,613 - INFO - Humidity Sensor is healthy
2026-03-24 19:34:10,614 - INFO - Track Alignment Sensor is healthy
2026-03-24 19:34:10,614 - INFO - Engine Load Sensor is healthy
2026-03-24 19:34:15,616 - INFO - Temperature Sensor is healthy
2026-03-24 19:34:15,617 - INFO - Pressure Sensor is healthy
2026-03-24 19:34:15,617 - INFO - Vibration Sensor is healthy
2026-03-24 19:34:15,618 - ERROR - Fuel Flow Sensor FAILED - Fuel flow interrupted
2026-03-24 19:34:15,618 - INFO - Voltage Sensor is healthy
2026-03-24 19:34:15,619 - INFO - Speed Sensor is healthy
2026-03-24 19:34:15,619 - INFO - Brake Pressure Sensor is healthy
2026-03-24 19:34:15,620 - INFO - Humidity Sensor is healthy
2026-03-24 19:34:15,620 - INFO - Track Alignment Sensor is healthy
2026-03-24 19:34:15,621 - INFO - Engine Load Sensor is healthy
2026-03-24 19:34:20,622 - INFO - Temperature Sensor is healthy
2026-03-24 19:34:20,623 - INFO - Pressure Sensor is healthy
2026-03-24 19:34:20,623 - INFO - Vibration Sensor is healthy
2026-03-24 19:34:20,624 - ERROR - Fuel Flow Sensor FAILED - Fuel flow interrupted
2026-03-24 19:34:20,625 - INFO - Voltage Sensor is healthy
2026-03-24 19:34:20,626 - INFO - Speed Sensor is healthy
2026-03-24 19:34:20,626 - INFO - Brake Pressure Sensor is healthy
2026-03-24 19:34:20,627 - INFO - Humidity Sensor is healthy
2026-03-24 19:34:20,627 - INFO - Track Alignment Sensor is healthy
2026-03-24 19:34:20,628 - INFO - Engine Load Sensor is healthy
2026-03-24 19:34:25,629 - INFO - Temperature Sensor is healthy
2026-03-24 19:34:25,630 - INFO - Pressure Sensor is healthy
2026-03-24 19:34:25,631 - INFO - Vibration Sensor is healthy
2026-03-24 19:34:25,632 - ERROR - Fuel Flow Sensor FAILED - Fuel flow interrupted
2026-03-24 19:34:25,644 - INFO - Voltage Sensor is healthy
2026-03-24 19:34:25,653 - INFO - Speed Sensor is healthy
2026-03-24 19:34:25,655 - INFO - Brake Pressure Sensor is healthy
2026-03-24 19:34:25,657 - INFO - Humidity Sensor is healthy
2026-03-24 19:34:25,658 - INFO - Track Alignment Sensor is healthy
2026-03-24 19:34:25,659 - INFO - Engine Load Sensor is healthy
2026-03-24 19:34:30,660 - INFO - Temperature Sensor is healthy
2026-03-24 19:34:30,661 - INFO - Pressure Sensor is healthy
2026-03-24 19:34:30,661 - INFO - Vibration Sensor is healthy
2026-03-24 19:34:30,662 - ERROR - Fuel Flow Sensor FAILED - Fuel flow interrupted
2026-03-24 19:34:30,662 - INFO - Voltage Sensor is healthy
2026-03-24 19:34:30,662 - INFO - Speed Sensor is healthy
2026-03-24 19:34:30,663 - INFO - Brake Pressure Sensor is healthy
2026-03-24 19:34:30,664 - INFO - Humidity Sensor is healthy
2026-03-24 19:34:30,664 - INFO - Track Alignment Sensor is healthy
2026-03-24 19:34:30,665 - INFO - Engine Load Sensor is healthy
2026-03-24 19:34:35,666 - INFO - Temperature Sensor is healthy
2026-03-24 19:34:35,667 - INFO - Pressure Sensor is healthy
2026-03-24 19:34:35,671 - INFO - Vibration Sensor is healthy
2026-03-24 19:34:35,672 - ERROR - Fuel Flow Sensor FAILED - Fuel flow interrupted
2026-03-24 19:34:35,672 - INFO - Voltage Sensor is healthy
2026-03-24 19:34:35,673 - INFO - Speed Sensor is healthy
2026-03-24 19:34:35,673 - INFO - Brake Pressure Sensor is healthy
2026-03-24 19:34:35,673 - INFO - Humidity Sensor is healthy
2026-03-24 19:34:35,674 - INFO - Track Alignment Sensor is healthy
2026-03-24 19:34:35,674 - INFO - Engine Load Sensor is healthy
2026-03-24 19:34:40,675 - INFO - Temperature Sensor is healthy
2026-03-24 19:34:40,676 - INFO - Pressure Sensor is healthy
2026-03-24 19:34:40,676 - INFO - Vibration Sensor is healthy
2026-03-24 19:34:40,677 - ERROR - Fuel Flow Sensor FAILED - Fuel flow interrupted
2026-03-24 19:34:40,677 - INFO - Voltage Sensor is healthy
2026-03-24 19:34:40,678 - INFO - Speed Sensor is healthy
2026-03-24 19:34:40,678 - INFO - Brake Pressure Sensor is healthy
2026-03-24 19:34:40,678 - INFO - Humidity Sensor is healthy
2026-03-24 19:34:40,679 - INFO - Track Alignment Sensor is healthy
2026-03-24 19:34:40,679 - INFO - Engine Load Sensor is healthy
2026-03-24 19:34:45,680 - INFO - Temperature Sensor is healthy
2026-03-24 19:34:45,682 - INFO - Pressure Sensor is healthy
2026-03-24 19:34:45,683 - INFO - Vibration Sensor is healthy
2026-03-24 19:34:45,684 - ERROR - Fuel Flow Sensor FAILED - Fuel flow interrupted
2026-03-24 19:34:45,684 - INFO - Voltage Sensor is healthy
2026-03-24 19:34:45,684 - INFO - Speed Sensor is healthy
2026-03-24 19:34:45,686 - INFO - Brake Pressure Sensor is healthy
2026-03-24 19:34:45,687 - INFO - Humidity Sensor is healthy
2026-03-24 19:34:45,694 - INFO - Track Alignment Sensor is healthy
2026-03-24 19:34:45,695 - INFO - Engine Load Sensor is healthy
2026-03-24 19:34:50,696 - INFO - Temperature Sensor is healthy
2026-03-24 19:34:50,697 - INFO - Pressure Sensor is healthy
2026-03-24 19:34:50,698 - INFO - Vibration Sensor is healthy
2026-03-24 19:34:50,699 - ERROR - Fuel Flow Sensor FAILED - Fuel flow interrupted
2026-03-24 19:34:50,699 - INFO - Voltage Sensor is healthy
2026-03-24 19:34:50,700 - INFO - Speed Sensor is healthy
2026-03-24 19:34:50,700 - INFO - Brake Pressure Sensor is healthy
2026-03-24 19:34:50,701 - INFO - Humidity Sensor is healthy
2026-03-24 19:34:50,701 - INFO - Track Alignment Sensor is healthy
2026-03-24 19:34:50,701 - INFO - Engine Load Sensor is healthy
2026-03-24 19:34:55,702 - INFO - Temperature Sensor is healthy
2026-03-24 19:34:55,703 - INFO - Pressure Sensor is healthy
2026-03-24 19:34:55,704 - INFO - Vibration Sensor is healthy
2026-03-24 19:34:55,704 - ERROR - Fuel Flow Sensor FAILED - Fuel flow interrupted
2026-03-24 19:34:55,705 - INFO - Voltage Sensor is healthy
2026-03-24 19:34:55,705 - INFO - Speed Sensor is healthy
2026-03-24 19:34:55,705 - INFO - Brake Pressure Sensor is healthy
2026-03-24 19:34:55,706 - INFO - Humidity Sensor is healthy
2026-03-24 19:34:55,706 - INFO - Track Alignment Sensor is healthy
2026-03-24 19:34:55,706 - INFO - Engine Load Sensor is healthy
2026-03-24 19:35:00,707 - INFO - Temperature Sensor is healthy
2026-03-24 19:35:00,708 - INFO - Pressure Sensor is healthy
2026-03-24 19:35:00,708 - INFO - Vibration Sensor is healthy
2026-03-24 19:35:00,709 - ERROR - Fuel Flow Sensor FAILED - Fuel flow interrupted
2026-03-24 19:35:00,709 - INFO - Voltage Sensor is healthy
2026-03-24 19:35:00,709 - INFO - Speed Sensor is healthy
2026-03-24 19:35:00,710 - INFO - Brake Pressure Sensor is healthy
2026-03-24 19:35:00,710 - INFO - Humidity Sensor is healthy
2026-03-24 19:35:00,710 - INFO - Track Alignment Sensor is healthy
2026-03-24 19:35:00,711 - INFO - Engine Load Sensor is healthy
2026-03-24 19:35:05,712 - INFO - Temperature Sensor is healthy
2026-03-24 19:35:05,713 - INFO - Pressure Sensor is healthy
2026-03-24 19:35:05,714 - INFO - Vibration Sensor is healthy
2026-03-24 19:35:05,714 - ERROR - Fuel Flow Sensor FAILED - Fuel flow interrupted
2026-03-24 19:35:05,715 - INFO - Voltage Sensor is healthy
2026-03-24 19:35:05,716 - INFO - Speed Sensor is healthy
2026-03-24 19:35:05,716 - INFO - Brake Pressure Sensor is healthy
2026-03-24 19:35:05,717 - INFO - Humidity Sensor is healthy
2026-03-24 19:35:05,718 - INFO - Track Alignment Sensor is healthy
2026-03-24 19:35:05,719 - INFO - Engine Load Sensor is healthy
2026-03-24 19:35:10,724 - INFO - Temperature Sensor is healthy
2026-03-24 19:35:10,725 - INFO - Pressure Sensor is healthy
2026-03-24 19:35:10,726 - INFO - Vibration Sensor is healthy
2026-03-24 19:35:10,727 - ERROR - Fuel Flow Sensor FAILED - Fuel flow interrupted
2026-03-24 19:35:10,727 - INFO - Voltage Sensor is healthy
2026-03-24 19:35:10,728 - INFO - Speed Sensor is healthy
2026-03-24 19:35:10,728 - INFO - Brake Pressure Sensor is healthy
2026-03-24 19:35:10,729 - INFO - Humidity Sensor is healthy
2026-03-24 19:35:10,729 - INFO - Track Alignment Sensor is healthy
2026-03-24 19:35:10,730 - INFO - Engine Load Sensor is healthy
2026-03-24 19:35:15,730 - INFO - Temperature Sensor is healthy
2026-03-24 19:35:15,731 - INFO - Pressure Sensor is healthy
2026-03-24 19:35:15,732 - INFO - Vibration Sensor is healthy
2026-03-24 19:35:15,732 - ERROR - Fuel Flow Sensor FAILED - Fuel flow interrupted
2026-03-24 19:35:15,733 - INFO - Voltage Sensor is healthy
2026-03-24 19:35:15,733 - INFO - Speed Sensor is healthy
2026-03-24 19:35:15,734 - INFO - Brake Pressure Sensor is healthy
2026-03-24 19:35:15,735 - INFO - Humidity Sensor is healthy
2026-03-24 19:35:15,735 - INFO - Track Alignment Sensor is healthy
2026-03-24 19:35:15,736 - INFO - Engine Load Sensor is healthy
2026-03-24 19:35:20,739 - INFO - Temperature Sensor is healthy
2026-03-24 19:35:20,740 - INFO - Pressure Sensor is healthy
2026-03-24 19:35:20,740 - INFO - Vibration Sensor is healthy
2026-03-24 19:35:20,741 - ERROR - Fuel Flow Sensor FAILED - Fuel flow interrupted
2026-03-24 19:35:20,742 - INFO - Voltage Sensor is healthy
2026-03-24 19:35:20,742 - INFO - Speed Sensor is healthy
2026-03-24 19:35:20,743 - INFO - Brake Pressure Sensor is healthy
2026-03-24 19:35:20,743 - INFO - Humidity Sensor is healthy
2026-03-24 19:35:20,744 - INFO - Track Alignment Sensor is healthy
2026-03-24 19:35:20,744 - INFO - Engine Load Sensor is healthy
2026-03-24 19:35:25,745 - INFO - Temperature Sensor is healthy
2026-03-24 19:35:25,746 - INFO - Pressure Sensor is healthy
2026-03-24 19:35:25,747 - INFO - Vibration Sensor is healthy
2026-03-24 19:35:25,747 - ERROR - Fuel Flow Sensor FAILED - Fuel flow interrupted
2026-03-24 19:35:25,749 - INFO - Voltage Sensor is healthy
2026-03-24 19:35:25,750 - INFO - Speed Sensor is healthy
2026-03-24 19:35:25,751 - INFO - Brake Pressure Sensor is healthy
2026-03-24 19:35:25,751 - INFO - Humidity Sensor is healthy
2026-03-24 19:35:25,752 - INFO - Track Alignment Sensor is healthy
2026-03-24 19:35:25,752 - INFO - Engine Load Sensor is healthy
2026-03-24 19:35:30,754 - INFO - Temperature Sensor is healthy
2026-03-24 19:35:30,754 - INFO - Pressure Sensor is healthy
2026-03-24 19:35:30,755 - INFO - Vibration Sensor is healthy
2026-03-24 19:35:30,755 - ERROR - Fuel Flow Sensor FAILED - Fuel flow interrupted
2026-03-24 19:35:30,756 - INFO - Voltage Sensor is healthy
2026-03-24 19:35:30,756 - INFO - Speed Sensor is healthy
2026-03-24 19:35:30,756 - INFO - Brake Pressure Sensor is healthy
2026-03-24 19:35:30,757 - INFO - Humidity Sensor is healthy
2026-03-24 19:35:30,757 - INFO - Track Alignment Sensor is healthy
2026-03-24 19:35:30,757 - INFO - Engine Load Sensor is healthy
2026-03-24 19:35:35,758 - INFO - Temperature Sensor is healthy
2026-03-24 19:35:35,759 - INFO - Pressure Sensor is healthy
2026-03-24 19:35:35,760 - INFO - Vibration Sensor is healthy
2026-03-24 19:35:35,760 - ERROR - Fuel Flow Sensor FAILED - Fuel flow interrupted
2026-03-24 19:35:35,760 - INFO - Voltage Sensor is healthy
2026-03-24 19:35:35,761 - INFO - Speed Sensor is healthy
2026-03-24 19:35:35,761 - INFO - Brake Pressure Sensor is healthy
2026-03-24 19:35:35,761 - INFO - Humidity Sensor is healthy
2026-03-24 19:35:35,762 - INFO - Track Alignment Sensor is healthy
2026-03-24 19:35:35,762 - INFO - Engine Load Sensor is healthy
2026-03-24 19:35:40,763 - INFO - Temperature Sensor is healthy
2026-03-24 19:35:40,764 - INFO - Pressure Sensor is healthy
2026-03-24 19:35:40,765 - INFO - Vibration Sensor is healthy
2026-03-24 19:35:40,765 - ERROR - Fuel Flow Sensor FAILED - Fuel flow interrupted
2026-03-24 19:35:40,766 - INFO - Voltage Sensor is healthy
2026-03-24 19:35:40,766 - INFO - Speed Sensor is healthy
2026-03-24 19:35:40,766 - INFO - Brake Pressure Sensor is healthy
2026-03-24 19:35:40,767 - INFO - Humidity Sensor is healthy
2026-03-24 19:35:40,767 - INFO - Track Alignment Sensor is healthy
2026-03-24 19:35:40,767 - INFO - Engine Load Sensor is healthy
2026-03-24 19:35:45,768 - INFO - Temperature Sensor is healthy
2026-03-24 19:35:45,769 - INFO - Pressure Sensor is healthy
2026-03-24 19:35:45,769 - INFO - Vibration Sensor is healthy
2026-03-24 19:35:45,769 - ERROR - Fuel Flow Sensor FAILED - Fuel flow interrupted
2026-03-24 19:35:45,770 - INFO - Voltage Sensor is healthy
2026-03-24 19:35:45,770 - INFO - Speed Sensor is healthy
2026-03-24 19:35:45,771 - INFO - Brake Pressure Sensor is healthy
2026-03-24 19:35:45,771 - INFO - Humidity Sensor is healthy
2026-03-24 19:35:45,771 - INFO - Track Alignment Sensor is healthy
2026-03-24 19:35:45,772 - INFO - Engine Load Sensor is healthy
2026-03-24 19:35:50,772 - INFO - Temperature Sensor is healthy
2026-03-24 19:35:50,773 - INFO - Pressure Sensor is healthy
2026-03-24 19:35:50,775 - INFO - Vibration Sensor is healthy
2026-03-24 19:35:50,776 - ERROR - Fuel Flow Sensor FAILED - Fuel flow interrupted
2026-03-24 19:35:50,776 - INFO - Voltage Sensor is healthy
2026-03-24 19:35:50,777 - INFO - Speed Sensor is healthy
2026-03-24 19:35:50,777 - INFO - Brake Pressure Sensor is healthy
2026-03-24 19:35:50,777 - INFO - Humidity Sensor is healthy
2026-03-24 19:35:50,777 - INFO - Track Alignment Sensor is healthy
2026-03-24 19:35:50,778 - INFO - Engine Load Sensor is healthy
2026-03-24 19:35:55,779 - INFO - Temperature Sensor is healthy
2026-03-24 19:35:55,781 - INFO - Pressure Sensor is healthy
2026-03-24 19:35:55,782 - INFO - Vibration Sensor is healthy
2026-03-24 19:35:55,782 - ERROR - Fuel Flow Sensor FAILED - Fuel flow interrupted
2026-03-24 19:35:55,783 - INFO - Voltage Sensor is healthy
2026-03-24 19:35:55,783 - INFO - Speed Sensor is healthy
2026-03-24 19:35:55,784 - INFO - Brake Pressure Sensor is healthy
2026-03-24 19:35:55,785 - INFO - Humidity Sensor is healthy
2026-03-24 19:35:55,785 - INFO - Track Alignment Sensor is healthy
2026-03-24 19:35:55,786 - INFO - Engine Load Sensor is healthy
2026-03-24 19:36:00,787 - INFO - Temperature Sensor is healthy
2026-03-24 19:36:00,788 - INFO - Pressure Sensor is healthy
2026-03-24 19:36:00,788 - INFO - Vibration Sensor is healthy
2026-03-24 19:36:00,788 - ERROR - Fuel Flow Sensor FAILED - Fuel flow interrupted
2026-03-24 19:36:00,789 - INFO - Voltage Sensor is healthy
2026-03-24 19:36:00,789 - INFO - Speed Sensor is healthy
2026-03-24 19:36:00,790 - INFO - Brake Pressure Sensor is healthy
2026-03-24 19:36:00,790 - INFO - Humidity Sensor is healthy
2026-03-24 19:36:00,790 - INFO - Track Alignment Sensor is healthy
2026-03-24 19:36:00,791 - INFO - Engine Load Sensor is healthy
2026-03-24 19:36:05,792 - INFO - Temperature Sensor is healthy
2026-03-24 19:36:05,792 - INFO - Pressure Sensor is healthy
2026-03-24 19:36:05,793 - INFO - Vibration Sensor is healthy
2026-03-24 19:36:05,793 - ERROR - Fuel Flow Sensor FAILED - Fuel flow interrupted
2026-03-24 19:36:05,794 - INFO - Voltage Sensor is healthy
2026-03-24 19:36:05,794 - INFO - Speed Sensor is healthy
2026-03-24 19:36:05,794 - INFO - Brake Pressure Sensor is healthy
2026-03-24 19:36:05,796 - INFO - Humidity Sensor is healthy
2026-03-24 19:36:05,797 - INFO - Track Alignment Sensor is healthy
2026-03-24 19:36:05,801 - INFO - Engine Load Sensor is healthy
2026-03-24 19:36:10,803 - INFO - Temperature Sensor is healthy
2026-03-24 19:36:10,805 - INFO - Pressure Sensor is healthy
2026-03-24 19:36:10,806 - INFO - Vibration Sensor is healthy
2026-03-24 19:36:10,806 - ERROR - Fuel Flow Sensor FAILED - Fuel flow interrupted
2026-03-24 19:36:10,807 - INFO - Voltage Sensor is healthy
2026-03-24 19:36:10,812 - INFO - Speed Sensor is healthy
2026-03-24 19:36:10,813 - INFO - Brake Pressure Sensor is healthy
2026-03-24 19:36:10,814 - INFO - Humidity Sensor is healthy
2026-03-24 19:36:10,815 - INFO - Track Alignment Sensor is healthy
2026-03-24 19:36:10,816 - INFO - Engine Load Sensor is healthy
2026-03-24 19:36:15,817 - INFO - Temperature Sensor is healthy
2026-03-24 19:36:15,818 - INFO - Pressure Sensor is healthy
2026-03-24 19:36:15,818 - INFO - Vibration Sensor is healthy
2026-03-24 19:36:15,821 - ERROR - Fuel Flow Sensor FAILED - Fuel flow interrupted
2026-03-24 19:36:15,825 - INFO - Voltage Sensor is healthy
2026-03-24 19:36:15,826 - INFO - Speed Sensor is healthy
2026-03-24 19:36:15,827 - INFO - Brake Pressure Sensor is healthy
2026-03-24 19:36:15,828 - INFO - Humidity Sensor is healthy
2026-03-24 19:36:15,829 - INFO - Track Alignment Sensor is healthy
2026-03-24 19:36:15,830 - INFO - Engine Load Sensor is healthy
2026-03-24 19:36:20,832 - INFO - Temperature Sensor is healthy
2026-03-24 19:36:20,833 - INFO - Pressure Sensor is healthy
2026-03-24 19:36:20,833 - INFO - Vibration Sensor is healthy
2026-03-24 19:36:20,833 - ERROR - Fuel Flow Sensor FAILED - Fuel flow interrupted
2026-03-24 19:36:20,834 - INFO - Voltage Sensor is healthy
2026-03-24 19:36:20,834 - INFO - Speed Sensor is healthy
2026-03-24 19:36:20,834 - INFO - Brake Pressure Sensor is healthy
2026-03-24 19:36:20,835 - INFO - Humidity Sensor is healthy
2026-03-24 19:36:20,835 - INFO - Track Alignment Sensor is healthy
2026-03-24 19:36:20,836 - INFO - Engine Load Sensor is healthy
2026-03-24 19:36:25,837 - INFO - Temperature Sensor is healthy
2026-03-24 19:36:25,842 - INFO - Pressure Sensor is healthy
2026-03-24 19:36:25,843 - INFO - Vibration Sensor is healthy
2026-03-24 19:36:25,843 - ERROR - Fuel Flow Sensor FAILED - Fuel flow interrupted
2026-03-24 19:36:25,844 - INFO - Voltage Sensor is healthy
2026-03-24 19:36:25,844 - INFO - Speed Sensor is healthy
2026-03-24 19:36:25,844 - INFO - Brake Pressure Sensor is healthy
2026-03-24 19:36:25,844 - INFO - Humidity Sensor is healthy
2026-03-24 19:36:25,845 - INFO - Track Alignment Sensor is healthy
2026-03-24 19:36:25,845 - INFO - Engine Load Sensor is healthy
2026-03-24 19:36:30,846 - INFO - Temperature Sensor is healthy
2026-03-24 19:36:30,847 - INFO - Pressure Sensor is healthy
2026-03-24 19:36:30,847 - INFO - Vibration Sensor is healthy
2026-03-24 19:36:30,848 - ERROR - Fuel Flow Sensor FAILED - Fuel flow interrupted
2026-03-24 19:36:30,848 - INFO - Voltage Sensor is healthy
2026-03-24 19:36:30,849 - INFO - Speed Sensor is healthy
2026-03-24 19:36:30,849 - INFO - Brake Pressure Sensor is healthy
2026-03-24 19:36:30,849 - INFO - Humidity Sensor is healthy
2026-03-24 19:36:30,850 - INFO - Track Alignment Sensor is healthy
2026-03-24 19:36:30,850 - INFO - Engine Load Sensor is healthy
2026-03-24 19:36:35,851 - INFO - Temperature Sensor is healthy
2026-03-24 19:36:35,852 - INFO - Pressure Sensor is healthy
2026-03-24 19:36:35,853 - INFO - Vibration Sensor is healthy
2026-03-24 19:36:35,853 - ERROR - Fuel Flow Sensor FAILED - Fuel flow interrupted
2026-03-24 19:36:35,853 - INFO - Voltage Sensor is healthy
2026-03-24 19:36:35,854 - INFO - Speed Sensor is healthy
2026-03-24 19:36:35,855 - INFO - Brake Pressure Sensor is healthy
2026-03-24 19:36:35,855 - INFO - Humidity Sensor is healthy
2026-03-24 19:36:35,856 - INFO - Track Alignment Sensor is healthy
2026-03-24 19:36:35,856 - INFO - Engine Load Sensor is healthy
2026-03-24 19:36:40,859 - INFO - Temperature Sensor is healthy
2026-03-24 19:36:40,860 - INFO - Pressure Sensor is healthy
2026-03-24 19:36:40,860 - INFO - Vibration Sensor is healthy
2026-03-24 19:36:40,861 - ERROR - Fuel Flow Sensor FAILED - Fuel flow interrupted
2026-03-24 19:36:40,861 - INFO - Voltage Sensor is healthy
2026-03-24 19:36:40,861 - INFO - Speed Sensor is healthy
2026-03-24 19:36:40,861 - INFO - Brake Pressure Sensor is healthy
2026-03-24 19:36:40,862 - INFO - Humidity Sensor is healthy
2026-03-24 19:36:40,862 - INFO - Track Alignment Sensor is healthy
2026-03-24 19:36:40,862 - INFO - Engine Load Sensor is healthy
2026-03-24 19:36:45,863 - INFO - Temperature Sensor is healthy
2026-03-24 19:36:45,864 - INFO - Pressure Sensor is healthy
2026-03-24 19:36:45,864 - INFO - Vibration Sensor is healthy
2026-03-24 19:36:45,864 - ERROR - Fuel Flow Sensor FAILED - Fuel flow interrupted
2026-03-24 19:36:45,865 - INFO - Voltage Sensor is healthy
2026-03-24 19:36:45,865 - INFO - Speed Sensor is healthy
2026-03-24 19:36:45,866 - INFO - Brake Pressure Sensor is healthy
2026-03-24 19:36:45,866 - INFO - Humidity Sensor is healthy
2026-03-24 19:36:45,866 - INFO - Track Alignment Sensor is healthy
2026-03-24 19:36:45,867 - INFO - Engine Load Sensor is healthy
2026-03-24 19:36:50,868 - INFO - Temperature Sensor is healthy
2026-03-24 19:36:50,869 - INFO - Pressure Sensor is healthy
2026-03-24 19:36:50,870 - INFO - Vibration Sensor is healthy
2026-03-24 19:36:50,871 - ERROR - Fuel Flow Sensor FAILED - Fuel flow interrupted
2026-03-24 19:36:50,871 - INFO - Voltage Sensor is healthy
2026-03-24 19:36:50,871 - INFO - Speed Sensor is healthy
2026-03-24 19:36:50,872 - INFO - Brake Pressure Sensor is healthy
2026-03-24 19:36:50,872 - INFO - Humidity Sensor is healthy
2026-03-24 19:36:50,873 - INFO - Track Alignment Sensor is healthy
2026-03-24 19:36:50,873 - INFO - Engine Load Sensor is healthy
2026-03-24 19:36:55,874 - INFO - Temperature Sensor is healthy
2026-03-24 19:36:55,875 - INFO - Pressure Sensor is healthy
2026-03-24 19:36:55,875 - INFO - Vibration Sensor is healthy
2026-03-24 19:36:55,876 - ERROR - Fuel Flow Sensor FAILED - Fuel flow interrupted
2026-03-24 19:36:55,876 - INFO - Voltage Sensor is healthy
2026-03-24 19:36:55,876 - INFO - Speed Sensor is healthy
2026-03-24 19:36:55,877 - INFO - Brake Pressure Sensor is healthy
2026-03-24 19:36:55,877 - INFO - Humidity Sensor is healthy
2026-03-24 19:36:55,877 - INFO - Track Alignment Sensor is healthy
2026-03-24 19:36:55,878 - INFO - Engine Load Sensor is healthy
2026-03-24 19:37:00,879 - INFO - Temperature Sensor is healthy
2026-03-24 19:37:00,879 - INFO - Pressure Sensor is healthy
2026-03-24 19:37:00,880 - INFO - Vibration Sensor is healthy
2026-03-24 19:37:00,880 - ERROR - Fuel Flow Sensor FAILED - Fuel flow interrupted
2026-03-24 19:37:00,881 - INFO - Voltage Sensor is healthy
2026-03-24 19:37:00,881 - INFO - Speed Sensor is healthy
2026-03-24 19:37:00,881 - INFO - Brake Pressure Sensor is healthy
2026-03-24 19:37:00,882 - INFO - Humidity Sensor is healthy
2026-03-24 19:37:00,882 - INFO - Track Alignment Sensor is healthy
2026-03-24 19:37:00,882 - INFO - Engine Load Sensor is healthy
2026-03-24 19:37:05,883 - INFO - Temperature Sensor is healthy
2026-03-24 19:37:05,884 - INFO - Pressure Sensor is healthy
2026-03-24 19:37:05,885 - INFO - Vibration Sensor is healthy
2026-03-24 19:37:05,885 - ERROR - Fuel Flow Sensor FAILED - Fuel flow interrupted
2026-03-24 19:37:05,886 - INFO - Voltage Sensor is healthy
2026-03-24 19:37:05,886 - INFO - Speed Sensor is healthy
2026-03-24 19:37:05,887 - INFO - Brake Pressure Sensor is healthy
2026-03-24 19:37:05,887 - INFO - Humidity Sensor is healthy
2026-03-24 19:37:05,887 - INFO - Track Alignment Sensor is healthy
2026-03-24 19:37:05,888 - INFO - Engine Load Sensor is healthy
2026-03-24 19:37:10,889 - INFO - Temperature Sensor is healthy
2026-03-24 19:37:10,890 - INFO - Pressure Sensor is healthy
2026-03-24 19:37:10,890 - INFO - Vibration Sensor is healthy
2026-03-24 19:37:10,890 - ERROR - Fuel Flow Sensor FAILED - Fuel flow interrupted
2026-03-24 19:37:10,891 - INFO - Voltage Sensor is healthy
2026-03-24 19:37:10,891 - INFO - Speed Sensor is healthy
2026-03-24 19:37:10,891 - INFO - Brake Pressure Sensor is healthy
2026-03-24 19:37:10,892 - INFO - Humidity Sensor is healthy
2026-03-24 19:37:10,892 - INFO - Track Alignment Sensor is healthy
2026-03-24 19:37:10,892 - INFO - Engine Load Sensor is healthy
2026-03-24 19:37:15,893 - INFO - Temperature Sensor is healthy
2026-03-24 19:37:15,895 - INFO - Pressure Sensor is healthy
2026-03-24 19:37:15,895 - INFO - Vibration Sensor is healthy
2026-03-24 19:37:15,896 - ERROR - Fuel Flow Sensor FAILED - Fuel flow interrupted
2026-03-24 19:37:15,897 - INFO - Voltage Sensor is healthy
2026-03-24 19:37:15,898 - INFO - Speed Sensor is healthy
2026-03-24 19:37:15,898 - INFO - Brake Pressure Sensor is healthy
2026-03-24 19:37:15,899 - INFO - Humidity Sensor is healthy
2026-03-24 19:37:15,899 - INFO - Track Alignment Sensor is healthy
2026-03-24 19:37:15,900 - INFO - Engine Load Sensor is healthy
2026-03-24 19:37:20,901 - INFO - Temperature Sensor is healthy
2026-03-24 19:37:20,902 - INFO - Pressure Sensor is healthy
2026-03-24 19:37:20,903 - INFO - Vibration Sensor is healthy
2026-03-24 19:37:20,904 - ERROR - Fuel Flow Sensor FAILED - Fuel flow interrupted
2026-03-24 19:37:20,904 - INFO - Voltage Sensor is healthy
2026-03-24 19:37:20,905 - INFO - Speed Sensor is healthy
2026-03-24 19:37:20,906 - INFO - Brake Pressure Sensor is healthy
2026-03-24 19:37:20,907 - INFO - Humidity Sensor is healthy
2026-03-24 19:37:20,907 - INFO - Track Alignment Sensor is healthy
2026-03-24 19:37:20,908 - INFO - Engine Load Sensor is healthy
2026-03-24 19:37:25,909 - INFO - Temperature Sensor is healthy
2026-03-24 19:37:25,910 - INFO - Pressure Sensor is healthy
2026-03-24 19:37:25,910 - INFO - Vibration Sensor is healthy
2026-03-24 19:37:25,911 - ERROR - Fuel Flow Sensor FAILED - Fuel flow interrupted
2026-03-24 19:37:25,911 - INFO - Voltage Sensor is healthy
2026-03-24 19:37:25,912 - INFO - Speed Sensor is healthy
2026-03-24 19:37:25,912 - INFO - Brake Pressure Sensor is healthy
2026-03-24 19:37:25,913 - INFO - Humidity Sensor is healthy
2026-03-24 19:37:25,913 - INFO - Track Alignment Sensor is healthy
2026-03-24 19:37:25,913 - INFO - Engine Load Sensor is healthy
2026-03-24 19:37:30,914 - INFO - Temperature Sensor is healthy
2026-03-24 19:37:30,915 - INFO - Pressure Sensor is healthy
2026-03-24 19:37:30,916 - INFO - Vibration Sensor is healthy
2026-03-24 19:37:30,916 - ERROR - Fuel Flow Sensor FAILED - Fuel flow interrupted
2026-03-24 19:37:30,917 - INFO - Voltage Sensor is healthy
2026-03-24 19:37:30,917 - INFO - Speed Sensor is healthy
2026-03-24 19:37:30,919 - INFO - Brake Pressure Sensor is healthy
2026-03-24 19:37:30,920 - INFO - Humidity Sensor is healthy
2026-03-24 19:37:30,923 - INFO - Track Alignment Sensor is healthy
2026-03-24 19:37:30,925 - INFO - Engine Load Sensor is healthy
2026-03-24 19:37:35,926 - INFO - Temperature Sensor is healthy
2026-03-24 19:37:35,927 - INFO - Pressure Sensor is healthy
2026-03-24 19:37:35,927 - INFO - Vibration Sensor is healthy
2026-03-24 19:37:35,928 - ERROR - Fuel Flow Sensor FAILED - Fuel flow interrupted
2026-03-24 19:37:35,928 - INFO - Voltage Sensor is healthy
2026-03-24 19:37:35,929 - INFO - Speed Sensor is healthy
2026-03-24 19:37:35,929 - INFO - Brake Pressure Sensor is healthy
2026-03-24 19:37:35,929 - INFO - Humidity Sensor is healthy
2026-03-24 19:37:35,930 - INFO - Track Alignment Sensor is healthy
2026-03-24 19:37:35,930 - INFO - Engine Load Sensor is healthy
2026-03-24 19:37:40,931 - INFO - Temperature Sensor is healthy
2026-03-24 19:37:40,931 - INFO - Pressure Sensor is healthy
2026-03-24 19:37:40,932 - INFO - Vibration Sensor is healthy
2026-03-24 19:37:40,932 - ERROR - Fuel Flow Sensor FAILED - Fuel flow interrupted
2026-03-24 19:37:40,933 - INFO - Voltage Sensor is healthy
2026-03-24 19:37:40,933 - INFO - Speed Sensor is healthy
2026-03-24 19:37:40,934 - INFO - Brake Pressure Sensor is healthy
2026-03-24 19:37:40,934 - INFO - Humidity Sensor is healthy
2026-03-24 19:37:40,935 - INFO - Track Alignment Sensor is healthy
2026-03-24 19:37:40,936 - INFO - Engine Load Sensor is healthy
2026-03-24 19:37:45,937 - INFO - Temperature Sensor is healthy
2026-03-24 19:37:45,938 - INFO - Pressure Sensor is healthy
2026-03-24 19:37:45,939 - INFO - Vibration Sensor is healthy
2026-03-24 19:37:45,940 - ERROR - Fuel Flow Sensor FAILED - Fuel flow interrupted
2026-03-24 19:37:45,940 - INFO - Voltage Sensor is healthy
2026-03-24 19:37:45,941 - INFO - Speed Sensor is healthy
2026-03-24 19:37:45,941 - INFO - Brake Pressure Sensor is healthy
2026-03-24 19:37:45,942 - INFO - Humidity Sensor is healthy
2026-03-24 19:37:45,943 - INFO - Track Alignment Sensor is healthy
2026-03-24 19:37:45,944 - INFO - Engine Load Sensor is healthy
2026-03-24 19:37:50,945 - INFO - Temperature Sensor is healthy
2026-03-24 19:37:50,946 - INFO - Pressure Sensor is healthy
2026-03-24 19:37:50,947 - INFO - Vibration Sensor is healthy
2026-03-24 19:37:50,948 - ERROR - Fuel Flow Sensor FAILED - Fuel flow interrupted
2026-03-24 19:37:50,949 - INFO - Voltage Sensor is healthy
2026-03-24 19:37:50,950 - INFO - Speed Sensor is healthy
2026-03-24 19:37:50,950 - INFO - Brake Pressure Sensor is healthy
2026-03-24 19:37:50,951 - INFO - Humidity Sensor is healthy
2026-03-24 19:37:50,951 - INFO - Track Alignment Sensor is healthy
2026-03-24 19:37:50,952 - INFO - Engine Load Sensor is healthy
2026-03-24 19:37:55,953 - INFO - Temperature Sensor is healthy
2026-03-24 19:37:55,954 - INFO - Pressure Sensor is healthy
2026-03-24 19:37:55,954 - INFO - Vibration Sensor is healthy
2026-03-24 19:37:55,955 - ERROR - Fuel Flow Sensor FAILED - Fuel flow interrupted
2026-03-24 19:37:55,955 - INFO - Voltage Sensor is healthy
2026-03-24 19:37:55,956 - INFO - Speed Sensor is healthy
2026-03-24 19:37:55,956 - INFO - Brake Pressure Sensor is healthy
2026-03-24 19:37:55,957 - INFO - Humidity Sensor is healthy
2026-03-24 19:37:55,957 - INFO - Track Alignment Sensor is healthy
2026-03-24 19:37:55,957 - INFO - Engine Load Sensor is healthy
2026-03-24 19:38:00,958 - INFO - Temperature Sensor is healthy
2026-03-24 19:38:00,959 - INFO - Pressure Sensor is healthy
2026-03-24 19:38:00,960 - INFO - Vibration Sensor is healthy
2026-03-24 19:38:00,960 - ERROR - Fuel Flow Sensor FAILED - Fuel flow interrupted
2026-03-24 19:38:00,961 - INFO - Voltage Sensor is healthy
2026-03-24 19:38:00,961 - INFO - Speed Sensor is healthy
2026-03-24 19:38:00,961 - INFO - Brake Pressure Sensor is healthy
2026-03-24 19:38:00,961 - INFO - Humidity Sensor is healthy
2026-03-24 19:38:00,962 - INFO - Track Alignment Sensor is healthy
2026-03-24 19:38:00,962 - INFO - Engine Load Sensor is healthy
2026-03-24 19:38:05,963 - INFO - Temperature Sensor is healthy
2026-03-24 19:38:05,964 - INFO - Pressure Sensor is healthy
2026-03-24 19:38:05,964 - INFO - Vibration Sensor is healthy
2026-03-24 19:38:05,965 - ERROR - Fuel Flow Sensor FAILED - Fuel flow interrupted
2026-03-24 19:38:05,965 - INFO - Voltage Sensor is healthy
2026-03-24 19:38:05,965 - INFO - Speed Sensor is healthy
2026-03-24 19:38:05,966 - INFO - Brake Pressure Sensor is healthy
2026-03-24 19:38:05,966 - INFO - Humidity Sensor is healthy
2026-03-24 19:38:05,966 - INFO - Track Alignment Sensor is healthy
2026-03-24 19:38:05,967 - INFO - Engine Load Sensor is healthy
2026-03-24 19:38:10,968 - INFO - Temperature Sensor is healthy
2026-03-24 19:38:10,969 - INFO - Pressure Sensor is healthy
2026-03-24 19:38:10,970 - INFO - Vibration Sensor is healthy
2026-03-24 19:38:10,970 - ERROR - Fuel Flow Sensor FAILED - Fuel flow interrupted
2026-03-24 19:38:10,971 - INFO - Voltage Sensor is healthy
2026-03-24 19:38:10,971 - INFO - Speed Sensor is healthy
2026-03-24 19:38:10,972 - INFO - Brake Pressure Sensor is healthy
2026-03-24 19:38:10,972 - INFO - Humidity Sensor is healthy
2026-03-24 19:38:10,972 - INFO - Track Alignment Sensor is healthy
2026-03-24 19:38:10,973 - INFO - Engine Load Sensor is healthy
2026-03-24 19:38:15,982 - INFO - Temperature Sensor is healthy
2026-03-24 19:38:15,984 - INFO - Pressure Sensor is healthy
2026-03-24 19:38:15,985 - INFO - Vibration Sensor is healthy
2026-03-24 19:38:15,985 - ERROR - Fuel Flow Sensor FAILED - Fuel flow interrupted
2026-03-24 19:38:15,986 - INFO - Voltage Sensor is healthy
2026-03-24 19:38:15,987 - INFO - Speed Sensor is healthy
2026-03-24 19:38:15,987 - INFO - Brake Pressure Sensor is healthy
2026-03-24 19:38:15,988 - INFO - Humidity Sensor is healthy
2026-03-24 19:38:15,989 - INFO - Track Alignment Sensor is healthy
2026-03-24 19:38:15,991 - INFO - Engine Load Sensor is healthy
2026-03-24 19:38:20,992 - INFO - Temperature Sensor is healthy
2026-03-24 19:38:20,993 - INFO - Pressure Sensor is healthy
2026-03-24 19:38:20,994 - INFO - Vibration Sensor is healthy
2026-03-24 19:38:20,995 - ERROR - Fuel Flow Sensor FAILED - Fuel flow interrupted
2026-03-24 19:38:20,995 - INFO - Voltage Sensor is healthy
2026-03-24 19:38:20,996 - INFO - Speed Sensor is healthy
2026-03-24 19:38:20,996 - INFO - Brake Pressure Sensor is healthy
2026-03-24 19:38:20,996 - INFO - Humidity Sensor is healthy
2026-03-24 19:38:20,997 - INFO - Track Alignment Sensor is healthy
2026-03-24 19:38:20,997 - INFO - Engine Load Sensor is healthy
2026-03-24 19:38:25,998 - INFO - Temperature Sensor is healthy
2026-03-24 19:38:25,999 - INFO - Pressure Sensor is healthy
2026-03-24 19:38:25,999 - INFO - Vibration Sensor is healthy
2026-03-24 19:38:26,000 - ERROR - Fuel Flow Sensor FAILED - Fuel flow interrupted
2026-03-24 19:38:26,001 - INFO - Voltage Sensor is healthy
2026-03-24 19:38:26,001 - INFO - Speed Sensor is healthy
2026-03-24 19:38:26,002 - INFO - Brake Pressure Sensor is healthy
2026-03-24 19:38:26,002 - INFO - Humidity Sensor is healthy
2026-03-24 19:38:26,002 - INFO - Track Alignment Sensor is healthy
2026-03-24 19:38:26,003 - INFO - Engine Load Sensor is healthy
2026-03-24 19:38:31,003 - INFO - Temperature Sensor is healthy
2026-03-24 19:38:31,004 - INFO - Pressure Sensor is healthy
2026-03-24 19:38:31,005 - INFO - Vibration Sensor is healthy
2026-03-24 19:38:31,005 - ERROR - Fuel Flow Sensor FAILED - Fuel flow interrupted
2026-03-24 19:38:31,005 - INFO - Voltage Sensor is healthy
2026-03-24 19:38:31,006 - INFO - Speed Sensor is healthy
2026-03-24 19:38:31,006 - INFO - Brake Pressure Sensor is healthy
2026-03-24 19:38:31,007 - INFO - Humidity Sensor is healthy
2026-03-24 19:38:31,007 - INFO - Track Alignment Sensor is healthy
2026-03-24 19:38:31,008 - INFO - Engine Load Sensor is healthy
2026-03-24 19:38:36,009 - INFO - Temperature Sensor is healthy
2026-03-24 19:38:36,010 - INFO - Pressure Sensor is healthy
2026-03-24 19:38:36,010 - INFO - Vibration Sensor is healthy
2026-03-24 19:38:36,011 - ERROR - Fuel Flow Sensor FAILED - Fuel flow interrupted
2026-03-24 19:38:36,011 - INFO - Voltage Sensor is healthy
2026-03-24 19:38:36,011 - INFO - Speed Sensor is healthy
2026-03-24 19:38:36,012 - INFO - Brake Pressure Sensor is healthy
2026-03-24 19:38:36,012 - INFO - Humidity Sensor is healthy
2026-03-24 19:38:36,013 - INFO - Track Alignment Sensor is healthy
2026-03-24 19:38:36,013 - INFO - Engine Load Sensor is healthy
2026-03-24 19:38:41,014 - INFO - Temperature Sensor is healthy
2026-03-24 19:38:41,014 - INFO - Pressure Sensor is healthy
2026-03-24 19:38:41,015 - INFO - Vibration Sensor is healthy
2026-03-24 19:38:41,015 - ERROR - Fuel Flow Sensor FAILED - Fuel flow interrupted
2026-03-24 19:38:41,016 - INFO - Voltage Sensor is healthy
2026-03-24 19:38:41,016 - INFO - Speed Sensor is healthy
2026-03-24 19:38:41,017 - INFO - Brake Pressure Sensor is healthy
2026-03-24 19:38:41,017 - INFO - Humidity Sensor is healthy
2026-03-24 19:38:41,018 - INFO - Track Alignment Sensor is healthy
2026-03-24 19:38:41,018 - INFO - Engine Load Sensor is healthy
2026-03-24 19:38:46,019 - INFO - Temperature Sensor is healthy
2026-03-24 19:38:46,020 - INFO - Pressure Sensor is healthy
2026-03-24 19:38:46,020 - INFO - Vibration Sensor is healthy
2026-03-24 19:38:46,021 - ERROR - Fuel Flow Sensor FAILED - Fuel flow interrupted
2026-03-24 19:38:46,021 - INFO - Voltage Sensor is healthy
2026-03-24 19:38:46,021 - INFO - Speed Sensor is healthy
2026-03-24 19:38:46,022 - INFO - Brake Pressure Sensor is healthy
2026-03-24 19:38:46,022 - INFO - Humidity Sensor is healthy
2026-03-24 19:38:46,022 - INFO - Track Alignment Sensor is healthy
2026-03-24 19:38:46,023 - INFO - Engine Load Sensor is healthy
2026-03-24 19:38:51,025 - INFO - Temperature Sensor is healthy
2026-03-24 19:38:51,027 - INFO - Pressure Sensor is healthy
2026-03-24 19:38:51,027 - INFO - Vibration Sensor is healthy
2026-03-24 19:38:51,028 - ERROR - Fuel Flow Sensor FAILED - Fuel flow interrupted
2026-03-24 19:38:51,028 - INFO - Voltage Sensor is healthy
2026-03-24 19:38:51,028 - INFO - Speed Sensor is healthy
2026-03-24 19:38:51,029 - INFO - Brake Pressure Sensor is healthy
2026-03-24 19:38:51,029 - INFO - Humidity Sensor is healthy
2026-03-24 19:38:51,030 - INFO - Track Alignment Sensor is healthy
2026-03-24 19:38:51,030 - INFO - Engine Load Sensor is healthy
2026-03-24 19:38:56,031 - INFO - Temperature Sensor is healthy
2026-03-24 19:38:56,032 - INFO - Pressure Sensor is healthy
2026-03-24 19:38:56,033 - INFO - Vibration Sensor is healthy
2026-03-24 19:38:56,033 - ERROR - Fuel Flow Sensor FAILED - Fuel flow interrupted
2026-03-24 19:38:56,034 - INFO - Voltage Sensor is healthy
2026-03-24 19:38:56,035 - INFO - Speed Sensor is healthy
2026-03-24 19:38:56,035 - INFO - Brake Pressure Sensor is healthy
2026-03-24 19:38:56,036 - INFO - Humidity Sensor is healthy
2026-03-24 19:38:56,038 - INFO - Track Alignment Sensor is healthy
2026-03-24 19:38:56,039 - INFO - Engine Load Sensor is healthy
2026-03-24 19:39:01,040 - INFO - Temperature Sensor is healthy
2026-03-24 19:39:01,041 - INFO - Pressure Sensor is healthy
2026-03-24 19:39:01,041 - INFO - Vibration Sensor is healthy
2026-03-24 19:39:01,042 - ERROR - Fuel Flow Sensor FAILED - Fuel flow interrupted
2026-03-24 19:39:01,042 - INFO - Voltage Sensor is healthy
2026-03-24 19:39:01,043 - INFO - Speed Sensor is healthy
2026-03-24 19:39:01,043 - INFO - Brake Pressure Sensor is healthy
2026-03-24 19:39:01,043 - INFO - Humidity Sensor is healthy
2026-03-24 19:39:01,044 - INFO - Track Alignment Sensor is healthy
2026-03-24 19:39:01,044 - INFO - Engine Load Sensor is healthy
2026-03-24 19:39:06,045 - INFO - Temperature Sensor is healthy
2026-03-24 19:39:06,046 - INFO - Pressure Sensor is healthy
2026-03-24 19:39:06,046 - INFO - Vibration Sensor is healthy
2026-03-24 19:39:06,047 - ERROR - Fuel Flow Sensor FAILED - Fuel flow interrupted
2026-03-24 19:39:06,047 - INFO - Voltage Sensor is healthy
2026-03-24 19:39:06,048 - INFO - Speed Sensor is healthy
2026-03-24 19:39:06,048 - INFO - Brake Pressure Sensor is healthy
2026-03-24 19:39:06,049 - INFO - Humidity Sensor is healthy
2026-03-24 19:39:06,049 - INFO - Track Alignment Sensor is healthy
2026-03-24 19:39:06,050 - INFO - Engine Load Sensor is healthy
2026-03-24 19:39:11,051 - INFO - Temperature Sensor is healthy
2026-03-24 19:39:11,052 - INFO - Pressure Sensor is healthy
2026-03-24 19:39:11,053 - INFO - Vibration Sensor is healthy
2026-03-24 19:39:11,053 - ERROR - Fuel Flow Sensor FAILED - Fuel flow interrupted
2026-03-24 19:39:11,053 - INFO - Voltage Sensor is healthy
2026-03-24 19:39:11,054 - INFO - Speed Sensor is healthy
2026-03-24 19:39:11,054 - INFO - Brake Pressure Sensor is healthy
2026-03-24 19:39:11,055 - INFO - Humidity Sensor is healthy
2026-03-24 19:39:11,055 - INFO - Track Alignment Sensor is healthy
2026-03-24 19:39:11,055 - INFO - Engine Load Sensor is healthy
2026-03-24 19:39:16,056 - INFO - Temperature Sensor is healthy
2026-03-24 19:39:16,057 - INFO - Pressure Sensor is healthy
2026-03-24 19:39:16,057 - INFO - Vibration Sensor is healthy
2026-03-24 19:39:16,059 - ERROR - Fuel Flow Sensor FAILED - Fuel flow interrupted
2026-03-24 19:39:16,059 - INFO - Voltage Sensor is healthy
2026-03-24 19:39:16,060 - INFO - Speed Sensor is healthy
2026-03-24 19:39:16,060 - INFO - Brake Pressure Sensor is healthy
2026-03-24 19:39:16,061 - INFO - Humidity Sensor is healthy
2026-03-24 19:39:16,061 - INFO - Track Alignment Sensor is healthy
2026-03-24 19:39:16,061 - INFO - Engine Load Sensor is healthy
2026-03-24 19:39:21,062 - INFO - Temperature Sensor is healthy
2026-03-24 19:39:21,063 - INFO - Pressure Sensor is healthy
2026-03-24 19:39:21,064 - INFO - Vibration Sensor is healthy
2026-03-24 19:39:21,064 - ERROR - Fuel Flow Sensor FAILED - Fuel flow interrupted
2026-03-24 19:39:21,064 - INFO - Voltage Sensor is healthy
2026-03-24 19:39:21,065 - INFO - Speed Sensor is healthy
2026-03-24 19:39:21,065 - INFO - Brake Pressure Sensor is healthy
2026-03-24 19:39:21,065 - INFO - Humidity Sensor is healthy
2026-03-24 19:39:21,066 - INFO - Track Alignment Sensor is healthy
2026-03-24 19:39:21,066 - INFO - Engine Load Sensor is healthy
2026-03-24 19:39:26,067 - INFO - Temperature Sensor is healthy
2026-03-24 19:39:26,068 - INFO - Pressure Sensor is healthy
2026-03-24 19:39:26,068 - INFO - Vibration Sensor is healthy
2026-03-24 19:39:26,069 - ERROR - Fuel Flow Sensor FAILED - Fuel flow interrupted
2026-03-24 19:39:26,069 - INFO - Voltage Sensor is healthy
2026-03-24 19:39:26,070 - INFO - Speed Sensor is healthy
2026-03-24 19:39:26,070 - INFO - Brake Pressure Sensor is healthy
2026-03-24 19:39:26,070 - INFO - Humidity Sensor is healthy
2026-03-24 19:39:26,071 - INFO - Track Alignment Sensor is healthy
2026-03-24 19:39:26,071 - INFO - Engine Load Sensor is healthy
2026-03-24 19:39:31,072 - INFO - Temperature Sensor is healthy
2026-03-24 19:39:31,072 - INFO - Pressure Sensor is healthy
2026-03-24 19:39:31,073 - INFO - Vibration Sensor is healthy
2026-03-24 19:39:31,073 - ERROR - Fuel Flow Sensor FAILED - Fuel flow interrupted
2026-03-24 19:39:31,073 - INFO - Voltage Sensor is healthy
2026-03-24 19:39:31,074 - INFO - Speed Sensor is healthy
2026-03-24 19:39:31,075 - INFO - Brake Pressure Sensor is healthy
2026-03-24 19:39:31,075 - INFO - Humidity Sensor is healthy
2026-03-24 19:39:31,076 - INFO - Track Alignment Sensor is healthy
2026-03-24 19:39:31,076 - INFO - Engine Load Sensor is healthy
2026-03-24 19:39:36,077 - INFO - Temperature Sensor is healthy
2026-03-24 19:39:36,079 - INFO - Pressure Sensor is healthy
2026-03-24 19:39:36,079 - INFO - Vibration Sensor is healthy
2026-03-24 19:39:36,080 - ERROR - Fuel Flow Sensor FAILED - Fuel flow interrupted
2026-03-24 19:39:36,081 - INFO - Voltage Sensor is healthy
2026-03-24 19:39:36,083 - INFO - Speed Sensor is healthy
2026-03-24 19:39:36,084 - INFO - Brake Pressure Sensor is healthy
2026-03-24 19:39:36,085 - INFO - Humidity Sensor is healthy
2026-03-24 19:39:36,086 - INFO - Track Alignment Sensor is healthy
2026-03-24 19:39:36,087 - INFO - Engine Load Sensor is healthy
2026-03-24 19:39:41,089 - INFO - Temperature Sensor is healthy
2026-03-24 19:39:41,090 - INFO - Pressure Sensor is healthy
2026-03-24 19:39:41,090 - INFO - Vibration Sensor is healthy
2026-03-24 19:39:41,090 - ERROR - Fuel Flow Sensor FAILED - Fuel flow interrupted
2026-03-24 19:39:41,092 - INFO - Voltage Sensor is healthy
2026-03-24 19:39:41,092 - INFO - Speed Sensor is healthy
2026-03-24 19:39:41,092 - INFO - Brake Pressure Sensor is healthy
2026-03-24 19:39:41,093 - INFO - Humidity Sensor is healthy
2026-03-24 19:39:41,093 - INFO - Track Alignment Sensor is healthy
2026-03-24 19:39:41,094 - INFO - Engine Load Sensor is healthy
2026-03-24 19:39:46,095 - INFO - Temperature Sensor is healthy
2026-03-24 19:39:46,095 - INFO - Pressure Sensor is healthy
2026-03-24 19:39:46,096 - INFO - Vibration Sensor is healthy
2026-03-24 19:39:46,096 - ERROR - Fuel Flow Sensor FAILED - Fuel flow interrupted
2026-03-24 19:39:46,097 - INFO - Voltage Sensor is healthy
2026-03-24 19:39:46,097 - INFO - Speed Sensor is healthy
2026-03-24 19:39:46,098 - INFO - Brake Pressure Sensor is healthy
2026-03-24 19:39:46,098 - INFO - Humidity Sensor is healthy
2026-03-24 19:39:46,098 - INFO - Track Alignment Sensor is healthy
2026-03-24 19:39:46,099 - INFO - Engine Load Sensor is healthy
2026-03-24 19:39:51,100 - INFO - Temperature Sensor is healthy
2026-03-24 19:39:51,101 - INFO - Pressure Sensor is healthy
2026-03-24 19:39:51,101 - INFO - Vibration Sensor is healthy
2026-03-24 19:39:51,102 - ERROR - Fuel Flow Sensor FAILED - Fuel flow interrupted
2026-03-24 19:39:51,102 - INFO - Voltage Sensor is healthy
2026-03-24 19:39:51,103 - INFO - Speed Sensor is healthy
2026-03-24 19:39:51,103 - INFO - Brake Pressure Sensor is healthy
2026-03-24 19:39:51,104 - INFO - Humidity Sensor is healthy
2026-03-24 19:39:51,104 - INFO - Track Alignment Sensor is healthy
2026-03-24 19:39:51,105 - INFO - Engine Load Sensor is healthy
2026-03-24 19:39:56,106 - INFO - Temperature Sensor is healthy
2026-03-24 19:39:56,107 - INFO - Pressure Sensor is healthy
2026-03-24 19:39:56,108 - INFO - Vibration Sensor is healthy
2026-03-24 19:39:56,108 - ERROR - Fuel Flow Sensor FAILED - Fuel flow interrupted
2026-03-24 19:39:56,109 - INFO - Voltage Sensor is healthy
2026-03-24 19:39:56,109 - INFO - Speed Sensor is healthy
2026-03-24 19:39:56,110 - INFO - Brake Pressure Sensor is healthy
2026-03-24 19:39:56,110 - INFO - Humidity Sensor is healthy
2026-03-24 19:39:56,110 - INFO - Track Alignment Sensor is healthy
2026-03-24 19:39:56,111 - INFO - Engine Load Sensor is healthy
2026-03-24 19:40:01,112 - INFO - Temperature Sensor is healthy
2026-03-24 19:40:01,113 - INFO - Pressure Sensor is healthy
2026-03-24 19:40:01,113 - INFO - Vibration Sensor is healthy
2026-03-24 19:40:01,114 - ERROR - Fuel Flow Sensor FAILED - Fuel flow interrupted
2026-03-24 19:40:01,114 - INFO - Voltage Sensor is healthy
2026-03-24 19:40:01,114 - INFO - Speed Sensor is healthy
2026-03-24 19:40:01,115 - INFO - Brake Pressure Sensor is healthy
2026-03-24 19:40:01,115 - INFO - Humidity Sensor is healthy
2026-03-24 19:40:01,115 - INFO - Track Alignment Sensor is healthy
2026-03-24 19:40:01,116 - INFO - Engine Load Sensor is healthy
2026-03-24 19:40:06,117 - INFO - Temperature Sensor is healthy
2026-03-24 19:40:06,118 - INFO - Pressure Sensor is healthy
2026-03-24 19:40:06,118 - INFO - Vibration Sensor is healthy
2026-03-24 19:40:06,119 - ERROR - Fuel Flow Sensor FAILED - Fuel flow interrupted
2026-03-24 19:40:06,119 - INFO - Voltage Sensor is healthy
2026-03-24 19:40:06,119 - INFO - Speed Sensor is healthy
2026-03-24 19:40:06,119 - INFO - Brake Pressure Sensor is healthy
2026-03-24 19:40:06,120 - INFO - Humidity Sensor is healthy
2026-03-24 19:40:06,120 - INFO - Track Alignment Sensor is healthy
2026-03-24 19:40:06,120 - INFO - Engine Load Sensor is healthy
2026-03-24 19:40:11,121 - INFO - Temperature Sensor is healthy
2026-03-24 19:40:11,122 - INFO - Pressure Sensor is healthy
2026-03-24 19:40:11,122 - INFO - Vibration Sensor is healthy
2026-03-24 19:40:11,123 - ERROR - Fuel Flow Sensor FAILED - Fuel flow interrupted
2026-03-24 19:40:11,123 - INFO - Voltage Sensor is healthy
2026-03-24 19:40:11,124 - INFO - Speed Sensor is healthy
2026-03-24 19:40:11,124 - INFO - Brake Pressure Sensor is healthy
2026-03-24 19:40:11,124 - INFO - Humidity Sensor is healthy
2026-03-24 19:40:11,125 - INFO - Track Alignment Sensor is healthy
2026-03-24 19:40:11,125 - INFO - Engine Load Sensor is healthy
2026-03-24 19:40:16,127 - INFO - Temperature Sensor is healthy
2026-03-24 19:40:16,128 - INFO - Pressure Sensor is healthy
2026-03-24 19:40:16,128 - INFO - Vibration Sensor is healthy
2026-03-24 19:40:16,129 - ERROR - Fuel Flow Sensor FAILED - Fuel flow interrupted
2026-03-24 19:40:16,129 - INFO - Voltage Sensor is healthy
2026-03-24 19:40:16,129 - INFO - Speed Sensor is healthy
2026-03-24 19:40:16,130 - INFO - Brake Pressure Sensor is healthy
2026-03-24 19:40:16,130 - INFO - Humidity Sensor is healthy
2026-03-24 19:40:16,131 - INFO - Track Alignment Sensor is healthy
2026-03-24 19:40:16,131 - INFO - Engine Load Sensor is healthy
2026-03-24 19:40:21,132 - INFO - Temperature Sensor is healthy
2026-03-24 19:40:21,133 - INFO - Pressure Sensor is healthy
2026-03-24 19:40:21,133 - INFO - Vibration Sensor is healthy
2026-03-24 19:40:21,134 - ERROR - Fuel Flow Sensor FAILED - Fuel flow interrupted
2026-03-24 19:40:21,134 - INFO - Voltage Sensor is healthy
2026-03-24 19:40:21,135 - INFO - Speed Sensor is healthy
2026-03-24 19:40:21,135 - INFO - Brake Pressure Sensor is healthy
2026-03-24 19:40:21,135 - INFO - Humidity Sensor is healthy
2026-03-24 19:40:21,136 - INFO - Track Alignment Sensor is healthy
2026-03-24 19:40:21,137 - INFO - Engine Load Sensor is healthy
2026-03-24 19:40:26,138 - INFO - Temperature Sensor is healthy
2026-03-24 19:40:26,140 - INFO - Pressure Sensor is healthy
2026-03-24 19:40:26,141 - INFO - Vibration Sensor is healthy
2026-03-24 19:40:26,142 - ERROR - Fuel Flow Sensor FAILED - Fuel flow interrupted
2026-03-24 19:40:26,147 - INFO - Voltage Sensor is healthy
2026-03-24 19:40:26,152 - INFO - Speed Sensor is healthy
2026-03-24 19:40:26,152 - INFO - Brake Pressure Sensor is healthy
2026-03-24 19:40:26,153 - INFO - Humidity Sensor is healthy
2026-03-24 19:40:26,154 - INFO - Track Alignment Sensor is healthy
2026-03-24 19:40:26,154 - INFO - Engine Load Sensor is healthy
2026-03-24 19:40:31,155 - INFO - Temperature Sensor is healthy
2026-03-24 19:40:31,156 - INFO - Pressure Sensor is healthy
2026-03-24 19:40:31,157 - INFO - Vibration Sensor is healthy
2026-03-24 19:40:31,157 - ERROR - Fuel Flow Sensor FAILED - Fuel flow interrupted
2026-03-24 19:40:31,157 - INFO - Voltage Sensor is healthy
2026-03-24 19:40:31,158 - INFO - Speed Sensor is healthy
2026-03-24 19:40:31,158 - INFO - Brake Pressure Sensor is healthy
2026-03-24 19:40:31,159 - INFO - Humidity Sensor is healthy
2026-03-24 19:40:31,159 - INFO - Track Alignment Sensor is healthy
2026-03-24 19:40:31,160 - INFO - Engine Load Sensor is healthy
2026-03-24 19:40:36,162 - INFO - Temperature Sensor is healthy
2026-03-24 19:40:36,164 - INFO - Pressure Sensor is healthy
2026-03-24 19:40:36,164 - INFO - Vibration Sensor is healthy
2026-03-24 19:40:36,165 - ERROR - Fuel Flow Sensor FAILED - Fuel flow interrupted
2026-03-24 19:40:36,166 - INFO - Voltage Sensor is healthy
2026-03-24 19:40:36,167 - INFO - Speed Sensor is healthy
2026-03-24 19:40:36,167 - INFO - Brake Pressure Sensor is healthy
2026-03-24 19:40:36,167 - INFO - Humidity Sensor is healthy
2026-03-24 19:40:36,168 - INFO - Track Alignment Sensor is healthy
2026-03-24 19:40:36,168 - INFO - Engine Load Sensor is healthy
2026-03-24 19:40:41,169 - INFO - Temperature Sensor is healthy
2026-03-24 19:40:41,170 - INFO - Pressure Sensor is healthy
2026-03-24 19:40:41,171 - INFO - Vibration Sensor is healthy
2026-03-24 19:40:41,171 - ERROR - Fuel Flow Sensor FAILED - Fuel flow interrupted
2026-03-24 19:40:41,172 - INFO - Voltage Sensor is healthy
2026-03-24 19:40:41,172 - INFO - Speed Sensor is healthy
2026-03-24 19:40:41,174 - INFO - Brake Pressure Sensor is healthy
2026-03-24 19:40:41,175 - INFO - Humidity Sensor is healthy
2026-03-24 19:40:41,175 - INFO - Track Alignment Sensor is healthy
2026-03-24 19:40:41,175 - INFO - Engine Load Sensor is healthy
2026-03-24 19:40:46,176 - INFO - Temperature Sensor is healthy
2026-03-24 19:40:46,177 - INFO - Pressure Sensor is healthy
2026-03-24 19:40:46,178 - INFO - Vibration Sensor is healthy
2026-03-24 19:40:46,178 - ERROR - Fuel Flow Sensor FAILED - Fuel flow interrupted
2026-03-24 19:40:46,179 - INFO - Voltage Sensor is healthy
2026-03-24 19:40:46,179 - INFO - Speed Sensor is healthy
2026-03-24 19:40:46,180 - INFO - Brake Pressure Sensor is healthy
2026-03-24 19:40:46,180 - INFO - Humidity Sensor is healthy
2026-03-24 19:40:46,181 - INFO - Track Alignment Sensor is healthy
2026-03-24 19:40:46,181 - INFO - Engine Load Sensor is healthy
2026-03-24 19:40:51,183 - INFO - Temperature Sensor is healthy
2026-03-24 19:40:51,184 - INFO - Pressure Sensor is healthy
2026-03-24 19:40:51,185 - INFO - Vibration Sensor is healthy
2026-03-24 19:40:51,185 - ERROR - Fuel Flow Sensor FAILED - Fuel flow interrupted
2026-03-24 19:40:51,186 - INFO - Voltage Sensor is healthy
2026-03-24 19:40:51,187 - INFO - Speed Sensor is healthy
2026-03-24 19:40:51,187 - INFO - Brake Pressure Sensor is healthy
2026-03-24 19:40:51,188 - INFO - Humidity Sensor is healthy
2026-03-24 19:40:51,190 - INFO - Track Alignment Sensor is healthy
2026-03-24 19:40:51,191 - INFO - Engine Load Sensor is healthy
2026-03-24 19:40:56,192 - INFO - Temperature Sensor is healthy
2026-03-24 19:40:56,193 - INFO - Pressure Sensor is healthy
2026-03-24 19:40:56,193 - INFO - Vibration Sensor is healthy
2026-03-24 19:40:56,194 - ERROR - Fuel Flow Sensor FAILED - Fuel flow interrupted
2026-03-24 19:40:56,194 - INFO - Voltage Sensor is healthy
2026-03-24 19:40:56,195 - INFO - Speed Sensor is healthy
2026-03-24 19:40:56,195 - INFO - Brake Pressure Sensor is healthy
2026-03-24 19:40:56,196 - INFO - Humidity Sensor is healthy
2026-03-24 19:40:56,196 - INFO - Track Alignment Sensor is healthy
2026-03-24 19:40:56,196 - INFO - Engine Load Sensor is healthy
2026-03-24 19:41:01,198 - INFO - Temperature Sensor is healthy
2026-03-24 19:41:01,199 - INFO - Pressure Sensor is healthy
2026-03-24 19:41:01,199 - INFO - Vibration Sensor is healthy
2026-03-24 19:41:01,199 - ERROR - Fuel Flow Sensor FAILED - Fuel flow interrupted
2026-03-24 19:41:01,200 - INFO - Voltage Sensor is healthy
2026-03-24 19:41:01,200 - INFO - Speed Sensor is healthy
2026-03-24 19:41:01,201 - INFO - Brake Pressure Sensor is healthy
2026-03-24 19:41:01,201 - INFO - Humidity Sensor is healthy
2026-03-24 19:41:01,201 - INFO - Track Alignment Sensor is healthy
2026-03-24 19:41:01,202 - INFO - Engine Load Sensor is healthy
2026-03-24 19:41:06,203 - INFO - Temperature Sensor is healthy
2026-03-24 19:41:06,204 - INFO - Pressure Sensor is healthy
2026-03-24 19:41:06,204 - INFO - Vibration Sensor is healthy
2026-03-24 19:41:06,204 - ERROR - Fuel Flow Sensor FAILED - Fuel flow interrupted
2026-03-24 19:41:06,205 - INFO - Voltage Sensor is healthy
2026-03-24 19:41:06,205 - INFO - Speed Sensor is healthy
2026-03-24 19:41:06,206 - INFO - Brake Pressure Sensor is healthy
2026-03-24 19:41:06,206 - INFO - Humidity Sensor is healthy
2026-03-24 19:41:06,207 - INFO - Track Alignment Sensor is healthy
2026-03-24 19:41:06,207 - INFO - Engine Load Sensor is healthy
2026-03-24 19:41:11,208 - INFO - Temperature Sensor is healthy
2026-03-24 19:41:11,209 - INFO - Pressure Sensor is healthy
2026-03-24 19:41:11,209 - INFO - Vibration Sensor is healthy
2026-03-24 19:41:11,210 - ERROR - Fuel Flow Sensor FAILED - Fuel flow interrupted
2026-03-24 19:41:11,210 - INFO - Voltage Sensor is healthy
2026-03-24 19:41:11,211 - INFO - Speed Sensor is healthy
2026-03-24 19:41:11,211 - INFO - Brake Pressure Sensor is healthy
2026-03-24 19:41:11,211 - INFO - Humidity Sensor is healthy
2026-03-24 19:41:11,212 - INFO - Track Alignment Sensor is healthy
2026-03-24 19:41:11,212 - INFO - Engine Load Sensor is healthy
2026-03-24 19:41:16,220 - INFO - Temperature Sensor is healthy
2026-03-24 19:41:16,221 - INFO - Pressure Sensor is healthy
2026-03-24 19:41:16,221 - INFO - Vibration Sensor is healthy
2026-03-24 19:41:16,222 - ERROR - Fuel Flow Sensor FAILED - Fuel flow interrupted
2026-03-24 19:41:16,222 - INFO - Voltage Sensor is healthy
2026-03-24 19:41:16,223 - INFO - Speed Sensor is healthy
2026-03-24 19:41:16,223 - INFO - Brake Pressure Sensor is healthy
2026-03-24 19:41:16,224 - INFO - Humidity Sensor is healthy
2026-03-24 19:41:16,224 - INFO - Track Alignment Sensor is healthy
2026-03-24 19:41:16,225 - INFO - Engine Load Sensor is healthy
2026-03-24 19:41:21,225 - INFO - Temperature Sensor is healthy
2026-03-24 19:41:21,226 - INFO - Pressure Sensor is healthy
2026-03-24 19:41:21,226 - INFO - Vibration Sensor is healthy
2026-03-24 19:41:21,227 - ERROR - Fuel Flow Sensor FAILED - Fuel flow interrupted
2026-03-24 19:41:21,228 - INFO - Voltage Sensor is healthy
2026-03-24 19:41:21,228 - INFO - Speed Sensor is healthy
2026-03-24 19:41:21,228 - INFO - Brake Pressure Sensor is healthy
2026-03-24 19:41:21,229 - INFO - Humidity Sensor is healthy
2026-03-24 19:41:21,229 - INFO - Track Alignment Sensor is healthy
2026-03-24 19:41:21,230 - INFO - Engine Load Sensor is healthy
2026-03-24 19:41:26,231 - INFO - Temperature Sensor is healthy
2026-03-24 19:41:26,232 - INFO - Pressure Sensor is healthy
2026-03-24 19:41:26,232 - INFO - Vibration Sensor is healthy
2026-03-24 19:41:26,233 - ERROR - Fuel Flow Sensor FAILED - Fuel flow interrupted
2026-03-24 19:41:26,233 - INFO - Voltage Sensor is healthy
2026-03-24 19:41:26,233 - INFO - Speed Sensor is healthy
2026-03-24 19:41:26,234 - INFO - Brake Pressure Sensor is healthy
2026-03-24 19:41:26,234 - INFO - Humidity Sensor is healthy
2026-03-24 19:41:26,234 - INFO - Track Alignment Sensor is healthy
2026-03-24 19:41:26,235 - INFO - Engine Load Sensor is healthy
2026-03-24 19:41:31,236 - INFO - Temperature Sensor is healthy
2026-03-24 19:41:31,237 - INFO - Pressure Sensor is healthy
2026-03-24 19:41:31,237 - INFO - Vibration Sensor is healthy
2026-03-24 19:41:31,238 - ERROR - Fuel Flow Sensor FAILED - Fuel flow interrupted
2026-03-24 19:41:31,238 - INFO - Voltage Sensor is healthy
2026-03-24 19:41:31,238 - INFO - Speed Sensor is healthy
2026-03-24 19:41:31,239 - INFO - Brake Pressure Sensor is healthy
2026-03-24 19:41:31,239 - INFO - Humidity Sensor is healthy
2026-03-24 19:41:31,240 - INFO - Track Alignment Sensor is healthy
2026-03-24 19:41:31,240 - INFO - Engine Load Sensor is healthy
2026-03-24 19:41:36,241 - INFO - Temperature Sensor is healthy
2026-03-24 19:41:36,242 - INFO - Pressure Sensor is healthy
2026-03-24 19:41:36,242 - INFO - Vibration Sensor is healthy
2026-03-24 19:41:36,243 - ERROR - Fuel Flow Sensor FAILED - Fuel flow interrupted
2026-03-24 19:41:36,243 - INFO - Voltage Sensor is healthy
2026-03-24 19:41:36,243 - INFO - Speed Sensor is healthy
2026-03-24 19:41:36,244 - INFO - Brake Pressure Sensor is healthy
2026-03-24 19:41:36,244 - INFO - Humidity Sensor is healthy
2026-03-24 19:41:36,245 - INFO - Track Alignment Sensor is healthy
2026-03-24 19:41:36,245 - INFO - Engine Load Sensor is healthy
2026-03-24 19:41:41,246 - INFO - Temperature Sensor is healthy
2026-03-24 19:41:41,247 - INFO - Pressure Sensor is healthy
2026-03-24 19:41:41,248 - INFO - Vibration Sensor is healthy
2026-03-24 19:41:41,249 - ERROR - Fuel Flow Sensor FAILED - Fuel flow interrupted
2026-03-24 19:41:41,249 - INFO - Voltage Sensor is healthy
2026-03-24 19:41:41,249 - INFO - Speed Sensor is healthy
2026-03-24 19:41:41,250 - INFO - Brake Pressure Sensor is healthy
2026-03-24 19:41:41,250 - INFO - Humidity Sensor is healthy
2026-03-24 19:41:41,250 - INFO - Track Alignment Sensor is healthy
2026-03-24 19:41:41,251 - INFO - Engine Load Sensor is healthy
2026-03-24 19:41:46,252 - INFO - Temperature Sensor is healthy
2026-03-24 19:41:46,253 - INFO - Pressure Sensor is healthy
2026-03-24 19:41:46,253 - INFO - Vibration Sensor is healthy
2026-03-24 19:41:46,254 - ERROR - Fuel Flow Sensor FAILED - Fuel flow interrupted
2026-03-24 19:41:46,254 - INFO - Voltage Sensor is healthy
2026-03-24 19:41:46,255 - INFO - Speed Sensor is healthy
2026-03-24 19:41:46,256 - INFO - Brake Pressure Sensor is healthy
2026-03-24 19:41:46,257 - INFO - Humidity Sensor is healthy
2026-03-24 19:41:46,258 - INFO - Track Alignment Sensor is healthy
2026-03-24 19:41:46,258 - INFO - Engine Load Sensor is healthy
2026-03-24 19:41:51,260 - INFO - Temperature Sensor is healthy
2026-03-24 19:41:51,261 - INFO - Pressure Sensor is healthy
2026-03-24 19:41:51,261 - INFO - Vibration Sensor is healthy
2026-03-24 19:41:51,261 - ERROR - Fuel Flow Sensor FAILED - Fuel flow interrupted
2026-03-24 19:41:51,262 - INFO - Voltage Sensor is healthy
2026-03-24 19:41:51,262 - INFO - Speed Sensor is healthy
2026-03-24 19:41:51,263 - INFO - Brake Pressure Sensor is healthy
2026-03-24 19:41:51,263 - INFO - Humidity Sensor is healthy
2026-03-24 19:41:51,263 - INFO - Track Alignment Sensor is healthy
2026-03-24 19:41:51,264 - INFO - Engine Load Sensor is healthy
2026-03-24 19:41:56,265 - INFO - Temperature Sensor is healthy
2026-03-24 19:41:56,266 - INFO - Pressure Sensor is healthy
2026-03-24 19:41:56,267 - INFO - Vibration Sensor is healthy
2026-03-24 19:41:56,267 - ERROR - Fuel Flow Sensor FAILED - Fuel flow interrupted
2026-03-24 19:41:56,268 - INFO - Voltage Sensor is healthy
2026-03-24 19:41:56,268 - INFO - Speed Sensor is healthy
2026-03-24 19:41:56,268 - INFO - Brake Pressure Sensor is healthy
2026-03-24 19:41:56,269 - INFO - Humidity Sensor is healthy
2026-03-24 19:41:56,269 - INFO - Track Alignment Sensor is healthy
2026-03-24 19:41:56,270 - INFO - Engine Load Sensor is healthy
2026-03-24 19:42:01,271 - INFO - Temperature Sensor is healthy
2026-03-24 19:42:01,273 - INFO - Pressure Sensor is healthy
2026-03-24 19:42:01,274 - INFO - Vibration Sensor is healthy
2026-03-24 19:42:01,275 - ERROR - Fuel Flow Sensor FAILED - Fuel flow interrupted
2026-03-24 19:42:01,275 - INFO - Voltage Sensor is healthy
2026-03-24 19:42:01,276 - INFO - Speed Sensor is healthy
2026-03-24 19:42:01,276 - INFO - Brake Pressure Sensor is healthy
2026-03-24 19:42:01,277 - INFO - Humidity Sensor is healthy
2026-03-24 19:42:01,277 - INFO - Track Alignment Sensor is healthy
2026-03-24 19:42:01,278 - INFO - Engine Load Sensor is healthy
2026-03-24 19:42:06,279 - INFO - Temperature Sensor is healthy
2026-03-24 19:42:06,306 - INFO - Pressure Sensor is healthy
2026-03-24 19:42:06,306 - INFO - Vibration Sensor is healthy
2026-03-24 19:42:06,308 - ERROR - Fuel Flow Sensor FAILED - Fuel flow interrupted
2026-03-24 19:42:06,309 - INFO - Voltage Sensor is healthy
2026-03-24 19:42:06,310 - INFO - Speed Sensor is healthy
2026-03-24 19:42:06,311 - INFO - Brake Pressure Sensor is healthy
2026-03-24 19:42:06,312 - INFO - Humidity Sensor is healthy
2026-03-24 19:42:06,314 - INFO - Track Alignment Sensor is healthy
2026-03-24 19:42:06,314 - INFO - Engine Load Sensor is healthy
2026-03-24 19:42:11,316 - INFO - Temperature Sensor is healthy
2026-03-24 19:42:11,317 - INFO - Pressure Sensor is healthy
2026-03-24 19:42:11,317 - INFO - Vibration Sensor is healthy
2026-03-24 19:42:11,318 - ERROR - Fuel Flow Sensor FAILED - Fuel flow interrupted
2026-03-24 19:42:11,318 - INFO - Voltage Sensor is healthy
2026-03-24 19:42:11,319 - INFO - Speed Sensor is healthy
2026-03-24 19:42:11,319 - INFO - Brake Pressure Sensor is healthy
2026-03-24 19:42:11,319 - INFO - Humidity Sensor is healthy
2026-03-24 19:42:11,320 - INFO - Track Alignment Sensor is healthy
2026-03-24 19:42:11,320 - INFO - Engine Load Sensor is healthy
2026-03-24 19:42:16,322 - INFO - Temperature Sensor is healthy
2026-03-24 19:42:16,323 - INFO - Pressure Sensor is healthy
2026-03-24 19:42:16,324 - INFO - Vibration Sensor is healthy
2026-03-24 19:42:16,324 - ERROR - Fuel Flow Sensor FAILED - Fuel flow interrupted
2026-03-24 19:42:16,325 - INFO - Voltage Sensor is healthy
2026-03-24 19:42:16,325 - INFO - Speed Sensor is healthy
2026-03-24 19:42:16,326 - INFO - Brake Pressure Sensor is healthy
2026-03-24 19:42:16,326 - INFO - Humidity Sensor is healthy
2026-03-24 19:42:16,327 - INFO - Track Alignment Sensor is healthy
2026-03-24 19:42:16,327 - INFO - Engine Load Sensor is healthy
2026-03-24 19:42:21,328 - INFO - Temperature Sensor is healthy
2026-03-24 19:42:21,329 - INFO - Pressure Sensor is healthy
2026-03-24 19:42:21,329 - INFO - Vibration Sensor is healthy
2026-03-24 19:42:21,330 - ERROR - Fuel Flow Sensor FAILED - Fuel flow interrupted
2026-03-24 19:42:21,330 - INFO - Voltage Sensor is healthy
2026-03-24 19:42:21,331 - INFO - Speed Sensor is healthy
2026-03-24 19:42:21,331 - INFO - Brake Pressure Sensor is healthy
2026-03-24 19:42:21,331 - INFO - Humidity Sensor is healthy
2026-03-24 19:42:21,332 - INFO - Track Alignment Sensor is healthy
2026-03-24 19:42:21,332 - INFO - Engine Load Sensor is healthy
2026-03-24 19:42:26,333 - INFO - Temperature Sensor is healthy
2026-03-24 19:42:26,334 - INFO - Pressure Sensor is healthy
2026-03-24 19:42:26,334 - INFO - Vibration Sensor is healthy
2026-03-24 19:42:26,335 - ERROR - Fuel Flow Sensor FAILED - Fuel flow interrupted
2026-03-24 19:42:26,335 - INFO - Voltage Sensor is healthy
2026-03-24 19:42:26,336 - INFO - Speed Sensor is healthy
2026-03-24 19:42:26,336 - INFO - Brake Pressure Sensor is healthy
2026-03-24 19:42:26,336 - INFO - Humidity Sensor is healthy
2026-03-24 19:42:26,337 - INFO - Track Alignment Sensor is healthy
2026-03-24 19:42:26,337 - INFO - Engine Load Sensor is healthy
2026-03-24 19:42:31,338 - INFO - Temperature Sensor is healthy
2026-03-24 19:42:31,340 - INFO - Pressure Sensor is healthy
2026-03-24 19:42:31,341 - INFO - Vibration Sensor is healthy
2026-03-24 19:42:31,342 - ERROR - Fuel Flow Sensor FAILED - Fuel flow interrupted
2026-03-24 19:42:31,342 - INFO - Voltage Sensor is healthy
2026-03-24 19:42:31,343 - INFO - Speed Sensor is healthy
2026-03-24 19:42:31,343 - INFO - Brake Pressure Sensor is healthy
2026-03-24 19:42:31,347 - INFO - Humidity Sensor is healthy
2026-03-24 19:42:31,348 - INFO - Track Alignment Sensor is healthy
2026-03-24 19:42:31,349 - INFO - Engine Load Sensor is healthy
2026-03-24 19:42:36,350 - INFO - Temperature Sensor is healthy
2026-03-24 19:42:36,351 - INFO - Pressure Sensor is healthy
2026-03-24 19:42:36,352 - INFO - Vibration Sensor is healthy
2026-03-24 19:42:36,352 - ERROR - Fuel Flow Sensor FAILED - Fuel flow interrupted
2026-03-24 19:42:36,353 - INFO - Voltage Sensor is healthy
2026-03-24 19:42:36,354 - INFO - Speed Sensor is healthy
2026-03-24 19:42:36,354 - INFO - Brake Pressure Sensor is healthy
2026-03-24 19:42:36,355 - INFO - Humidity Sensor is healthy
2026-03-24 19:42:36,356 - INFO - Track Alignment Sensor is healthy
2026-03-24 19:42:36,356 - INFO - Engine Load Sensor is healthy
2026-03-24 19:42:41,358 - INFO - Temperature Sensor is healthy
2026-03-24 19:42:41,359 - INFO - Pressure Sensor is healthy
2026-03-24 19:42:41,359 - INFO - Vibration Sensor is healthy
2026-03-24 19:42:41,360 - ERROR - Fuel Flow Sensor FAILED - Fuel flow interrupted
2026-03-24 19:42:41,360 - INFO - Voltage Sensor is healthy
2026-03-24 19:42:41,361 - INFO - Speed Sensor is healthy
2026-03-24 19:42:41,361 - INFO - Brake Pressure Sensor is healthy
2026-03-24 19:42:41,362 - INFO - Humidity Sensor is healthy
2026-03-24 19:42:41,362 - INFO - Track Alignment Sensor is healthy
2026-03-24 19:42:41,363 - INFO - Engine Load Sensor is healthy
2026-03-24 19:42:46,364 - INFO - Temperature Sensor is healthy
2026-03-24 19:42:46,365 - INFO - Pressure Sensor is healthy
2026-03-24 19:42:46,366 - INFO - Vibration Sensor is healthy
2026-03-24 19:42:46,367 - ERROR - Fuel Flow Sensor FAILED - Fuel flow interrupted
2026-03-24 19:42:46,367 - INFO - Voltage Sensor is healthy
2026-03-24 19:42:46,367 - INFO - Speed Sensor is healthy
2026-03-24 19:42:46,369 - INFO - Brake Pressure Sensor is healthy
2026-03-24 19:42:46,369 - INFO - Humidity Sensor is healthy
2026-03-24 19:42:46,369 - INFO - Track Alignment Sensor is healthy
2026-03-24 19:42:46,370 - INFO - Engine Load Sensor is healthy
2026-03-24 19:42:51,371 - INFO - Temperature Sensor is healthy
2026-03-24 19:42:51,372 - INFO - Pressure Sensor is healthy
2026-03-24 19:42:51,373 - INFO - Vibration Sensor is healthy
2026-03-24 19:42:51,374 - ERROR - Fuel Flow Sensor FAILED - Fuel flow interrupted
2026-03-24 19:42:51,374 - INFO - Voltage Sensor is healthy
2026-03-24 19:42:51,375 - INFO - Speed Sensor is healthy
2026-03-24 19:42:51,375 - INFO - Brake Pressure Sensor is healthy
2026-03-24 19:42:51,376 - INFO - Humidity Sensor is healthy
2026-03-24 19:42:51,376 - INFO - Track Alignment Sensor is healthy
2026-03-24 19:42:51,377 - INFO - Engine Load Sensor is healthy
2026-03-24 19:42:56,378 - INFO - Temperature Sensor is healthy
2026-03-24 19:42:56,379 - INFO - Pressure Sensor is healthy
2026-03-24 19:42:56,380 - INFO - Vibration Sensor is healthy
2026-03-24 19:42:56,381 - ERROR - Fuel Flow Sensor FAILED - Fuel flow interrupted
2026-03-24 19:42:56,381 - INFO - Voltage Sensor is healthy
2026-03-24 19:42:56,382 - INFO - Speed Sensor is healthy
2026-03-24 19:42:56,382 - INFO - Brake Pressure Sensor is healthy
2026-03-24 19:42:56,383 - INFO - Humidity Sensor is healthy
2026-03-24 19:42:56,384 - INFO - Track Alignment Sensor is healthy
2026-03-24 19:42:56,384 - INFO - Engine Load Sensor is healthy
2026-03-24 19:43:01,386 - INFO - Temperature Sensor is healthy
2026-03-24 19:43:01,388 - INFO - Pressure Sensor is healthy
2026-03-24 19:43:01,389 - INFO - Vibration Sensor is healthy
2026-03-24 19:43:01,390 - ERROR - Fuel Flow Sensor FAILED - Fuel flow interrupted
2026-03-24 19:43:01,390 - INFO - Voltage Sensor is healthy
2026-03-24 19:43:01,391 - INFO - Speed Sensor is healthy
2026-03-24 19:43:01,392 - INFO - Brake Pressure Sensor is healthy
2026-03-24 19:43:01,392 - INFO - Humidity Sensor is healthy
2026-03-24 19:43:01,393 - INFO - Track Alignment Sensor is healthy
2026-03-24 19:43:01,394 - INFO - Engine Load Sensor is healthy
2026-03-24 19:43:06,395 - INFO - Temperature Sensor is healthy
2026-03-24 19:43:06,397 - INFO - Pressure Sensor is healthy
2026-03-24 19:43:06,398 - INFO - Vibration Sensor is healthy
2026-03-24 19:43:06,399 - ERROR - Fuel Flow Sensor FAILED - Fuel flow interrupted
2026-03-24 19:43:06,399 - INFO - Voltage Sensor is healthy
2026-03-24 19:43:06,400 - INFO - Speed Sensor is healthy
2026-03-24 19:43:06,401 - INFO - Brake Pressure Sensor is healthy
2026-03-24 19:43:06,401 - INFO - Humidity Sensor is healthy
2026-03-24 19:43:06,403 - INFO - Track Alignment Sensor is healthy
2026-03-24 19:43:06,404 - INFO - Engine Load Sensor is healthy
2026-03-24 19:43:11,405 - INFO - Temperature Sensor is healthy
2026-03-24 19:43:11,406 - INFO - Pressure Sensor is healthy
2026-03-24 19:43:11,406 - INFO - Vibration Sensor is healthy
2026-03-24 19:43:11,407 - ERROR - Fuel Flow Sensor FAILED - Fuel flow interrupted
2026-03-24 19:43:11,407 - INFO - Voltage Sensor is healthy
2026-03-24 19:43:11,408 - INFO - Speed Sensor is healthy
2026-03-24 19:43:11,408 - INFO - Brake Pressure Sensor is healthy
2026-03-24 19:43:11,409 - INFO - Humidity Sensor is healthy
2026-03-24 19:43:11,410 - INFO - Track Alignment Sensor is healthy
2026-03-24 19:43:11,411 - INFO - Engine Load Sensor is healthy
2026-03-24 19:43:16,412 - INFO - Temperature Sensor is healthy
2026-03-24 19:43:16,413 - INFO - Pressure Sensor is healthy
2026-03-24 19:43:16,414 - INFO - Vibration Sensor is healthy
2026-03-24 19:43:16,414 - ERROR - Fuel Flow Sensor FAILED - Fuel flow interrupted
2026-03-24 19:43:16,415 - INFO - Voltage Sensor is healthy
2026-03-24 19:43:16,415 - INFO - Speed Sensor is healthy
2026-03-24 19:43:16,416 - INFO - Brake Pressure Sensor is healthy
2026-03-24 19:43:16,416 - INFO - Humidity Sensor is healthy
2026-03-24 19:43:16,416 - INFO - Track Alignment Sensor is healthy
2026-03-24 19:43:16,417 - INFO - Engine Load Sensor is healthy
2026-03-24 19:43:21,418 - INFO - Temperature Sensor is healthy
2026-03-24 19:43:21,419 - INFO - Pressure Sensor is healthy
2026-03-24 19:43:21,419 - INFO - Vibration Sensor is healthy
2026-03-24 19:43:21,420 - ERROR - Fuel Flow Sensor FAILED - Fuel flow interrupted
2026-03-24 19:43:21,420 - INFO - Voltage Sensor is healthy
2026-03-24 19:43:21,420 - INFO - Speed Sensor is healthy
2026-03-24 19:43:21,421 - INFO - Brake Pressure Sensor is healthy
2026-03-24 19:43:21,421 - INFO - Humidity Sensor is healthy
2026-03-24 19:43:21,422 - INFO - Track Alignment Sensor is healthy
2026-03-24 19:43:21,422 - INFO - Engine Load Sensor is healthy
2026-03-24 19:43:26,423 - INFO - Temperature Sensor is healthy
2026-03-24 19:43:26,426 - INFO - Pressure Sensor is healthy
2026-03-24 19:43:26,427 - INFO - Vibration Sensor is healthy
2026-03-24 19:43:26,427 - ERROR - Fuel Flow Sensor FAILED - Fuel flow interrupted
2026-03-24 19:43:26,428 - INFO - Voltage Sensor is healthy
2026-03-24 19:43:26,429 - INFO - Speed Sensor is healthy
2026-03-24 19:43:26,429 - INFO - Brake Pressure Sensor is healthy
2026-03-24 19:43:26,430 - INFO - Humidity Sensor is healthy
2026-03-24 19:43:26,430 - INFO - Track Alignment Sensor is healthy
2026-03-24 19:43:26,431 - INFO - Engine Load Sensor is healthy
2026-03-24 19:43:31,431 - INFO - Temperature Sensor is healthy
2026-03-24 19:43:31,432 - INFO - Pressure Sensor is healthy
2026-03-24 19:43:31,433 - INFO - Vibration Sensor is healthy
2026-03-24 19:43:31,433 - ERROR - Fuel Flow Sensor FAILED - Fuel flow interrupted
2026-03-24 19:43:31,434 - INFO - Voltage Sensor is healthy
2026-03-24 19:43:31,435 - INFO - Speed Sensor is healthy
2026-03-24 19:43:31,435 - INFO - Brake Pressure Sensor is healthy
2026-03-24 19:43:31,436 - INFO - Humidity Sensor is healthy
2026-03-24 19:43:31,436 - INFO - Track Alignment Sensor is healthy
2026-03-24 19:43:31,437 - INFO - Engine Load Sensor is healthy
2026-03-24 19:43:36,438 - INFO - Temperature Sensor is healthy
2026-03-24 19:43:36,439 - INFO - Pressure Sensor is healthy
2026-03-24 19:43:36,439 - INFO - Vibration Sensor is healthy
2026-03-24 19:43:36,440 - ERROR - Fuel Flow Sensor FAILED - Fuel flow interrupted
2026-03-24 19:43:36,440 - INFO - Voltage Sensor is healthy
2026-03-24 19:43:36,441 - INFO - Speed Sensor is healthy
2026-03-24 19:43:36,442 - INFO - Brake Pressure Sensor is healthy
2026-03-24 19:43:36,442 - INFO - Humidity Sensor is healthy
2026-03-24 19:43:36,443 - INFO - Track Alignment Sensor is healthy
2026-03-24 19:43:36,443 - INFO - Engine Load Sensor is healthy
2026-03-24 19:43:41,445 - INFO - Temperature Sensor is healthy
2026-03-24 19:43:41,446 - INFO - Pressure Sensor is healthy
2026-03-24 19:43:41,447 - INFO - Vibration Sensor is healthy
2026-03-24 19:43:41,448 - ERROR - Fuel Flow Sensor FAILED - Fuel flow interrupted
2026-03-24 19:43:41,448 - INFO - Voltage Sensor is healthy
2026-03-24 19:43:41,448 - INFO - Speed Sensor is healthy
2026-03-24 19:43:41,449 - INFO - Brake Pressure Sensor is healthy
2026-03-24 19:43:41,449 - INFO - Humidity Sensor is healthy
2026-03-24 19:43:41,450 - INFO - Track Alignment Sensor is healthy
2026-03-24 19:43:41,450 - INFO - Engine Load Sensor is healthy
2026-03-24 19:43:46,451 - INFO - Temperature Sensor is healthy
2026-03-24 19:43:46,452 - INFO - Pressure Sensor is healthy
2026-03-24 19:43:46,453 - INFO - Vibration Sensor is healthy
2026-03-24 19:43:46,454 - ERROR - Fuel Flow Sensor FAILED - Fuel flow interrupted
2026-03-24 19:43:46,454 - INFO - Voltage Sensor is healthy
2026-03-24 19:43:46,455 - INFO - Speed Sensor is healthy
2026-03-24 19:43:46,455 - INFO - Brake Pressure Sensor is healthy
2026-03-24 19:43:46,456 - INFO - Humidity Sensor is healthy
2026-03-24 19:43:46,456 - INFO - Track Alignment Sensor is healthy
2026-03-24 19:43:46,457 - INFO - Engine Load Sensor is healthy
2026-03-24 19:43:51,458 - INFO - Temperature Sensor is healthy
2026-03-24 19:43:51,459 - INFO - Pressure Sensor is healthy
2026-03-24 19:43:51,460 - INFO - Vibration Sensor is healthy
2026-03-24 19:43:51,462 - ERROR - Fuel Flow Sensor FAILED - Fuel flow interrupted
2026-03-24 19:43:51,464 - INFO - Voltage Sensor is healthy
2026-03-24 19:43:51,465 - INFO - Speed Sensor is healthy
2026-03-24 19:43:51,466 - INFO - Brake Pressure Sensor is healthy
2026-03-24 19:43:51,467 - INFO - Humidity Sensor is healthy
2026-03-24 19:43:51,467 - INFO - Track Alignment Sensor is healthy
2026-03-24 19:43:51,468 - INFO - Engine Load Sensor is healthy
2026-03-24 19:43:56,469 - INFO - Temperature Sensor is healthy
2026-03-24 19:43:56,470 - INFO - Pressure Sensor is healthy
2026-03-24 19:43:56,471 - INFO - Vibration Sensor is healthy
2026-03-24 19:43:56,472 - ERROR - Fuel Flow Sensor FAILED - Fuel flow interrupted
2026-03-24 19:43:56,472 - INFO - Voltage Sensor is healthy
2026-03-24 19:43:56,473 - INFO - Speed Sensor is healthy
2026-03-24 19:43:56,473 - INFO - Brake Pressure Sensor is healthy
2026-03-24 19:43:56,474 - INFO - Humidity Sensor is healthy
2026-03-24 19:43:56,474 - INFO - Track Alignment Sensor is healthy
2026-03-24 19:43:56,475 - INFO - Engine Load Sensor is healthy
2026-03-24 19:44:01,477 - INFO - Temperature Sensor is healthy
2026-03-24 19:44:01,479 - INFO - Pressure Sensor is healthy
2026-03-24 19:44:01,480 - INFO - Vibration Sensor is healthy
2026-03-24 19:44:01,481 - ERROR - Fuel Flow Sensor FAILED - Fuel flow interrupted
2026-03-24 19:44:01,482 - INFO - Voltage Sensor is healthy
2026-03-24 19:44:01,483 - INFO - Speed Sensor is healthy
2026-03-24 19:44:01,488 - INFO - Brake Pressure Sensor is healthy
2026-03-24 19:44:01,490 - INFO - Humidity Sensor is healthy
2026-03-24 19:44:01,491 - INFO - Track Alignment Sensor is healthy
2026-03-24 19:44:01,492 - INFO - Engine Load Sensor is healthy
2026-03-24 19:44:06,493 - INFO - Temperature Sensor is healthy
2026-03-24 19:44:06,494 - INFO - Pressure Sensor is healthy
2026-03-24 19:44:06,495 - INFO - Vibration Sensor is healthy
2026-03-24 19:44:06,496 - ERROR - Fuel Flow Sensor FAILED - Fuel flow interrupted
2026-03-24 19:44:06,497 - INFO - Voltage Sensor is healthy
2026-03-24 19:44:06,498 - INFO - Speed Sensor is healthy
2026-03-24 19:44:06,499 - INFO - Brake Pressure Sensor is healthy
2026-03-24 19:44:06,499 - INFO - Humidity Sensor is healthy
2026-03-24 19:44:06,500 - INFO - Track Alignment Sensor is healthy
2026-03-24 19:44:06,501 - INFO - Engine Load Sensor is healthy
2026-03-24 19:44:11,503 - INFO - Temperature Sensor is healthy
2026-03-24 19:44:11,522 - INFO - Pressure Sensor is healthy
2026-03-24 19:44:11,523 - INFO - Vibration Sensor is healthy
2026-03-24 19:44:11,523 - ERROR - Fuel Flow Sensor FAILED - Fuel flow interrupted
2026-03-24 19:44:11,524 - INFO - Voltage Sensor is healthy
2026-03-24 19:44:11,524 - INFO - Speed Sensor is healthy
2026-03-24 19:44:11,525 - INFO - Brake Pressure Sensor is healthy
2026-03-24 19:44:11,525 - INFO - Humidity Sensor is healthy
2026-03-24 19:44:11,526 - INFO - Track Alignment Sensor is healthy
2026-03-24 19:44:11,526 - INFO - Engine Load Sensor is healthy
2026-03-24 19:44:16,527 - INFO - Temperature Sensor is healthy
2026-03-24 19:44:16,528 - INFO - Pressure Sensor is healthy
2026-03-24 19:44:16,528 - INFO - Vibration Sensor is healthy
2026-03-24 19:44:16,529 - ERROR - Fuel Flow Sensor FAILED - Fuel flow interrupted
2026-03-24 19:44:16,530 - INFO - Voltage Sensor is healthy
2026-03-24 19:44:16,530 - INFO - Speed Sensor is healthy
2026-03-24 19:44:16,530 - INFO - Brake Pressure Sensor is healthy
2026-03-24 19:44:16,531 - INFO - Humidity Sensor is healthy
2026-03-24 19:44:16,531 - INFO - Track Alignment Sensor is healthy
2026-03-24 19:44:16,532 - INFO - Engine Load Sensor is healthy
2026-03-24 19:44:21,532 - INFO - Temperature Sensor is healthy
2026-03-24 19:44:21,533 - INFO - Pressure Sensor is healthy
2026-03-24 19:44:21,534 - INFO - Vibration Sensor is healthy
2026-03-24 19:44:21,534 - ERROR - Fuel Flow Sensor FAILED - Fuel flow interrupted
2026-03-24 19:44:21,535 - INFO - Voltage Sensor is healthy
2026-03-24 19:44:21,535 - INFO - Speed Sensor is healthy
2026-03-24 19:44:21,536 - INFO - Brake Pressure Sensor is healthy
2026-03-24 19:44:21,536 - INFO - Humidity Sensor is healthy
2026-03-24 19:44:21,537 - INFO - Track Alignment Sensor is healthy
2026-03-24 19:44:21,537 - INFO - Engine Load Sensor is healthy
2026-03-24 19:44:26,538 - INFO - Temperature Sensor is healthy
2026-03-24 19:44:26,539 - INFO - Pressure Sensor is healthy
2026-03-24 19:44:26,540 - INFO - Vibration Sensor is healthy
2026-03-24 19:44:26,542 - ERROR - Fuel Flow Sensor FAILED - Fuel flow interrupted
2026-03-24 19:44:26,547 - INFO - Voltage Sensor is healthy
2026-03-24 19:44:26,549 - INFO - Speed Sensor is healthy
2026-03-24 19:44:26,551 - INFO - Brake Pressure Sensor is healthy
2026-03-24 19:44:26,552 - INFO - Humidity Sensor is healthy
2026-03-24 19:44:26,556 - INFO - Track Alignment Sensor is healthy
2026-03-24 19:44:26,558 - INFO - Engine Load Sensor is healthy
2026-03-24 19:44:31,560 - INFO - Temperature Sensor is healthy
2026-03-24 19:44:31,561 - INFO - Pressure Sensor is healthy
2026-03-24 19:44:31,561 - INFO - Vibration Sensor is healthy
2026-03-24 19:44:31,562 - ERROR - Fuel Flow Sensor FAILED - Fuel flow interrupted
2026-03-24 19:44:31,563 - INFO - Voltage Sensor is healthy
2026-03-24 19:44:31,564 - INFO - Speed Sensor is healthy
2026-03-24 19:44:31,564 - INFO - Brake Pressure Sensor is healthy
2026-03-24 19:44:31,568 - INFO - Humidity Sensor is healthy
2026-03-24 19:44:31,572 - INFO - Track Alignment Sensor is healthy
2026-03-24 19:44:31,575 - INFO - Engine Load Sensor is healthy
2026-03-24 19:44:36,577 - INFO - Temperature Sensor is healthy
2026-03-24 19:44:36,578 - INFO - Pressure Sensor is healthy
2026-03-24 19:44:36,578 - INFO - Vibration Sensor is healthy
2026-03-24 19:44:36,579 - ERROR - Fuel Flow Sensor FAILED - Fuel flow interrupted
2026-03-24 19:44:36,579 - INFO - Voltage Sensor is healthy
2026-03-24 19:44:36,579 - INFO - Speed Sensor is healthy
2026-03-24 19:44:36,580 - INFO - Brake Pressure Sensor is healthy
2026-03-24 19:44:36,580 - INFO - Humidity Sensor is healthy
2026-03-24 19:44:36,581 - INFO - Track Alignment Sensor is healthy
2026-03-24 19:44:36,581 - INFO - Engine Load Sensor is healthy
2026-03-24 19:44:41,583 - INFO - Temperature Sensor is healthy
2026-03-24 19:44:41,584 - INFO - Pressure Sensor is healthy
2026-03-24 19:44:41,585 - INFO - Vibration Sensor is healthy
2026-03-24 19:44:41,587 - ERROR - Fuel Flow Sensor FAILED - Fuel flow interrupted
2026-03-24 19:44:41,588 - INFO - Voltage Sensor is healthy
2026-03-24 19:44:41,590 - INFO - Speed Sensor is healthy
2026-03-24 19:44:41,591 - INFO - Brake Pressure Sensor is healthy
2026-03-24 19:44:41,592 - INFO - Humidity Sensor is healthy
2026-03-24 19:44:41,592 - INFO - Track Alignment Sensor is healthy
2026-03-24 19:44:41,593 - INFO - Engine Load Sensor is healthy
2026-03-24 19:44:46,594 - INFO - Temperature Sensor is healthy
2026-03-24 19:44:46,595 - INFO - Pressure Sensor is healthy
2026-03-24 19:44:46,596 - INFO - Vibration Sensor is healthy
2026-03-24 19:44:46,596 - ERROR - Fuel Flow Sensor FAILED - Fuel flow interrupted
2026-03-24 19:44:46,597 - INFO - Voltage Sensor is healthy
2026-03-24 19:44:46,598 - INFO - Speed Sensor is healthy
2026-03-24 19:44:46,599 - INFO - Brake Pressure Sensor is healthy
2026-03-24 19:44:46,599 - INFO - Humidity Sensor is healthy
2026-03-24 19:44:46,600 - INFO - Track Alignment Sensor is healthy
2026-03-24 19:44:46,600 - INFO - Engine Load Sensor is healthy
2026-03-24 19:44:51,601 - INFO - Temperature Sensor is healthy
2026-03-24 19:44:51,601 - INFO - Pressure Sensor is healthy
2026-03-24 19:44:51,602 - INFO - Vibration Sensor is healthy
2026-03-24 19:44:51,603 - ERROR - Fuel Flow Sensor FAILED - Fuel flow interrupted
2026-03-24 19:44:51,604 - INFO - Voltage Sensor is healthy
2026-03-24 19:44:51,605 - INFO - Speed Sensor is healthy
2026-03-24 19:44:51,605 - INFO - Brake Pressure Sensor is healthy
2026-03-24 19:44:51,606 - INFO - Humidity Sensor is healthy
2026-03-24 19:44:51,607 - INFO - Track Alignment Sensor is healthy
2026-03-24 19:44:51,608 - INFO - Engine Load Sensor is healthy
2026-03-24 19:44:56,610 - INFO - Temperature Sensor is healthy
2026-03-24 19:44:56,611 - INFO - Pressure Sensor is healthy
2026-03-24 19:44:56,611 - INFO - Vibration Sensor is healthy
2026-03-24 19:44:56,611 - ERROR - Fuel Flow Sensor FAILED - Fuel flow interrupted
2026-03-24 19:44:56,612 - INFO - Voltage Sensor is healthy
2026-03-24 19:44:56,612 - INFO - Speed Sensor is healthy
2026-03-24 19:44:56,613 - INFO - Brake Pressure Sensor is healthy
2026-03-24 19:44:56,613 - INFO - Humidity Sensor is healthy
2026-03-24 19:44:56,614 - INFO - Track Alignment Sensor is healthy
2026-03-24 19:44:56,615 - INFO - Engine Load Sensor is healthy
2026-03-24 19:45:01,616 - INFO - Temperature Sensor is healthy
2026-03-24 19:45:01,617 - INFO - Pressure Sensor is healthy
2026-03-24 19:45:01,617 - INFO - Vibration Sensor is healthy
2026-03-24 19:45:01,618 - ERROR - Fuel Flow Sensor FAILED - Fuel flow interrupted
2026-03-24 19:45:01,618 - INFO - Voltage Sensor is healthy
2026-03-24 19:45:01,619 - INFO - Speed Sensor is healthy
2026-03-24 19:45:01,619 - INFO - Brake Pressure Sensor is healthy
2026-03-24 19:45:01,619 - INFO - Humidity Sensor is healthy
2026-03-24 19:45:01,620 - INFO - Track Alignment Sensor is healthy
2026-03-24 19:45:01,620 - INFO - Engine Load Sensor is healthy
2026-03-24 19:45:06,622 - INFO - Temperature Sensor is healthy
2026-03-24 19:45:06,625 - INFO - Pressure Sensor is healthy
2026-03-24 19:45:06,626 - INFO - Vibration Sensor is healthy
2026-03-24 19:45:06,626 - ERROR - Fuel Flow Sensor FAILED - Fuel flow interrupted
2026-03-24 19:45:06,627 - INFO - Voltage Sensor is healthy
2026-03-24 19:45:06,627 - INFO - Speed Sensor is healthy
2026-03-24 19:45:06,628 - INFO - Brake Pressure Sensor is healthy
2026-03-24 19:45:06,629 - INFO - Humidity Sensor is healthy
2026-03-24 19:45:06,633 - INFO - Track Alignment Sensor is healthy
2026-03-24 19:45:06,635 - INFO - Engine Load Sensor is healthy
2026-03-24 19:45:11,636 - INFO - Temperature Sensor is healthy
2026-03-24 19:45:11,638 - INFO - Pressure Sensor is healthy
2026-03-24 19:45:11,639 - INFO - Vibration Sensor is healthy
2026-03-24 19:45:11,639 - ERROR - Fuel Flow Sensor FAILED - Fuel flow interrupted
2026-03-24 19:45:11,640 - INFO - Voltage Sensor is healthy
2026-03-24 19:45:11,641 - INFO - Speed Sensor is healthy
2026-03-24 19:45:11,642 - INFO - Brake Pressure Sensor is healthy
2026-03-24 19:45:11,642 - INFO - Humidity Sensor is healthy
2026-03-24 19:45:11,643 - INFO - Track Alignment Sensor is healthy
2026-03-24 19:45:11,643 - INFO - Engine Load Sensor is healthy
2026-03-24 19:45:16,645 - INFO - Temperature Sensor is healthy
2026-03-24 19:45:16,646 - INFO - Pressure Sensor is healthy
2026-03-24 19:45:16,646 - INFO - Vibration Sensor is healthy
2026-03-24 19:45:16,647 - ERROR - Fuel Flow Sensor FAILED - Fuel flow interrupted
2026-03-24 19:45:16,647 - INFO - Voltage Sensor is healthy
2026-03-24 19:45:16,648 - INFO - Speed Sensor is healthy
2026-03-24 19:45:16,648 - INFO - Brake Pressure Sensor is healthy
2026-03-24 19:45:16,649 - INFO - Humidity Sensor is healthy
2026-03-24 19:45:16,649 - INFO - Track Alignment Sensor is healthy
2026-03-24 19:45:16,650 - INFO - Engine Load Sensor is healthy
2026-03-24 19:45:21,651 - INFO - Temperature Sensor is healthy
2026-03-24 19:45:21,652 - INFO - Pressure Sensor is healthy
2026-03-24 19:45:21,653 - INFO - Vibration Sensor is healthy
2026-03-24 19:45:21,654 - ERROR - Fuel Flow Sensor FAILED - Fuel flow interrupted
2026-03-24 19:45:21,654 - INFO - Voltage Sensor is healthy
2026-03-24 19:45:21,655 - INFO - Speed Sensor is healthy
2026-03-24 19:45:21,656 - INFO - Brake Pressure Sensor is healthy
2026-03-24 19:45:21,656 - INFO - Humidity Sensor is healthy
2026-03-24 19:45:21,657 - INFO - Track Alignment Sensor is healthy
2026-03-24 19:45:21,657 - INFO - Engine Load Sensor is healthy
2026-03-24 19:45:26,658 - INFO - Temperature Sensor is healthy
2026-03-24 19:45:26,659 - INFO - Pressure Sensor is healthy
2026-03-24 19:45:26,660 - INFO - Vibration Sensor is healthy
2026-03-24 19:45:26,660 - ERROR - Fuel Flow Sensor FAILED - Fuel flow interrupted
2026-03-24 19:45:26,661 - INFO - Voltage Sensor is healthy
2026-03-24 19:45:26,661 - INFO - Speed Sensor is healthy
2026-03-24 19:45:26,662 - INFO - Brake Pressure Sensor is healthy
2026-03-24 19:45:26,662 - INFO - Humidity Sensor is healthy
2026-03-24 19:45:26,663 - INFO - Track Alignment Sensor is healthy
2026-03-24 19:45:26,664 - INFO - Engine Load Sensor is healthy
2026-03-24 19:45:31,665 - INFO - Temperature Sensor is healthy
2026-03-24 19:45:31,667 - INFO - Pressure Sensor is healthy
2026-03-24 19:45:31,667 - INFO - Vibration Sensor is healthy
2026-03-24 19:45:31,668 - ERROR - Fuel Flow Sensor FAILED - Fuel flow interrupted
2026-03-24 19:45:31,669 - INFO - Voltage Sensor is healthy
2026-03-24 19:45:31,669 - INFO - Speed Sensor is healthy
2026-03-24 19:45:31,670 - INFO - Brake Pressure Sensor is healthy
2026-03-24 19:45:31,670 - INFO - Humidity Sensor is healthy
2026-03-24 19:45:31,671 - INFO - Track Alignment Sensor is healthy
2026-03-24 19:45:31,671 - INFO - Engine Load Sensor is healthy
2026-03-24 19:45:36,672 - INFO - Temperature Sensor is healthy
2026-03-24 19:45:36,673 - INFO - Pressure Sensor is healthy
2026-03-24 19:45:36,675 - INFO - Vibration Sensor is healthy
2026-03-24 19:45:36,675 - ERROR - Fuel Flow Sensor FAILED - Fuel flow interrupted
2026-03-24 19:45:36,676 - INFO - Voltage Sensor is healthy
2026-03-24 19:45:36,677 - INFO - Speed Sensor is healthy
2026-03-24 19:45:36,678 - INFO - Brake Pressure Sensor is healthy
2026-03-24 19:45:36,679 - INFO - Humidity Sensor is healthy
2026-03-24 19:45:36,679 - INFO - Track Alignment Sensor is healthy
2026-03-24 19:45:36,681 - INFO - Engine Load Sensor is healthy
2026-03-24 19:45:41,682 - INFO - Temperature Sensor is healthy
2026-03-24 19:45:41,683 - INFO - Pressure Sensor is healthy
2026-03-24 19:45:41,684 - INFO - Vibration Sensor is healthy
2026-03-24 19:45:41,685 - ERROR - Fuel Flow Sensor FAILED - Fuel flow interrupted
2026-03-24 19:45:41,685 - INFO - Voltage Sensor is healthy
2026-03-24 19:45:41,686 - INFO - Speed Sensor is healthy
2026-03-24 19:45:41,686 - INFO - Brake Pressure Sensor is healthy
2026-03-24 19:45:41,687 - INFO - Humidity Sensor is healthy
2026-03-24 19:45:41,688 - INFO - Track Alignment Sensor is healthy
2026-03-24 19:45:41,689 - INFO - Engine Load Sensor is healthy
2026-03-24 19:45:46,690 - INFO - Temperature Sensor is healthy
2026-03-24 19:45:46,691 - INFO - Pressure Sensor is healthy
2026-03-24 19:45:46,691 - INFO - Vibration Sensor is healthy
2026-03-24 19:45:46,692 - ERROR - Fuel Flow Sensor FAILED - Fuel flow interrupted
2026-03-24 19:45:46,692 - INFO - Voltage Sensor is healthy
2026-03-24 19:45:46,692 - INFO - Speed Sensor is healthy
2026-03-24 19:45:46,693 - INFO - Brake Pressure Sensor is healthy
2026-03-24 19:45:46,693 - INFO - Humidity Sensor is healthy
2026-03-24 19:45:46,693 - INFO - Track Alignment Sensor is healthy
2026-03-24 19:45:46,694 - INFO - Engine Load Sensor is healthy
2026-03-24 19:45:51,695 - INFO - Temperature Sensor is healthy
2026-03-24 19:45:51,696 - INFO - Pressure Sensor is healthy
2026-03-24 19:45:51,697 - INFO - Vibration Sensor is healthy
2026-03-24 19:45:51,698 - ERROR - Fuel Flow Sensor FAILED - Fuel flow interrupted
2026-03-24 19:45:51,698 - INFO - Voltage Sensor is healthy
2026-03-24 19:45:51,699 - INFO - Speed Sensor is healthy
2026-03-24 19:45:51,699 - INFO - Brake Pressure Sensor is healthy
2026-03-24 19:45:51,699 - INFO - Humidity Sensor is healthy
2026-03-24 19:45:51,700 - INFO - Track Alignment Sensor is healthy
2026-03-24 19:45:51,700 - INFO - Engine Load Sensor is healthy
2026-03-24 19:45:56,701 - INFO - Temperature Sensor is healthy
2026-03-24 19:45:56,703 - INFO - Pressure Sensor is healthy
2026-03-24 19:45:56,703 - INFO - Vibration Sensor is healthy
2026-03-24 19:45:56,704 - ERROR - Fuel Flow Sensor FAILED - Fuel flow interrupted
2026-03-24 19:45:56,704 - INFO - Voltage Sensor is healthy
2026-03-24 19:45:56,704 - INFO - Speed Sensor is healthy
2026-03-24 19:45:56,705 - INFO - Brake Pressure Sensor is healthy
2026-03-24 19:45:56,705 - INFO - Humidity Sensor is healthy
2026-03-24 19:45:56,706 - INFO - Track Alignment Sensor is healthy
2026-03-24 19:45:56,706 - INFO - Engine Load Sensor is healthy
2026-03-24 19:46:01,707 - INFO - Temperature Sensor is healthy
2026-03-24 19:46:01,708 - INFO - Pressure Sensor is healthy
2026-03-24 19:46:01,708 - INFO - Vibration Sensor is healthy
2026-03-24 19:46:01,709 - ERROR - Fuel Flow Sensor FAILED - Fuel flow interrupted
2026-03-24 19:46:01,709 - INFO - Voltage Sensor is healthy
2026-03-24 19:46:01,709 - INFO - Speed Sensor is healthy
2026-03-24 19:46:01,710 - INFO - Brake Pressure Sensor is healthy
2026-03-24 19:46:01,710 - INFO - Humidity Sensor is healthy
2026-03-24 19:46:01,711 - INFO - Track Alignment Sensor is healthy
2026-03-24 19:46:01,712 - INFO - Engine Load Sensor is healthy
2026-03-24 19:46:06,713 - INFO - Temperature Sensor is healthy
2026-03-24 19:46:06,714 - INFO - Pressure Sensor is healthy
2026-03-24 19:46:06,714 - INFO - Vibration Sensor is healthy
2026-03-24 19:46:06,715 - ERROR - Fuel Flow Sensor FAILED - Fuel flow interrupted
2026-03-24 19:46:06,715 - INFO - Voltage Sensor is healthy
2026-03-24 19:46:06,716 - INFO - Speed Sensor is healthy
2026-03-24 19:46:06,716 - INFO - Brake Pressure Sensor is healthy
2026-03-24 19:46:06,716 - INFO - Humidity Sensor is healthy
2026-03-24 19:46:06,717 - INFO - Track Alignment Sensor is healthy
2026-03-24 19:46:06,717 - INFO - Engine Load Sensor is healthy
2026-03-24 19:46:11,718 - INFO - Temperature Sensor is healthy
2026-03-24 19:46:11,719 - INFO - Pressure Sensor is healthy
2026-03-24 19:46:11,720 - INFO - Vibration Sensor is healthy
2026-03-24 19:46:11,720 - ERROR - Fuel Flow Sensor FAILED - Fuel flow interrupted
2026-03-24 19:46:11,720 - INFO - Voltage Sensor is healthy
2026-03-24 19:46:11,721 - INFO - Speed Sensor is healthy
2026-03-24 19:46:11,722 - INFO - Brake Pressure Sensor is healthy
2026-03-24 19:46:11,722 - INFO - Humidity Sensor is healthy
2026-03-24 19:46:11,722 - INFO - Track Alignment Sensor is healthy
2026-03-24 19:46:11,723 - INFO - Engine Load Sensor is healthy
2026-03-24 19:46:16,724 - INFO - Temperature Sensor is healthy
2026-03-24 19:46:16,725 - INFO - Pressure Sensor is healthy
2026-03-24 19:46:16,726 - INFO - Vibration Sensor is healthy
2026-03-24 19:46:16,726 - ERROR - Fuel Flow Sensor FAILED - Fuel flow interrupted
2026-03-24 19:46:16,726 - INFO - Voltage Sensor is healthy
2026-03-24 19:46:16,727 - INFO - Speed Sensor is healthy
2026-03-24 19:46:16,727 - INFO - Brake Pressure Sensor is healthy
2026-03-24 19:46:16,727 - INFO - Humidity Sensor is healthy
2026-03-24 19:46:16,728 - INFO - Track Alignment Sensor is healthy
2026-03-24 19:46:16,728 - INFO - Engine Load Sensor is healthy
2026-03-24 19:46:21,730 - INFO - Temperature Sensor is healthy
2026-03-24 19:46:21,731 - INFO - Pressure Sensor is healthy
2026-03-24 19:46:21,731 - INFO - Vibration Sensor is healthy
2026-03-24 19:46:21,732 - ERROR - Fuel Flow Sensor FAILED - Fuel flow interrupted
2026-03-24 19:46:21,732 - INFO - Voltage Sensor is healthy
2026-03-24 19:46:21,732 - INFO - Speed Sensor is healthy
2026-03-24 19:46:21,733 - INFO - Brake Pressure Sensor is healthy
2026-03-24 19:46:21,734 - INFO - Humidity Sensor is healthy
2026-03-24 19:46:21,734 - INFO - Track Alignment Sensor is healthy
2026-03-24 19:46:21,735 - INFO - Engine Load Sensor is healthy
2026-03-24 19:46:26,735 - INFO - Temperature Sensor is healthy
2026-03-24 19:46:26,737 - INFO - Pressure Sensor is healthy
2026-03-24 19:46:26,738 - INFO - Vibration Sensor is healthy
2026-03-24 19:46:26,739 - ERROR - Fuel Flow Sensor FAILED - Fuel flow interrupted
2026-03-24 19:46:26,739 - INFO - Voltage Sensor is healthy
2026-03-24 19:46:26,740 - INFO - Speed Sensor is healthy
2026-03-24 19:46:26,741 - INFO - Brake Pressure Sensor is healthy
2026-03-24 19:46:26,742 - INFO - Humidity Sensor is healthy
2026-03-24 19:46:26,743 - INFO - Track Alignment Sensor is healthy
2026-03-24 19:46:26,744 - INFO - Engine Load Sensor is healthy
2026-03-24 19:46:31,747 - INFO - Temperature Sensor is healthy
2026-03-24 19:46:31,749 - INFO - Pressure Sensor is healthy
2026-03-24 19:46:31,750 - INFO - Vibration Sensor is healthy
2026-03-24 19:46:31,750 - ERROR - Fuel Flow Sensor FAILED - Fuel flow interrupted
2026-03-24 19:46:31,751 - INFO - Voltage Sensor is healthy
2026-03-24 19:46:31,752 - INFO - Speed Sensor is healthy
2026-03-24 19:46:31,752 - INFO - Brake Pressure Sensor is healthy
2026-03-24 19:46:31,753 - INFO - Humidity Sensor is healthy
2026-03-24 19:46:31,754 - INFO - Track Alignment Sensor is healthy
2026-03-24 19:46:31,754 - INFO - Engine Load Sensor is healthy
2026-03-24 19:46:36,756 - INFO - Temperature Sensor is healthy
2026-03-24 19:46:36,756 - INFO - Pressure Sensor is healthy
2026-03-24 19:46:36,757 - INFO - Vibration Sensor is healthy
2026-03-24 19:46:36,757 - ERROR - Fuel Flow Sensor FAILED - Fuel flow interrupted
2026-03-24 19:46:36,758 - INFO - Voltage Sensor is healthy
2026-03-24 19:46:36,758 - INFO - Speed Sensor is healthy
2026-03-24 19:46:36,758 - INFO - Brake Pressure Sensor is healthy
2026-03-24 19:46:36,759 - INFO - Humidity Sensor is healthy
2026-03-24 19:46:36,759 - INFO - Track Alignment Sensor is healthy
2026-03-24 19:46:36,760 - INFO - Engine Load Sensor is healthy
2026-03-24 19:46:41,761 - INFO - Temperature Sensor is healthy
2026-03-24 19:46:41,762 - INFO - Pressure Sensor is healthy
2026-03-24 19:46:41,762 - INFO - Vibration Sensor is healthy
2026-03-24 19:46:41,763 - ERROR - Fuel Flow Sensor FAILED - Fuel flow interrupted
2026-03-24 19:46:41,763 - INFO - Voltage Sensor is healthy
2026-03-24 19:46:41,763 - INFO - Speed Sensor is healthy
2026-03-24 19:46:41,764 - INFO - Brake Pressure Sensor is healthy
2026-03-24 19:46:41,764 - INFO - Humidity Sensor is healthy
2026-03-24 19:46:41,765 - INFO - Track Alignment Sensor is healthy
2026-03-24 19:46:41,766 - INFO - Engine Load Sensor is healthy
2026-03-24 19:46:46,767 - INFO - Temperature Sensor is healthy
2026-03-24 19:46:46,768 - INFO - Pressure Sensor is healthy
2026-03-24 19:46:46,769 - INFO - Vibration Sensor is healthy
2026-03-24 19:46:46,769 - ERROR - Fuel Flow Sensor FAILED - Fuel flow interrupted
2026-03-24 19:46:46,770 - INFO - Voltage Sensor is healthy
2026-03-24 19:46:46,770 - INFO - Speed Sensor is healthy
2026-03-24 19:46:46,771 - INFO - Brake Pressure Sensor is healthy
2026-03-24 19:46:46,771 - INFO - Humidity Sensor is healthy
2026-03-24 19:46:46,771 - INFO - Track Alignment Sensor is healthy
2026-03-24 19:46:46,772 - INFO - Engine Load Sensor is healthy
2026-03-24 19:46:51,773 - INFO - Temperature Sensor is healthy
2026-03-24 19:46:51,774 - INFO - Pressure Sensor is healthy
2026-03-24 19:46:51,775 - INFO - Vibration Sensor is healthy
2026-03-24 19:46:51,775 - ERROR - Fuel Flow Sensor FAILED - Fuel flow interrupted
2026-03-24 19:46:51,776 - INFO - Voltage Sensor is healthy
2026-03-24 19:46:51,776 - INFO - Speed Sensor is healthy
2026-03-24 19:46:51,777 - INFO - Brake Pressure Sensor is healthy
2026-03-24 19:46:51,777 - INFO - Humidity Sensor is healthy
2026-03-24 19:46:51,778 - INFO - Track Alignment Sensor is healthy
2026-03-24 19:46:51,778 - INFO - Engine Load Sensor is healthy
2026-03-24 19:46:56,779 - INFO - Temperature Sensor is healthy
2026-03-24 19:46:56,780 - INFO - Pressure Sensor is healthy
2026-03-24 19:46:56,781 - INFO - Vibration Sensor is healthy
2026-03-24 19:46:56,781 - ERROR - Fuel Flow Sensor FAILED - Fuel flow interrupted
2026-03-24 19:46:56,782 - INFO - Voltage Sensor is healthy
2026-03-24 19:46:56,782 - INFO - Speed Sensor is healthy
2026-03-24 19:46:56,783 - INFO - Brake Pressure Sensor is healthy
2026-03-24 19:46:56,783 - INFO - Humidity Sensor is healthy
2026-03-24 19:46:56,784 - INFO - Track Alignment Sensor is healthy
2026-03-24 19:46:56,785 - INFO - Engine Load Sensor is healthy
2026-03-24 19:47:01,787 - INFO - Temperature Sensor is healthy
2026-03-24 19:47:01,787 - INFO - Pressure Sensor is healthy
2026-03-24 19:47:01,788 - INFO - Vibration Sensor is healthy
2026-03-24 19:47:01,788 - ERROR - Fuel Flow Sensor FAILED - Fuel flow interrupted
2026-03-24 19:47:01,789 - INFO - Voltage Sensor is healthy
2026-03-24 19:47:01,790 - INFO - Speed Sensor is healthy
2026-03-24 19:47:01,790 - INFO - Brake Pressure Sensor is healthy
2026-03-24 19:47:01,791 - INFO - Humidity Sensor is healthy
2026-03-24 19:47:01,791 - INFO - Track Alignment Sensor is healthy
2026-03-24 19:47:01,792 - INFO - Engine Load Sensor is healthy
2026-03-24 19:47:06,793 - INFO - Temperature Sensor is healthy
2026-03-24 19:47:06,794 - INFO - Pressure Sensor is healthy
2026-03-24 19:47:06,794 - INFO - Vibration Sensor is healthy
2026-03-24 19:47:06,795 - ERROR - Fuel Flow Sensor FAILED - Fuel flow interrupted
2026-03-24 19:47:06,795 - INFO - Voltage Sensor is healthy
2026-03-24 19:47:06,796 - INFO - Speed Sensor is healthy
2026-03-24 19:47:06,796 - INFO - Brake Pressure Sensor is healthy
2026-03-24 19:47:06,797 - INFO - Humidity Sensor is healthy
2026-03-24 19:47:06,797 - INFO - Track Alignment Sensor is healthy
2026-03-24 19:47:06,798 - INFO - Engine Load Sensor is healthy
2026-03-24 19:47:11,799 - INFO - Temperature Sensor is healthy
2026-03-24 19:47:11,800 - INFO - Pressure Sensor is healthy
2026-03-24 19:47:11,801 - INFO - Vibration Sensor is healthy
2026-03-24 19:47:11,802 - ERROR - Fuel Flow Sensor FAILED - Fuel flow interrupted
2026-03-24 19:47:11,802 - INFO - Voltage Sensor is healthy
2026-03-24 19:47:11,803 - INFO - Speed Sensor is healthy
2026-03-24 19:47:11,803 - INFO - Brake Pressure Sensor is healthy
2026-03-24 19:47:11,803 - INFO - Humidity Sensor is healthy
2026-03-24 19:47:11,804 - INFO - Track Alignment Sensor is healthy
2026-03-24 19:47:11,804 - INFO - Engine Load Sensor is healthy
2026-03-24 19:47:16,805 - INFO - Temperature Sensor is healthy
2026-03-24 19:47:16,812 - INFO - Pressure Sensor is healthy
2026-03-24 19:47:16,813 - INFO - Vibration Sensor is healthy
2026-03-24 19:47:16,814 - ERROR - Fuel Flow Sensor FAILED - Fuel flow interrupted
2026-03-24 19:47:16,815 - INFO - Voltage Sensor is healthy
2026-03-24 19:47:16,816 - INFO - Speed Sensor is healthy
2026-03-24 19:47:16,816 - INFO - Brake Pressure Sensor is healthy
2026-03-24 19:47:16,817 - INFO - Humidity Sensor is healthy
2026-03-24 19:47:16,817 - INFO - Track Alignment Sensor is healthy
2026-03-24 19:47:16,817 - INFO - Engine Load Sensor is healthy
2026-03-24 19:47:21,818 - INFO - Temperature Sensor is healthy
2026-03-24 19:47:21,819 - INFO - Pressure Sensor is healthy
2026-03-24 19:47:21,820 - INFO - Vibration Sensor is healthy
2026-03-24 19:47:21,820 - ERROR - Fuel Flow Sensor FAILED - Fuel flow interrupted
2026-03-24 19:47:21,821 - INFO - Voltage Sensor is healthy
2026-03-24 19:47:21,821 - INFO - Speed Sensor is healthy
2026-03-24 19:47:21,822 - INFO - Brake Pressure Sensor is healthy
2026-03-24 19:47:21,822 - INFO - Humidity Sensor is healthy
2026-03-24 19:47:21,823 - INFO - Track Alignment Sensor is healthy
2026-03-24 19:47:21,823 - INFO - Engine Load Sensor is healthy
2026-03-24 19:47:26,825 - INFO - Temperature Sensor is healthy
2026-03-24 19:47:26,826 - INFO - Pressure Sensor is healthy
2026-03-24 19:47:26,827 - INFO - Vibration Sensor is healthy
2026-03-24 19:47:26,828 - ERROR - Fuel Flow Sensor FAILED - Fuel flow interrupted
2026-03-24 19:47:26,828 - INFO - Voltage Sensor is healthy
2026-03-24 19:47:26,829 - INFO - Speed Sensor is healthy
2026-03-24 19:47:26,830 - INFO - Brake Pressure Sensor is healthy
2026-03-24 19:47:26,831 - INFO - Humidity Sensor is healthy
2026-03-24 19:47:26,831 - INFO - Track Alignment Sensor is healthy
2026-03-24 19:47:26,832 - INFO - Engine Load Sensor is healthy
2026-03-24 19:47:31,833 - INFO - Temperature Sensor is healthy
2026-03-24 19:47:31,834 - INFO - Pressure Sensor is healthy
2026-03-24 19:47:31,835 - INFO - Vibration Sensor is healthy
2026-03-24 19:47:31,835 - ERROR - Fuel Flow Sensor FAILED - Fuel flow interrupted
2026-03-24 19:47:31,836 - INFO - Voltage Sensor is healthy
2026-03-24 19:47:31,836 - INFO - Speed Sensor is healthy
2026-03-24 19:47:31,837 - INFO - Brake Pressure Sensor is healthy
2026-03-24 19:47:31,837 - INFO - Humidity Sensor is healthy
2026-03-24 19:47:31,838 - INFO - Track Alignment Sensor is healthy
2026-03-24 19:47:31,838 - INFO - Engine Load Sensor is healthy
2026-03-24 19:47:36,840 - INFO - Temperature Sensor is healthy
2026-03-24 19:47:36,841 - INFO - Pressure Sensor is healthy
2026-03-24 19:47:36,841 - INFO - Vibration Sensor is healthy
2026-03-24 19:47:36,841 - ERROR - Fuel Flow Sensor FAILED - Fuel flow interrupted
2026-03-24 19:47:36,842 - INFO - Voltage Sensor is healthy
2026-03-24 19:47:36,842 - INFO - Speed Sensor is healthy
2026-03-24 19:47:36,843 - INFO - Brake Pressure Sensor is healthy
2026-03-24 19:47:36,843 - INFO - Humidity Sensor is healthy
2026-03-24 19:47:36,844 - INFO - Track Alignment Sensor is healthy
2026-03-24 19:47:36,844 - INFO - Engine Load Sensor is healthy
2026-03-24 19:47:41,846 - INFO - Temperature Sensor is healthy
2026-03-24 19:47:41,847 - INFO - Pressure Sensor is healthy
2026-03-24 19:47:41,847 - INFO - Vibration Sensor is healthy
2026-03-24 19:47:41,848 - ERROR - Fuel Flow Sensor FAILED - Fuel flow interrupted
2026-03-24 19:47:41,848 - INFO - Voltage Sensor is healthy
2026-03-24 19:47:41,849 - INFO - Speed Sensor is healthy
2026-03-24 19:47:41,849 - INFO - Brake Pressure Sensor is healthy
2026-03-24 19:47:41,850 - INFO - Humidity Sensor is healthy
2026-03-24 19:47:41,850 - INFO - Track Alignment Sensor is healthy
2026-03-24 19:47:41,851 - INFO - Engine Load Sensor is healthy
2026-03-24 19:47:46,852 - INFO - Temperature Sensor is healthy
2026-03-24 19:47:46,853 - INFO - Pressure Sensor is healthy
2026-03-24 19:47:46,854 - INFO - Vibration Sensor is healthy
2026-03-24 19:47:46,854 - ERROR - Fuel Flow Sensor FAILED - Fuel flow interrupted
2026-03-24 19:47:46,855 - INFO - Voltage Sensor is healthy
2026-03-24 19:47:46,855 - INFO - Speed Sensor is healthy
2026-03-24 19:47:46,856 - INFO - Brake Pressure Sensor is healthy
2026-03-24 19:47:46,856 - INFO - Humidity Sensor is healthy
2026-03-24 19:47:46,857 - INFO - Track Alignment Sensor is healthy
2026-03-24 19:47:46,857 - INFO - Engine Load Sensor is healthy
2026-03-24 19:47:51,858 - INFO - Temperature Sensor is healthy
2026-03-24 19:47:51,859 - INFO - Pressure Sensor is healthy
2026-03-24 19:47:51,859 - INFO - Vibration Sensor is healthy
2026-03-24 19:47:51,860 - ERROR - Fuel Flow Sensor FAILED - Fuel flow interrupted
2026-03-24 19:47:51,860 - INFO - Voltage Sensor is healthy
2026-03-24 19:47:51,861 - INFO - Speed Sensor is healthy
2026-03-24 19:47:51,861 - INFO - Brake Pressure Sensor is healthy
2026-03-24 19:47:51,862 - INFO - Humidity Sensor is healthy
2026-03-24 19:47:51,862 - INFO - Track Alignment Sensor is healthy
2026-03-24 19:47:51,863 - INFO - Engine Load Sensor is healthy
2026-03-24 19:47:56,864 - INFO - Temperature Sensor is healthy
2026-03-24 19:47:56,865 - INFO - Pressure Sensor is healthy
2026-03-24 19:47:56,866 - INFO - Vibration Sensor is healthy
2026-03-24 19:47:56,866 - ERROR - Fuel Flow Sensor FAILED - Fuel flow interrupted
2026-03-24 19:47:56,867 - INFO - Voltage Sensor is healthy
2026-03-24 19:47:56,867 - INFO - Speed Sensor is healthy
2026-03-24 19:47:56,867 - INFO - Brake Pressure Sensor is healthy
2026-03-24 19:47:56,868 - INFO - Humidity Sensor is healthy
2026-03-24 19:47:56,868 - INFO - Track Alignment Sensor is healthy
2026-03-24 19:47:56,869 - INFO - Engine Load Sensor is healthy
2026-03-24 19:48:01,870 - INFO - Temperature Sensor is healthy
2026-03-24 19:48:01,872 - INFO - Pressure Sensor is healthy
2026-03-24 19:48:01,873 - INFO - Vibration Sensor is healthy
2026-03-24 19:48:01,874 - ERROR - Fuel Flow Sensor FAILED - Fuel flow interrupted
2026-03-24 19:48:01,874 - INFO - Voltage Sensor is healthy
2026-03-24 19:48:01,875 - INFO - Speed Sensor is healthy
2026-03-24 19:48:01,876 - INFO - Brake Pressure Sensor is healthy
2026-03-24 19:48:01,877 - INFO - Humidity Sensor is healthy
2026-03-24 19:48:01,880 - INFO - Track Alignment Sensor is healthy
2026-03-24 19:48:01,880 - INFO - Engine Load Sensor is healthy
2026-03-24 19:48:06,882 - INFO - Temperature Sensor is healthy
2026-03-24 19:48:06,883 - INFO - Pressure Sensor is healthy
2026-03-24 19:48:06,883 - INFO - Vibration Sensor is healthy
2026-03-24 19:48:06,884 - ERROR - Fuel Flow Sensor FAILED - Fuel flow interrupted
2026-03-24 19:48:06,884 - INFO - Voltage Sensor is healthy
2026-03-24 19:48:06,885 - INFO - Speed Sensor is healthy
2026-03-24 19:48:06,886 - INFO - Brake Pressure Sensor is healthy
2026-03-24 19:48:06,886 - INFO - Humidity Sensor is healthy
2026-03-24 19:48:06,887 - INFO - Track Alignment Sensor is healthy
2026-03-24 19:48:06,887 - INFO - Engine Load Sensor is healthy
2026-03-24 19:48:11,888 - INFO - Temperature Sensor is healthy
2026-03-24 19:48:11,889 - INFO - Pressure Sensor is healthy
2026-03-24 19:48:11,890 - INFO - Vibration Sensor is healthy
2026-03-24 19:48:11,890 - ERROR - Fuel Flow Sensor FAILED - Fuel flow interrupted
2026-03-24 19:48:11,891 - INFO - Voltage Sensor is healthy
2026-03-24 19:48:11,891 - INFO - Speed Sensor is healthy
2026-03-24 19:48:11,892 - INFO - Brake Pressure Sensor is healthy
2026-03-24 19:48:11,892 - INFO - Humidity Sensor is healthy
2026-03-24 19:48:11,893 - INFO - Track Alignment Sensor is healthy
2026-03-24 19:48:11,893 - INFO - Engine Load Sensor is healthy
2026-03-24 19:48:16,894 - INFO - Temperature Sensor is healthy
2026-03-24 19:48:16,895 - INFO - Pressure Sensor is healthy
2026-03-24 19:48:16,896 - INFO - Vibration Sensor is healthy
2026-03-24 19:48:16,896 - ERROR - Fuel Flow Sensor FAILED - Fuel flow interrupted
2026-03-24 19:48:16,897 - INFO - Voltage Sensor is healthy
2026-03-24 19:48:16,897 - INFO - Speed Sensor is healthy
2026-03-24 19:48:16,898 - INFO - Brake Pressure Sensor is healthy
2026-03-24 19:48:16,898 - INFO - Humidity Sensor is healthy
2026-03-24 19:48:16,899 - INFO - Track Alignment Sensor is healthy
2026-03-24 19:48:16,899 - INFO - Engine Load Sensor is healthy
2026-03-24 19:48:21,900 - INFO - Temperature Sensor is healthy
2026-03-24 19:48:21,901 - INFO - Pressure Sensor is healthy
2026-03-24 19:48:21,901 - INFO - Vibration Sensor is healthy
2026-03-24 19:48:21,902 - ERROR - Fuel Flow Sensor FAILED - Fuel flow interrupted
2026-03-24 19:48:21,902 - INFO - Voltage Sensor is healthy
2026-03-24 19:48:21,903 - INFO - Speed Sensor is healthy
2026-03-24 19:48:21,903 - INFO - Brake Pressure Sensor is healthy
2026-03-24 19:48:21,904 - INFO - Humidity Sensor is healthy
2026-03-24 19:48:21,904 - INFO - Track Alignment Sensor is healthy
2026-03-24 19:48:21,905 - INFO - Engine Load Sensor is healthy
2026-03-24 19:48:26,906 - INFO - Temperature Sensor is healthy
2026-03-24 19:48:26,907 - INFO - Pressure Sensor is healthy
2026-03-24 19:48:26,908 - INFO - Vibration Sensor is healthy
2026-03-24 19:48:26,908 - ERROR - Fuel Flow Sensor FAILED - Fuel flow interrupted
2026-03-24 19:48:26,909 - INFO - Voltage Sensor is healthy
2026-03-24 19:48:26,910 - INFO - Speed Sensor is healthy
2026-03-24 19:48:26,911 - INFO - Brake Pressure Sensor is healthy
2026-03-24 19:48:26,911 - INFO - Humidity Sensor is healthy
2026-03-24 19:48:26,912 - INFO - Track Alignment Sensor is healthy
2026-03-24 19:48:26,914 - INFO - Engine Load Sensor is healthy
2026-03-24 19:48:31,916 - INFO - Temperature Sensor is healthy
2026-03-24 19:48:31,917 - INFO - Pressure Sensor is healthy
2026-03-24 19:48:31,917 - INFO - Vibration Sensor is healthy
2026-03-24 19:48:31,917 - ERROR - Fuel Flow Sensor FAILED - Fuel flow interrupted
2026-03-24 19:48:31,918 - INFO - Voltage Sensor is healthy
2026-03-24 19:48:31,918 - INFO - Speed Sensor is healthy
2026-03-24 19:48:31,919 - INFO - Brake Pressure Sensor is healthy
2026-03-24 19:48:31,919 - INFO - Humidity Sensor is healthy
2026-03-24 19:48:31,919 - INFO - Track Alignment Sensor is healthy
2026-03-24 19:48:31,920 - INFO - Engine Load Sensor is healthy
2026-03-24 19:48:36,921 - INFO - Temperature Sensor is healthy
2026-03-24 19:48:36,922 - INFO - Pressure Sensor is healthy
2026-03-24 19:48:36,923 - INFO - Vibration Sensor is healthy
2026-03-24 19:48:36,923 - ERROR - Fuel Flow Sensor FAILED - Fuel flow interrupted
2026-03-24 19:48:36,924 - INFO - Voltage Sensor is healthy
2026-03-24 19:48:36,924 - INFO - Speed Sensor is healthy
2026-03-24 19:48:36,925 - INFO - Brake Pressure Sensor is healthy
2026-03-24 19:48:36,925 - INFO - Humidity Sensor is healthy
2026-03-24 19:48:36,926 - INFO - Track Alignment Sensor is healthy
2026-03-24 19:48:36,926 - INFO - Engine Load Sensor is healthy
2026-03-24 19:48:41,927 - INFO - Temperature Sensor is healthy
2026-03-24 19:48:41,928 - INFO - Pressure Sensor is healthy
2026-03-24 19:48:41,929 - INFO - Vibration Sensor is healthy
2026-03-24 19:48:41,930 - ERROR - Fuel Flow Sensor FAILED - Fuel flow interrupted
2026-03-24 19:48:41,930 - INFO - Voltage Sensor is healthy
2026-03-24 19:48:41,931 - INFO - Speed Sensor is healthy
2026-03-24 19:48:41,931 - INFO - Brake Pressure Sensor is healthy
2026-03-24 19:48:41,932 - INFO - Humidity Sensor is healthy
2026-03-24 19:48:41,932 - INFO - Track Alignment Sensor is healthy
2026-03-24 19:48:41,933 - INFO - Engine Load Sensor is healthy
2026-03-24 19:48:46,934 - INFO - Temperature Sensor is healthy
2026-03-24 19:48:46,935 - INFO - Pressure Sensor is healthy
2026-03-24 19:48:46,935 - INFO - Vibration Sensor is healthy
2026-03-24 19:48:46,936 - ERROR - Fuel Flow Sensor FAILED - Fuel flow interrupted
2026-03-24 19:48:46,936 - INFO - Voltage Sensor is healthy
2026-03-24 19:48:46,937 - INFO - Speed Sensor is healthy
2026-03-24 19:48:46,937 - INFO - Brake Pressure Sensor is healthy
2026-03-24 19:48:46,937 - INFO - Humidity Sensor is healthy
2026-03-24 19:48:46,938 - INFO - Track Alignment Sensor is healthy
2026-03-24 19:48:46,938 - INFO - Engine Load Sensor is healthy
2026-03-24 19:48:51,939 - INFO - Temperature Sensor is healthy
2026-03-24 19:48:51,940 - INFO - Pressure Sensor is healthy
2026-03-24 19:48:51,940 - INFO - Vibration Sensor is healthy
2026-03-24 19:48:51,941 - ERROR - Fuel Flow Sensor FAILED - Fuel flow interrupted
2026-03-24 19:48:51,941 - INFO - Voltage Sensor is healthy
2026-03-24 19:48:51,942 - INFO - Speed Sensor is healthy
2026-03-24 19:48:51,942 - INFO - Brake Pressure Sensor is healthy
2026-03-24 19:48:51,943 - INFO - Humidity Sensor is healthy
2026-03-24 19:48:51,943 - INFO - Track Alignment Sensor is healthy
2026-03-24 19:48:51,944 - INFO - Engine Load Sensor is healthy
2026-03-24 19:48:56,945 - INFO - Temperature Sensor is healthy
2026-03-24 19:48:56,946 - INFO - Pressure Sensor is healthy
2026-03-24 19:48:56,947 - INFO - Vibration Sensor is healthy
2026-03-24 19:48:56,947 - ERROR - Fuel Flow Sensor FAILED - Fuel flow interrupted
2026-03-24 19:48:56,947 - INFO - Voltage Sensor is healthy
2026-03-24 19:48:56,948 - INFO - Speed Sensor is healthy
2026-03-24 19:48:56,949 - INFO - Brake Pressure Sensor is healthy
2026-03-24 19:48:56,949 - INFO - Humidity Sensor is healthy
2026-03-24 19:48:56,950 - INFO - Track Alignment Sensor is healthy
2026-03-24 19:48:56,950 - INFO - Engine Load Sensor is healthy
2026-03-24 19:49:01,951 - INFO - Temperature Sensor is healthy
2026-03-24 19:49:01,952 - INFO - Pressure Sensor is healthy
2026-03-24 19:49:01,953 - INFO - Vibration Sensor is healthy
2026-03-24 19:49:01,953 - ERROR - Fuel Flow Sensor FAILED - Fuel flow interrupted
2026-03-24 19:49:01,954 - INFO - Voltage Sensor is healthy
2026-03-24 19:49:01,954 - INFO - Speed Sensor is healthy
2026-03-24 19:49:01,955 - INFO - Brake Pressure Sensor is healthy
2026-03-24 19:49:01,955 - INFO - Humidity Sensor is healthy
2026-03-24 19:49:01,956 - INFO - Track Alignment Sensor is healthy
2026-03-24 19:49:01,956 - INFO - Engine Load Sensor is healthy
2026-03-24 19:49:06,957 - INFO - Temperature Sensor is healthy
2026-03-24 19:49:06,958 - INFO - Pressure Sensor is healthy
2026-03-24 19:49:06,959 - INFO - Vibration Sensor is healthy
2026-03-24 19:49:06,960 - ERROR - Fuel Flow Sensor FAILED - Fuel flow interrupted
2026-03-24 19:49:06,961 - INFO - Voltage Sensor is healthy
2026-03-24 19:49:06,962 - INFO - Speed Sensor is healthy
2026-03-24 19:49:06,962 - INFO - Brake Pressure Sensor is healthy
2026-03-24 19:49:06,963 - INFO - Humidity Sensor is healthy
2026-03-24 19:49:06,963 - INFO - Track Alignment Sensor is healthy
2026-03-24 19:49:06,964 - INFO - Engine Load Sensor is healthy
2026-03-24 19:49:11,965 - INFO - Temperature Sensor is healthy
2026-03-24 19:49:11,966 - INFO - Pressure Sensor is healthy
2026-03-24 19:49:11,967 - INFO - Vibration Sensor is healthy
2026-03-24 19:49:11,968 - ERROR - Fuel Flow Sensor FAILED - Fuel flow interrupted
2026-03-24 19:49:11,968 - INFO - Voltage Sensor is healthy
2026-03-24 19:49:11,969 - INFO - Speed Sensor is healthy
2026-03-24 19:49:11,970 - INFO - Brake Pressure Sensor is healthy
2026-03-24 19:49:11,971 - INFO - Humidity Sensor is healthy
2026-03-24 19:49:11,972 - INFO - Track Alignment Sensor is healthy
2026-03-24 19:49:11,972 - INFO - Engine Load Sensor is healthy
2026-03-24 19:49:16,974 - INFO - Temperature Sensor is healthy
2026-03-24 19:49:16,974 - INFO - Pressure Sensor is healthy
2026-03-24 19:49:16,975 - INFO - Vibration Sensor is healthy
2026-03-24 19:49:16,975 - ERROR - Fuel Flow Sensor FAILED - Fuel flow interrupted
2026-03-24 19:49:16,976 - INFO - Voltage Sensor is healthy
2026-03-24 19:49:16,976 - INFO - Speed Sensor is healthy
2026-03-24 19:49:16,977 - INFO - Brake Pressure Sensor is healthy
2026-03-24 19:49:16,977 - INFO - Humidity Sensor is healthy
2026-03-24 19:49:16,978 - INFO - Track Alignment Sensor is healthy
2026-03-24 19:49:16,978 - INFO - Engine Load Sensor is healthy
2026-03-24 20:00:25,940 - INFO - Temperature Sensor is healthy
2026-03-24 20:00:25,996 - INFO - Pressure Sensor is healthy
2026-03-24 20:00:26,015 - INFO - Vibration Sensor is healthy
2026-03-24 20:00:26,023 - ERROR - Fuel Flow Sensor FAILED - Fuel flow interrupted
2026-03-24 20:00:26,059 - INFO - Voltage Sensor is healthy
2026-03-24 20:00:26,179 - INFO - Speed Sensor is healthy
2026-03-24 20:00:26,185 - INFO - Brake Pressure Sensor is healthy
2026-03-24 20:00:26,188 - INFO - Humidity Sensor is healthy
2026-03-24 20:00:26,201 - INFO - Track Alignment Sensor is healthy
2026-03-24 20:00:26,212 - INFO - Engine Load Sensor is healthy
2026-03-24 20:00:31,224 - INFO - Temperature Sensor is healthy
2026-03-24 20:00:31,225 - INFO - Pressure Sensor is healthy
2026-03-24 20:00:31,226 - INFO - Vibration Sensor is healthy
2026-03-24 20:00:31,227 - ERROR - Fuel Flow Sensor FAILED - Fuel flow interrupted
2026-03-24 20:00:31,227 - INFO - Voltage Sensor is healthy
2026-03-24 20:00:31,227 - INFO - Speed Sensor is healthy
2026-03-24 20:00:31,228 - INFO - Brake Pressure Sensor is healthy
2026-03-24 20:00:31,228 - INFO - Humidity Sensor is healthy
2026-03-24 20:00:31,228 - INFO - Track Alignment Sensor is healthy
2026-03-24 20:00:31,228 - INFO - Engine Load Sensor is healthy
2026-03-24 20:00:36,230 - INFO - Temperature Sensor is healthy
2026-03-24 20:00:36,231 - INFO - Pressure Sensor is healthy
2026-03-24 20:00:36,231 - INFO - Vibration Sensor is healthy
2026-03-24 20:00:36,232 - ERROR - Fuel Flow Sensor FAILED - Fuel flow interrupted
2026-03-24 20:00:36,233 - INFO - Voltage Sensor is healthy
2026-03-24 20:00:36,234 - INFO - Speed Sensor is healthy
2026-03-24 20:00:36,235 - INFO - Brake Pressure Sensor is healthy
2026-03-24 20:00:36,236 - INFO - Humidity Sensor is healthy
2026-03-24 20:00:36,238 - INFO - Track Alignment Sensor is healthy
2026-03-24 20:00:36,239 - INFO - Engine Load Sensor is healthy
2026-03-24 20:00:41,240 - INFO - Temperature Sensor is healthy
2026-03-24 20:00:41,241 - INFO - Pressure Sensor is healthy
2026-03-24 20:00:41,242 - INFO - Vibration Sensor is healthy
2026-03-24 20:00:41,243 - ERROR - Fuel Flow Sensor FAILED - Fuel flow interrupted
2026-03-24 20:00:41,244 - INFO - Voltage Sensor is healthy
2026-03-24 20:00:41,245 - INFO - Speed Sensor is healthy
2026-03-24 20:00:41,246 - INFO - Brake Pressure Sensor is healthy
2026-03-24 20:00:41,246 - INFO - Humidity Sensor is healthy
2026-03-24 20:00:41,247 - INFO - Track Alignment Sensor is healthy
2026-03-24 20:00:41,248 - INFO - Engine Load Sensor is healthy
2026-03-24 20:00:46,250 - INFO - Temperature Sensor is healthy
2026-03-24 20:00:46,250 - INFO - Pressure Sensor is healthy
2026-03-24 20:00:46,251 - INFO - Vibration Sensor is healthy
2026-03-24 20:00:46,251 - ERROR - Fuel Flow Sensor FAILED - Fuel flow interrupted
2026-03-24 20:00:46,252 - INFO - Voltage Sensor is healthy
2026-03-24 20:00:46,252 - INFO - Speed Sensor is healthy
2026-03-24 20:00:46,252 - INFO - Brake Pressure Sensor is healthy
2026-03-24 20:00:46,253 - INFO - Humidity Sensor is healthy
2026-03-24 20:00:46,253 - INFO - Track Alignment Sensor is healthy
2026-03-24 20:00:46,253 - INFO - Engine Load Sensor is healthy
2026-03-24 20:00:51,256 - INFO - Temperature Sensor is healthy
2026-03-24 20:00:51,257 - INFO - Pressure Sensor is healthy
2026-03-24 20:00:51,257 - INFO - Vibration Sensor is healthy
2026-03-24 20:00:51,258 - ERROR - Fuel Flow Sensor FAILED - Fuel flow interrupted
2026-03-24 20:00:51,260 - INFO - Voltage Sensor is healthy
2026-03-24 20:00:51,260 - INFO - Speed Sensor is healthy
2026-03-24 20:00:51,261 - INFO - Brake Pressure Sensor is healthy
2026-03-24 20:00:51,261 - INFO - Humidity Sensor is healthy
2026-03-24 20:00:51,261 - INFO - Track Alignment Sensor is healthy
2026-03-24 20:00:51,262 - INFO - Engine Load Sensor is healthy
2026-03-24 20:00:56,266 - INFO - Temperature Sensor is healthy
2026-03-24 20:00:56,273 - INFO - Pressure Sensor is healthy
2026-03-24 20:00:56,275 - INFO - Vibration Sensor is healthy
2026-03-24 20:00:56,276 - ERROR - Fuel Flow Sensor FAILED - Fuel flow interrupted
2026-03-24 20:00:56,278 - INFO - Voltage Sensor is healthy
2026-03-24 20:00:56,282 - INFO - Speed Sensor is healthy
2026-03-24 20:00:56,283 - INFO - Brake Pressure Sensor is healthy
2026-03-24 20:00:56,284 - INFO - Humidity Sensor is healthy
2026-03-24 20:00:56,286 - INFO - Track Alignment Sensor is healthy
2026-03-24 20:00:56,289 - INFO - Engine Load Sensor is healthy
2026-03-24 20:01:01,290 - INFO - Temperature Sensor is healthy
2026-03-24 20:01:01,292 - INFO - Pressure Sensor is healthy
2026-03-24 20:01:01,292 - INFO - Vibration Sensor is healthy
2026-03-24 20:01:01,292 - ERROR - Fuel Flow Sensor FAILED - Fuel flow interrupted
2026-03-24 20:01:01,293 - INFO - Voltage Sensor is healthy
2026-03-24 20:01:01,293 - INFO - Speed Sensor is healthy
2026-03-24 20:01:01,294 - INFO - Brake Pressure Sensor is healthy
2026-03-24 20:01:01,294 - INFO - Humidity Sensor is healthy
2026-03-24 20:01:01,295 - INFO - Track Alignment Sensor is healthy
2026-03-24 20:01:01,295 - INFO - Engine Load Sensor is healthy
2026-03-24 20:01:06,297 - INFO - Temperature Sensor is healthy
2026-03-24 20:01:06,298 - INFO - Pressure Sensor is healthy
2026-03-24 20:01:06,299 - INFO - Vibration Sensor is healthy
2026-03-24 20:01:06,299 - ERROR - Fuel Flow Sensor FAILED - Fuel flow interrupted
2026-03-24 20:01:06,300 - INFO - Voltage Sensor is healthy
2026-03-24 20:01:06,300 - INFO - Speed Sensor is healthy
2026-03-24 20:01:06,300 - INFO - Brake Pressure Sensor is healthy
2026-03-24 20:01:06,301 - INFO - Humidity Sensor is healthy
2026-03-24 20:01:06,301 - INFO - Track Alignment Sensor is healthy
2026-03-24 20:01:06,301 - INFO - Engine Load Sensor is healthy
2026-03-24 20:01:11,302 - INFO - Temperature Sensor is healthy
2026-03-24 20:01:11,305 - INFO - Pressure Sensor is healthy
2026-03-24 20:01:11,305 - INFO - Vibration Sensor is healthy
2026-03-24 20:01:11,306 - ERROR - Fuel Flow Sensor FAILED - Fuel flow interrupted
2026-03-24 20:01:11,307 - INFO - Voltage Sensor is healthy
2026-03-24 20:01:11,309 - INFO - Speed Sensor is healthy
2026-03-24 20:01:11,319 - INFO - Brake Pressure Sensor is healthy
2026-03-24 20:01:11,320 - INFO - Humidity Sensor is healthy
2026-03-24 20:01:11,321 - INFO - Track Alignment Sensor is healthy
2026-03-24 20:01:11,321 - INFO - Engine Load Sensor is healthy
2026-03-24 20:01:16,323 - INFO - Temperature Sensor is healthy
2026-03-24 20:01:16,327 - INFO - Pressure Sensor is healthy
2026-03-24 20:01:16,328 - INFO - Vibration Sensor is healthy
2026-03-24 20:01:16,328 - ERROR - Fuel Flow Sensor FAILED - Fuel flow interrupted
2026-03-24 20:01:16,329 - INFO - Voltage Sensor is healthy
2026-03-24 20:01:16,329 - INFO - Speed Sensor is healthy
2026-03-24 20:01:16,330 - INFO - Brake Pressure Sensor is healthy
2026-03-24 20:01:16,330 - INFO - Humidity Sensor is healthy
2026-03-24 20:01:16,331 - INFO - Track Alignment Sensor is healthy
2026-03-24 20:01:16,331 - INFO - Engine Load Sensor is healthy
2026-03-24 20:01:21,332 - INFO - Temperature Sensor is healthy
2026-03-24 20:01:21,333 - INFO - Pressure Sensor is healthy
2026-03-24 20:01:21,334 - INFO - Vibration Sensor is healthy
2026-03-24 20:01:21,334 - ERROR - Fuel Flow Sensor FAILED - Fuel flow interrupted
2026-03-24 20:01:21,335 - INFO - Voltage Sensor is healthy
2026-03-24 20:01:21,335 - INFO - Speed Sensor is healthy
2026-03-24 20:01:21,336 - INFO - Brake Pressure Sensor is healthy
2026-03-24 20:01:21,336 - INFO - Humidity Sensor is healthy
2026-03-24 20:01:21,337 - INFO - Track Alignment Sensor is healthy
2026-03-24 20:01:21,338 - INFO - Engine Load Sensor is healthy
2026-03-24 20:01:26,339 - INFO - Temperature Sensor is healthy
2026-03-24 20:01:26,340 - INFO - Pressure Sensor is healthy
2026-03-24 20:01:26,340 - INFO - Vibration Sensor is healthy
2026-03-24 20:01:26,340 - ERROR - Fuel Flow Sensor FAILED - Fuel flow interrupted
2026-03-24 20:01:26,341 - INFO - Voltage Sensor is healthy
2026-03-24 20:01:26,341 - INFO - Speed Sensor is healthy
2026-03-24 20:01:26,341 - INFO - Brake Pressure Sensor is healthy
2026-03-24 20:01:26,341 - INFO - Humidity Sensor is healthy
2026-03-24 20:01:26,342 - INFO - Track Alignment Sensor is healthy
2026-03-24 20:01:26,342 - INFO - Engine Load Sensor is healthy
2026-03-24 20:01:31,343 - INFO - Temperature Sensor is healthy
2026-03-24 20:01:31,343 - INFO - Pressure Sensor is healthy
2026-03-24 20:01:31,344 - INFO - Vibration Sensor is healthy
2026-03-24 20:01:31,344 - ERROR - Fuel Flow Sensor FAILED - Fuel flow interrupted
2026-03-24 20:01:31,344 - INFO - Voltage Sensor is healthy
2026-03-24 20:01:31,345 - INFO - Speed Sensor is healthy
2026-03-24 20:01:31,345 - INFO - Brake Pressure Sensor is healthy
2026-03-24 20:01:31,345 - INFO - Humidity Sensor is healthy
2026-03-24 20:01:31,346 - INFO - Track Alignment Sensor is healthy
2026-03-24 20:01:31,346 - INFO - Engine Load Sensor is healthy
2026-03-24 20:01:36,347 - INFO - Temperature Sensor is healthy
2026-03-24 20:01:36,348 - INFO - Pressure Sensor is healthy
2026-03-24 20:01:36,349 - INFO - Vibration Sensor is healthy
2026-03-24 20:01:36,349 - ERROR - Fuel Flow Sensor FAILED - Fuel flow interrupted
2026-03-24 20:01:36,350 - INFO - Voltage Sensor is healthy
2026-03-24 20:01:36,350 - INFO - Speed Sensor is healthy
2026-03-24 20:01:36,351 - INFO - Brake Pressure Sensor is healthy
2026-03-24 20:01:36,352 - INFO - Humidity Sensor is healthy
2026-03-24 20:01:36,353 - INFO - Track Alignment Sensor is healthy
2026-03-24 20:01:36,353 - INFO - Engine Load Sensor is healthy
2026-03-24 20:01:41,354 - INFO - Temperature Sensor is healthy
2026-03-24 20:01:41,355 - INFO - Pressure Sensor is healthy
2026-03-24 20:01:41,356 - INFO - Vibration Sensor is healthy
2026-03-24 20:01:41,357 - ERROR - Fuel Flow Sensor FAILED - Fuel flow interrupted
2026-03-24 20:01:41,358 - INFO - Voltage Sensor is healthy
2026-03-24 20:01:41,359 - INFO - Speed Sensor is healthy
2026-03-24 20:01:41,360 - INFO - Brake Pressure Sensor is healthy
2026-03-24 20:01:41,360 - INFO - Humidity Sensor is healthy
2026-03-24 20:01:41,386 - INFO - Track Alignment Sensor is healthy
2026-03-24 20:01:41,387 - INFO - Engine Load Sensor is healthy
2026-03-24 20:01:46,389 - INFO - Temperature Sensor is healthy
2026-03-24 20:01:46,392 - INFO - Pressure Sensor is healthy
2026-03-24 20:01:46,396 - INFO - Vibration Sensor is healthy
2026-03-24 20:01:46,398 - ERROR - Fuel Flow Sensor FAILED - Fuel flow interrupted
2026-03-24 20:01:46,400 - INFO - Voltage Sensor is healthy
2026-03-24 20:01:46,401 - INFO - Speed Sensor is healthy
2026-03-24 20:01:46,402 - INFO - Brake Pressure Sensor is healthy
2026-03-24 20:01:46,403 - INFO - Humidity Sensor is healthy
2026-03-24 20:01:46,404 - INFO - Track Alignment Sensor is healthy
2026-03-24 20:01:46,405 - INFO - Engine Load Sensor is healthy
2026-03-24 20:01:51,405 - INFO - Temperature Sensor is healthy
2026-03-24 20:01:51,406 - INFO - Pressure Sensor is healthy
2026-03-24 20:01:51,407 - INFO - Vibration Sensor is healthy
2026-03-24 20:01:51,408 - ERROR - Fuel Flow Sensor FAILED - Fuel flow interrupted
2026-03-24 20:01:51,409 - INFO - Voltage Sensor is healthy
2026-03-24 20:01:51,409 - INFO - Speed Sensor is healthy
2026-03-24 20:01:51,410 - INFO - Brake Pressure Sensor is healthy
2026-03-24 20:01:51,410 - INFO - Humidity Sensor is healthy
2026-03-24 20:01:51,410 - INFO - Track Alignment Sensor is healthy
2026-03-24 20:01:51,411 - INFO - Engine Load Sensor is healthy
2026-03-24 20:01:56,411 - INFO - Temperature Sensor is healthy
2026-03-24 20:01:56,412 - INFO - Pressure Sensor is healthy
2026-03-24 20:01:56,413 - INFO - Vibration Sensor is healthy
2026-03-24 20:01:56,414 - ERROR - Fuel Flow Sensor FAILED - Fuel flow interrupted
2026-03-24 20:01:56,415 - INFO - Voltage Sensor is healthy
2026-03-24 20:01:56,416 - INFO - Speed Sensor is healthy
2026-03-24 20:01:56,417 - INFO - Brake Pressure Sensor is healthy
2026-03-24 20:01:56,419 - INFO - Humidity Sensor is healthy
2026-03-24 20:01:56,420 - INFO - Track Alignment Sensor is healthy
2026-03-24 20:01:56,421 - INFO - Engine Load Sensor is healthy
2026-03-24 20:02:01,423 - INFO - Temperature Sensor is healthy
2026-03-24 20:02:01,424 - INFO - Pressure Sensor is healthy
2026-03-24 20:02:01,425 - INFO - Vibration Sensor is healthy
2026-03-24 20:02:01,428 - ERROR - Fuel Flow Sensor FAILED - Fuel flow interrupted
2026-03-24 20:02:01,430 - INFO - Voltage Sensor is healthy
2026-03-24 20:02:01,431 - INFO - Speed Sensor is healthy
2026-03-24 20:02:01,432 - INFO - Brake Pressure Sensor is healthy
2026-03-24 20:02:01,432 - INFO - Humidity Sensor is healthy
2026-03-24 20:02:01,433 - INFO - Track Alignment Sensor is healthy
2026-03-24 20:02:01,433 - INFO - Engine Load Sensor is healthy
2026-03-24 20:02:06,435 - INFO - Temperature Sensor is healthy
2026-03-24 20:02:06,436 - INFO - Pressure Sensor is healthy
2026-03-24 20:02:06,436 - INFO - Vibration Sensor is healthy
2026-03-24 20:02:06,437 - ERROR - Fuel Flow Sensor FAILED - Fuel flow interrupted
2026-03-24 20:02:06,438 - INFO - Voltage Sensor is healthy
2026-03-24 20:02:06,438 - INFO - Speed Sensor is healthy
2026-03-24 20:02:06,439 - INFO - Brake Pressure Sensor is healthy
2026-03-24 20:02:06,440 - INFO - Humidity Sensor is healthy
2026-03-24 20:02:06,441 - INFO - Track Alignment Sensor is healthy
2026-03-24 20:02:06,442 - INFO - Engine Load Sensor is healthy
2026-03-24 20:02:11,443 - INFO - Temperature Sensor is healthy
2026-03-24 20:02:11,443 - INFO - Pressure Sensor is healthy
2026-03-24 20:02:11,444 - INFO - Vibration Sensor is healthy
2026-03-24 20:02:11,445 - ERROR - Fuel Flow Sensor FAILED - Fuel flow interrupted
2026-03-24 20:02:11,445 - INFO - Voltage Sensor is healthy
2026-03-24 20:02:11,446 - INFO - Speed Sensor is healthy
2026-03-24 20:02:11,447 - INFO - Brake Pressure Sensor is healthy
2026-03-24 20:02:11,447 - INFO - Humidity Sensor is healthy
2026-03-24 20:02:11,448 - INFO - Track Alignment Sensor is healthy
2026-03-24 20:02:11,451 - INFO - Engine Load Sensor is healthy
2026-03-24 20:02:16,453 - INFO - Temperature Sensor is healthy
2026-03-24 20:02:16,454 - INFO - Pressure Sensor is healthy
2026-03-24 20:02:16,454 - INFO - Vibration Sensor is healthy
2026-03-24 20:02:16,455 - ERROR - Fuel Flow Sensor FAILED - Fuel flow interrupted
2026-03-24 20:02:16,456 - INFO - Voltage Sensor is healthy
2026-03-24 20:02:16,456 - INFO - Speed Sensor is healthy
2026-03-24 20:02:16,456 - INFO - Brake Pressure Sensor is healthy
2026-03-24 20:02:16,457 - INFO - Humidity Sensor is healthy
2026-03-24 20:02:16,457 - INFO - Track Alignment Sensor is healthy
2026-03-24 20:02:16,457 - INFO - Engine Load Sensor is healthy
2026-03-24 20:02:21,458 - INFO - Temperature Sensor is healthy
2026-03-24 20:02:21,459 - INFO - Pressure Sensor is healthy
2026-03-24 20:02:21,461 - INFO - Vibration Sensor is healthy
2026-03-24 20:02:21,462 - ERROR - Fuel Flow Sensor FAILED - Fuel flow interrupted
2026-03-24 20:02:21,463 - INFO - Voltage Sensor is healthy
2026-03-24 20:02:21,464 - INFO - Speed Sensor is healthy
2026-03-24 20:02:21,464 - INFO - Brake Pressure Sensor is healthy
2026-03-24 20:02:21,465 - INFO - Humidity Sensor is healthy
2026-03-24 20:02:21,466 - INFO - Track Alignment Sensor is healthy
2026-03-24 20:02:21,467 - INFO - Engine Load Sensor is healthy
2026-03-24 20:02:26,470 - INFO - Temperature Sensor is healthy
2026-03-24 20:02:26,471 - INFO - Pressure Sensor is healthy
2026-03-24 20:02:26,472 - INFO - Vibration Sensor is healthy
2026-03-24 20:02:26,472 - ERROR - Fuel Flow Sensor FAILED - Fuel flow interrupted
2026-03-24 20:02:26,472 - INFO - Voltage Sensor is healthy
2026-03-24 20:02:26,473 - INFO - Speed Sensor is healthy
2026-03-24 20:02:26,473 - INFO - Brake Pressure Sensor is healthy
2026-03-24 20:02:26,474 - INFO - Humidity Sensor is healthy
2026-03-24 20:02:26,474 - INFO - Track Alignment Sensor is healthy
2026-03-24 20:02:26,474 - INFO - Engine Load Sensor is healthy
2026-03-24 20:02:31,476 - INFO - Temperature Sensor is healthy
2026-03-24 20:02:31,477 - INFO - Pressure Sensor is healthy
2026-03-24 20:02:31,477 - INFO - Vibration Sensor is healthy
2026-03-24 20:02:31,478 - ERROR - Fuel Flow Sensor FAILED - Fuel flow interrupted
2026-03-24 20:02:31,478 - INFO - Voltage Sensor is healthy
2026-03-24 20:02:31,478 - INFO - Speed Sensor is healthy
2026-03-24 20:02:31,479 - INFO - Brake Pressure Sensor is healthy
2026-03-24 20:02:31,479 - INFO - Humidity Sensor is healthy
2026-03-24 20:02:31,480 - INFO - Track Alignment Sensor is healthy
2026-03-24 20:02:31,480 - INFO - Engine Load Sensor is healthy
2026-03-24 20:02:36,484 - INFO - Temperature Sensor is healthy
2026-03-24 20:02:36,486 - INFO - Pressure Sensor is healthy
2026-03-24 20:02:36,487 - INFO - Vibration Sensor is healthy
2026-03-24 20:02:36,487 - ERROR - Fuel Flow Sensor FAILED - Fuel flow interrupted
2026-03-24 20:02:36,488 - INFO - Voltage Sensor is healthy
2026-03-24 20:02:36,489 - INFO - Speed Sensor is healthy
2026-03-24 20:02:36,489 - INFO - Brake Pressure Sensor is healthy
2026-03-24 20:02:36,490 - INFO - Humidity Sensor is healthy
2026-03-24 20:02:36,491 - INFO - Track Alignment Sensor is healthy
2026-03-24 20:02:36,492 - INFO - Engine Load Sensor is healthy
2026-03-24 20:02:41,494 - INFO - Temperature Sensor is healthy
2026-03-24 20:02:41,495 - INFO - Pressure Sensor is healthy
2026-03-24 20:02:41,495 - INFO - Vibration Sensor is healthy
2026-03-24 20:02:41,496 - ERROR - Fuel Flow Sensor FAILED - Fuel flow interrupted
2026-03-24 20:02:41,496 - INFO - Voltage Sensor is healthy
2026-03-24 20:02:41,497 - INFO - Speed Sensor is healthy
2026-03-24 20:02:41,497 - INFO - Brake Pressure Sensor is healthy
2026-03-24 20:02:41,497 - INFO - Humidity Sensor is healthy
2026-03-24 20:02:41,497 - INFO - Track Alignment Sensor is healthy
2026-03-24 20:02:41,498 - INFO - Engine Load Sensor is healthy
2026-03-24 20:02:46,498 - INFO - Temperature Sensor is healthy
2026-03-24 20:02:46,499 - INFO - Pressure Sensor is healthy
2026-03-24 20:02:46,499 - INFO - Vibration Sensor is healthy
2026-03-24 20:02:46,500 - ERROR - Fuel Flow Sensor FAILED - Fuel flow interrupted
2026-03-24 20:02:46,500 - INFO - Voltage Sensor is healthy
2026-03-24 20:02:46,500 - INFO - Speed Sensor is healthy
2026-03-24 20:02:46,501 - INFO - Brake Pressure Sensor is healthy
2026-03-24 20:02:46,501 - INFO - Humidity Sensor is healthy
2026-03-24 20:02:46,502 - INFO - Track Alignment Sensor is healthy
2026-03-24 20:02:46,502 - INFO - Engine Load Sensor is healthy
2026-03-24 20:02:51,503 - INFO - Temperature Sensor is healthy
2026-03-24 20:02:51,504 - INFO - Pressure Sensor is healthy
2026-03-24 20:02:51,505 - INFO - Vibration Sensor is healthy
2026-03-24 20:02:51,505 - ERROR - Fuel Flow Sensor FAILED - Fuel flow interrupted
2026-03-24 20:02:51,505 - INFO - Voltage Sensor is healthy
2026-03-24 20:02:51,507 - INFO - Speed Sensor is healthy
2026-03-24 20:02:51,507 - INFO - Brake Pressure Sensor is healthy
2026-03-24 20:02:51,508 - INFO - Humidity Sensor is healthy
2026-03-24 20:02:51,508 - INFO - Track Alignment Sensor is healthy
2026-03-24 20:02:51,509 - INFO - Engine Load Sensor is healthy
2026-03-24 20:02:56,510 - INFO - Temperature Sensor is healthy
2026-03-24 20:02:56,511 - INFO - Pressure Sensor is healthy
2026-03-24 20:02:56,512 - INFO - Vibration Sensor is healthy
2026-03-24 20:02:56,512 - ERROR - Fuel Flow Sensor FAILED - Fuel flow interrupted
2026-03-24 20:02:56,513 - INFO - Voltage Sensor is healthy
2026-03-24 20:02:56,513 - INFO - Speed Sensor is healthy
2026-03-24 20:02:56,514 - INFO - Brake Pressure Sensor is healthy
2026-03-24 20:02:56,514 - INFO - Humidity Sensor is healthy
2026-03-24 20:02:56,515 - INFO - Track Alignment Sensor is healthy
2026-03-24 20:02:56,516 - INFO - Engine Load Sensor is healthy
2026-03-24 20:03:01,517 - INFO - Temperature Sensor is healthy
2026-03-24 20:03:01,518 - INFO - Pressure Sensor is healthy
2026-03-24 20:03:01,518 - INFO - Vibration Sensor is healthy
2026-03-24 20:03:01,518 - ERROR - Fuel Flow Sensor FAILED - Fuel flow interrupted
2026-03-24 20:03:01,519 - INFO - Voltage Sensor is healthy
2026-03-24 20:03:01,519 - INFO - Speed Sensor is healthy
2026-03-24 20:03:01,520 - INFO - Brake Pressure Sensor is healthy
2026-03-24 20:03:01,520 - INFO - Humidity Sensor is healthy
2026-03-24 20:03:01,520 - INFO - Track Alignment Sensor is healthy
2026-03-24 20:03:01,521 - INFO - Engine Load Sensor is healthy
2026-03-24 20:03:06,522 - INFO - Temperature Sensor is healthy
2026-03-24 20:03:06,523 - INFO - Pressure Sensor is healthy
2026-03-24 20:03:06,524 - INFO - Vibration Sensor is healthy
2026-03-24 20:03:06,524 - ERROR - Fuel Flow Sensor FAILED - Fuel flow interrupted
2026-03-24 20:03:06,525 - INFO - Voltage Sensor is healthy
2026-03-24 20:03:06,525 - INFO - Speed Sensor is healthy
2026-03-24 20:03:06,525 - INFO - Brake Pressure Sensor is healthy
2026-03-24 20:03:06,526 - INFO - Humidity Sensor is healthy
2026-03-24 20:03:06,526 - INFO - Track Alignment Sensor is healthy
2026-03-24 20:03:06,526 - INFO - Engine Load Sensor is healthy
2026-03-24 20:03:11,527 - INFO - Temperature Sensor is healthy
2026-03-24 20:03:11,528 - INFO - Pressure Sensor is healthy
2026-03-24 20:03:11,528 - INFO - Vibration Sensor is healthy
2026-03-24 20:03:11,529 - ERROR - Fuel Flow Sensor FAILED - Fuel flow interrupted
2026-03-24 20:03:11,529 - INFO - Voltage Sensor is healthy
2026-03-24 20:03:11,530 - INFO - Speed Sensor is healthy
2026-03-24 20:03:11,530 - INFO - Brake Pressure Sensor is healthy
2026-03-24 20:03:11,531 - INFO - Humidity Sensor is healthy
2026-03-24 20:03:11,531 - INFO - Track Alignment Sensor is healthy
2026-03-24 20:03:11,531 - INFO - Engine Load Sensor is healthy
2026-03-24 20:03:16,533 - INFO - Temperature Sensor is healthy
2026-03-24 20:03:16,534 - INFO - Pressure Sensor is healthy
2026-03-24 20:03:16,534 - INFO - Vibration Sensor is healthy
2026-03-24 20:03:16,535 - ERROR - Fuel Flow Sensor FAILED - Fuel flow interrupted
2026-03-24 20:03:16,535 - INFO - Voltage Sensor is healthy
2026-03-24 20:03:16,536 - INFO - Speed Sensor is healthy
2026-03-24 20:03:16,536 - INFO - Brake Pressure Sensor is healthy
2026-03-24 20:03:16,536 - INFO - Humidity Sensor is healthy
2026-03-24 20:03:16,537 - INFO - Track Alignment Sensor is healthy
2026-03-24 20:03:16,537 - INFO - Engine Load Sensor is healthy
2026-03-24 20:03:21,538 - INFO - Temperature Sensor is healthy
2026-03-24 20:03:21,539 - INFO - Pressure Sensor is healthy
2026-03-24 20:03:21,539 - INFO - Vibration Sensor is healthy
2026-03-24 20:03:21,540 - ERROR - Fuel Flow Sensor FAILED - Fuel flow interrupted
2026-03-24 20:03:21,540 - INFO - Voltage Sensor is healthy
2026-03-24 20:03:21,540 - INFO - Speed Sensor is healthy
2026-03-24 20:03:21,541 - INFO - Brake Pressure Sensor is healthy
2026-03-24 20:03:21,541 - INFO - Humidity Sensor is healthy
2026-03-24 20:03:21,542 - INFO - Track Alignment Sensor is healthy
2026-03-24 20:03:21,542 - INFO - Engine Load Sensor is healthy
2026-03-24 20:03:26,543 - INFO - Temperature Sensor is healthy
2026-03-24 20:03:26,544 - INFO - Pressure Sensor is healthy
2026-03-24 20:03:26,545 - INFO - Vibration Sensor is healthy
2026-03-24 20:03:26,545 - ERROR - Fuel Flow Sensor FAILED - Fuel flow interrupted
2026-03-24 20:03:26,545 - INFO - Voltage Sensor is healthy
2026-03-24 20:03:26,545 - INFO - Speed Sensor is healthy
2026-03-24 20:03:26,546 - INFO - Brake Pressure Sensor is healthy
2026-03-24 20:03:26,546 - INFO - Humidity Sensor is healthy
2026-03-24 20:03:26,547 - INFO - Track Alignment Sensor is healthy
2026-03-24 20:03:26,547 - INFO - Engine Load Sensor is healthy
2026-03-24 20:03:31,549 - INFO - Temperature Sensor is healthy
2026-03-24 20:03:31,550 - INFO - Pressure Sensor is healthy
2026-03-24 20:03:31,550 - INFO - Vibration Sensor is healthy
2026-03-24 20:03:31,551 - ERROR - Fuel Flow Sensor FAILED - Fuel flow interrupted
2026-03-24 20:03:31,551 - INFO - Voltage Sensor is healthy
2026-03-24 20:03:31,551 - INFO - Speed Sensor is healthy
2026-03-24 20:03:31,552 - INFO - Brake Pressure Sensor is healthy
2026-03-24 20:03:31,552 - INFO - Humidity Sensor is healthy
2026-03-24 20:03:31,552 - INFO - Track Alignment Sensor is healthy
2026-03-24 20:03:31,553 - INFO - Engine Load Sensor is healthy
2026-03-24 20:03:36,553 - INFO - Temperature Sensor is healthy
2026-03-24 20:03:36,554 - INFO - Pressure Sensor is healthy
2026-03-24 20:03:36,555 - INFO - Vibration Sensor is healthy
2026-03-24 20:03:36,556 - ERROR - Fuel Flow Sensor FAILED - Fuel flow interrupted
2026-03-24 20:03:36,556 - INFO - Voltage Sensor is healthy
2026-03-24 20:03:36,557 - INFO - Speed Sensor is healthy
2026-03-24 20:03:36,557 - INFO - Brake Pressure Sensor is healthy
2026-03-24 20:03:36,558 - INFO - Humidity Sensor is healthy
2026-03-24 20:03:36,558 - INFO - Track Alignment Sensor is healthy
2026-03-24 20:03:36,559 - INFO - Engine Load Sensor is healthy
2026-03-24 20:03:41,560 - INFO - Temperature Sensor is healthy
2026-03-24 20:03:41,561 - INFO - Pressure Sensor is healthy
2026-03-24 20:03:41,562 - INFO - Vibration Sensor is healthy
2026-03-24 20:03:41,562 - ERROR - Fuel Flow Sensor FAILED - Fuel flow interrupted
2026-03-24 20:03:41,563 - INFO - Voltage Sensor is healthy
2026-03-24 20:03:41,563 - INFO - Speed Sensor is healthy
2026-03-24 20:03:41,564 - INFO - Brake Pressure Sensor is healthy
2026-03-24 20:03:41,564 - INFO - Humidity Sensor is healthy
2026-03-24 20:03:41,564 - INFO - Track Alignment Sensor is healthy
2026-03-24 20:03:41,565 - INFO - Engine Load Sensor is healthy
2026-03-24 20:03:46,567 - INFO - Temperature Sensor is healthy
2026-03-24 20:03:46,570 - INFO - Pressure Sensor is healthy
2026-03-24 20:03:46,570 - INFO - Vibration Sensor is healthy
2026-03-24 20:03:46,571 - ERROR - Fuel Flow Sensor FAILED - Fuel flow interrupted
2026-03-24 20:03:46,572 - INFO - Voltage Sensor is healthy
2026-03-24 20:03:46,573 - INFO - Speed Sensor is healthy
2026-03-24 20:03:46,574 - INFO - Brake Pressure Sensor is healthy
2026-03-24 20:03:46,575 - INFO - Humidity Sensor is healthy
2026-03-24 20:03:46,576 - INFO - Track Alignment Sensor is healthy
2026-03-24 20:03:46,577 - INFO - Engine Load Sensor is healthy
2026-03-24 20:03:51,578 - INFO - Temperature Sensor is healthy
2026-03-24 20:03:51,578 - INFO - Pressure Sensor is healthy
2026-03-24 20:03:51,579 - INFO - Vibration Sensor is healthy
2026-03-24 20:03:51,580 - ERROR - Fuel Flow Sensor FAILED - Fuel flow interrupted
2026-03-24 20:03:51,580 - INFO - Voltage Sensor is healthy
2026-03-24 20:03:51,581 - INFO - Speed Sensor is healthy
2026-03-24 20:03:51,581 - INFO - Brake Pressure Sensor is healthy
2026-03-24 20:03:51,581 - INFO - Humidity Sensor is healthy
2026-03-24 20:03:51,582 - INFO - Track Alignment Sensor is healthy
2026-03-24 20:03:51,583 - INFO - Engine Load Sensor is healthy
2026-03-24 20:03:56,584 - INFO - Temperature Sensor is healthy
2026-03-24 20:03:56,586 - INFO - Pressure Sensor is healthy
2026-03-24 20:03:56,586 - INFO - Vibration Sensor is healthy
2026-03-24 20:03:56,587 - ERROR - Fuel Flow Sensor FAILED - Fuel flow interrupted
2026-03-24 20:03:56,588 - INFO - Voltage Sensor is healthy
2026-03-24 20:03:56,589 - INFO - Speed Sensor is healthy
2026-03-24 20:03:56,589 - INFO - Brake Pressure Sensor is healthy
2026-03-24 20:03:56,590 - INFO - Humidity Sensor is healthy
2026-03-24 20:03:56,590 - INFO - Track Alignment Sensor is healthy
2026-03-24 20:03:56,591 - INFO - Engine Load Sensor is healthy
2026-03-24 20:04:01,593 - INFO - Temperature Sensor is healthy
2026-03-24 20:04:01,594 - INFO - Pressure Sensor is healthy
2026-03-24 20:04:01,594 - INFO - Vibration Sensor is healthy
2026-03-24 20:04:01,595 - ERROR - Fuel Flow Sensor FAILED - Fuel flow interrupted
2026-03-24 20:04:01,595 - INFO - Voltage Sensor is healthy
2026-03-24 20:04:01,596 - INFO - Speed Sensor is healthy
2026-03-24 20:04:01,596 - INFO - Brake Pressure Sensor is healthy
2026-03-24 20:04:01,597 - INFO - Humidity Sensor is healthy
2026-03-24 20:04:01,598 - INFO - Track Alignment Sensor is healthy
2026-03-24 20:04:01,598 - INFO - Engine Load Sensor is healthy
2026-03-24 20:04:06,599 - INFO - Temperature Sensor is healthy
2026-03-24 20:04:06,600 - INFO - Pressure Sensor is healthy
2026-03-24 20:04:06,601 - INFO - Vibration Sensor is healthy
2026-03-24 20:04:06,601 - ERROR - Fuel Flow Sensor FAILED - Fuel flow interrupted
2026-03-24 20:04:06,601 - INFO - Voltage Sensor is healthy
2026-03-24 20:04:06,602 - INFO - Speed Sensor is healthy
2026-03-24 20:04:06,602 - INFO - Brake Pressure Sensor is healthy
2026-03-24 20:04:06,603 - INFO - Humidity Sensor is healthy
2026-03-24 20:04:06,603 - INFO - Track Alignment Sensor is healthy
2026-03-24 20:04:06,603 - INFO - Engine Load Sensor is healthy
2026-03-24 20:04:11,604 - INFO - Temperature Sensor is healthy
2026-03-24 20:04:11,605 - INFO - Pressure Sensor is healthy
2026-03-24 20:04:11,606 - INFO - Vibration Sensor is healthy
2026-03-24 20:04:11,606 - ERROR - Fuel Flow Sensor FAILED - Fuel flow interrupted
2026-03-24 20:04:11,607 - INFO - Voltage Sensor is healthy
2026-03-24 20:04:11,607 - INFO - Speed Sensor is healthy
2026-03-24 20:04:11,608 - INFO - Brake Pressure Sensor is healthy
2026-03-24 20:04:11,608 - INFO - Humidity Sensor is healthy
2026-03-24 20:04:11,608 - INFO - Track Alignment Sensor is healthy
2026-03-24 20:04:11,609 - INFO - Engine Load Sensor is healthy
2026-03-24 20:04:16,610 - INFO - Temperature Sensor is healthy
2026-03-24 20:04:16,611 - INFO - Pressure Sensor is healthy
2026-03-24 20:04:16,611 - INFO - Vibration Sensor is healthy
2026-03-24 20:04:16,611 - ERROR - Fuel Flow Sensor FAILED - Fuel flow interrupted
2026-03-24 20:04:16,612 - INFO - Voltage Sensor is healthy
2026-03-24 20:04:16,612 - INFO - Speed Sensor is healthy
2026-03-24 20:04:16,612 - INFO - Brake Pressure Sensor is healthy
2026-03-24 20:04:16,613 - INFO - Humidity Sensor is healthy
2026-03-24 20:04:16,614 - INFO - Track Alignment Sensor is healthy
2026-03-24 20:04:16,615 - INFO - Engine Load Sensor is healthy
2026-03-24 20:04:21,616 - INFO - Temperature Sensor is healthy
2026-03-24 20:04:21,619 - INFO - Pressure Sensor is healthy
2026-03-24 20:04:21,620 - INFO - Vibration Sensor is healthy
2026-03-24 20:04:21,620 - ERROR - Fuel Flow Sensor FAILED - Fuel flow interrupted
2026-03-24 20:04:21,621 - INFO - Voltage Sensor is healthy
2026-03-24 20:04:21,621 - INFO - Speed Sensor is healthy
2026-03-24 20:04:21,621 - INFO - Brake Pressure Sensor is healthy
2026-03-24 20:04:21,621 - INFO - Humidity Sensor is healthy
2026-03-24 20:04:21,622 - INFO - Track Alignment Sensor is healthy
2026-03-24 20:04:21,622 - INFO - Engine Load Sensor is healthy
2026-03-24 20:04:26,623 - INFO - Temperature Sensor is healthy
2026-03-24 20:04:26,624 - INFO - Pressure Sensor is healthy
2026-03-24 20:04:26,625 - INFO - Vibration Sensor is healthy
2026-03-24 20:04:26,625 - ERROR - Fuel Flow Sensor FAILED - Fuel flow interrupted
2026-03-24 20:04:26,626 - INFO - Voltage Sensor is healthy
2026-03-24 20:04:26,626 - INFO - Speed Sensor is healthy
2026-03-24 20:04:26,627 - INFO - Brake Pressure Sensor is healthy
2026-03-24 20:04:26,627 - INFO - Humidity Sensor is healthy
2026-03-24 20:04:26,628 - INFO - Track Alignment Sensor is healthy
2026-03-24 20:04:26,628 - INFO - Engine Load Sensor is healthy
2026-03-24 20:04:31,629 - INFO - Temperature Sensor is healthy
2026-03-24 20:04:31,630 - INFO - Pressure Sensor is healthy
2026-03-24 20:04:31,631 - INFO - Vibration Sensor is healthy
2026-03-24 20:04:31,631 - ERROR - Fuel Flow Sensor FAILED - Fuel flow interrupted
2026-03-24 20:04:31,632 - INFO - Voltage Sensor is healthy
2026-03-24 20:04:31,632 - INFO - Speed Sensor is healthy
2026-03-24 20:04:31,633 - INFO - Brake Pressure Sensor is healthy
2026-03-24 20:04:31,634 - INFO - Humidity Sensor is healthy
2026-03-24 20:04:31,634 - INFO - Track Alignment Sensor is healthy
2026-03-24 20:04:31,634 - INFO - Engine Load Sensor is healthy
2026-03-24 20:04:36,635 - INFO - Temperature Sensor is healthy
2026-03-24 20:04:36,636 - INFO - Pressure Sensor is healthy
2026-03-24 20:04:36,637 - INFO - Vibration Sensor is healthy
2026-03-24 20:04:36,637 - ERROR - Fuel Flow Sensor FAILED - Fuel flow interrupted
2026-03-24 20:04:36,638 - INFO - Voltage Sensor is healthy
2026-03-24 20:04:36,638 - INFO - Speed Sensor is healthy
2026-03-24 20:04:36,638 - INFO - Brake Pressure Sensor is healthy
2026-03-24 20:04:36,639 - INFO - Humidity Sensor is healthy
2026-03-24 20:04:36,639 - INFO - Track Alignment Sensor is healthy
2026-03-24 20:04:36,640 - INFO - Engine Load Sensor is healthy
2026-03-24 20:04:41,641 - INFO - Temperature Sensor is healthy
2026-03-24 20:04:41,642 - INFO - Pressure Sensor is healthy
2026-03-24 20:04:41,642 - INFO - Vibration Sensor is healthy
2026-03-24 20:04:41,643 - ERROR - Fuel Flow Sensor FAILED - Fuel flow interrupted
2026-03-24 20:04:41,643 - INFO - Voltage Sensor is healthy
2026-03-24 20:04:41,644 - INFO - Speed Sensor is healthy
2026-03-24 20:04:41,644 - INFO - Brake Pressure Sensor is healthy
2026-03-24 20:04:41,645 - INFO - Humidity Sensor is healthy
2026-03-24 20:04:41,645 - INFO - Track Alignment Sensor is healthy
2026-03-24 20:04:41,646 - INFO - Engine Load Sensor is healthy
2026-03-24 20:04:46,647 - INFO - Temperature Sensor is healthy
2026-03-24 20:04:46,648 - INFO - Pressure Sensor is healthy
2026-03-24 20:04:46,648 - INFO - Vibration Sensor is healthy
2026-03-24 20:04:46,649 - ERROR - Fuel Flow Sensor FAILED - Fuel flow interrupted
2026-03-24 20:04:46,649 - INFO - Voltage Sensor is healthy
2026-03-24 20:04:46,650 - INFO - Speed Sensor is healthy
2026-03-24 20:04:46,650 - INFO - Brake Pressure Sensor is healthy
2026-03-24 20:04:46,650 - INFO - Humidity Sensor is healthy
2026-03-24 20:04:46,651 - INFO - Track Alignment Sensor is healthy
2026-03-24 20:04:46,651 - INFO - Engine Load Sensor is healthy
2026-03-24 20:04:51,652 - INFO - Temperature Sensor is healthy
2026-03-24 20:04:51,653 - INFO - Pressure Sensor is healthy
2026-03-24 20:04:51,653 - INFO - Vibration Sensor is healthy
2026-03-24 20:04:51,654 - ERROR - Fuel Flow Sensor FAILED - Fuel flow interrupted
2026-03-24 20:04:51,655 - INFO - Voltage Sensor is healthy
2026-03-24 20:04:51,655 - INFO - Speed Sensor is healthy
2026-03-24 20:04:51,656 - INFO - Brake Pressure Sensor is healthy
2026-03-24 20:04:51,656 - INFO - Humidity Sensor is healthy
2026-03-24 20:04:51,657 - INFO - Track Alignment Sensor is healthy
2026-03-24 20:04:51,658 - INFO - Engine Load Sensor is healthy
2026-03-24 20:04:56,659 - INFO - Temperature Sensor is healthy
2026-03-24 20:04:56,660 - INFO - Pressure Sensor is healthy
2026-03-24 20:04:56,660 - INFO - Vibration Sensor is healthy
2026-03-24 20:04:56,661 - ERROR - Fuel Flow Sensor FAILED - Fuel flow interrupted
2026-03-24 20:04:56,661 - INFO - Voltage Sensor is healthy
2026-03-24 20:04:56,662 - INFO - Speed Sensor is healthy
2026-03-24 20:04:56,662 - INFO - Brake Pressure Sensor is healthy
2026-03-24 20:04:56,663 - INFO - Humidity Sensor is healthy
2026-03-24 20:04:56,663 - INFO - Track Alignment Sensor is healthy
2026-03-24 20:04:56,664 - INFO - Engine Load Sensor is healthy
2026-03-24 20:05:01,665 - INFO - Temperature Sensor is healthy
2026-03-24 20:05:01,666 - INFO - Pressure Sensor is healthy
2026-03-24 20:05:01,667 - INFO - Vibration Sensor is healthy
2026-03-24 20:05:01,667 - ERROR - Fuel Flow Sensor FAILED - Fuel flow interrupted
2026-03-24 20:05:01,668 - INFO - Voltage Sensor is healthy
2026-03-24 20:05:01,668 - INFO - Speed Sensor is healthy
2026-03-24 20:05:01,669 - INFO - Brake Pressure Sensor is healthy
2026-03-24 20:05:01,669 - INFO - Humidity Sensor is healthy
2026-03-24 20:05:01,670 - INFO - Track Alignment Sensor is healthy
2026-03-24 20:05:01,670 - INFO - Engine Load Sensor is healthy
2026-03-24 20:05:06,672 - INFO - Temperature Sensor is healthy
2026-03-24 20:05:06,673 - INFO - Pressure Sensor is healthy
2026-03-24 20:05:06,673 - INFO - Vibration Sensor is healthy
2026-03-24 20:05:06,674 - ERROR - Fuel Flow Sensor FAILED - Fuel flow interrupted
2026-03-24 20:05:06,674 - INFO - Voltage Sensor is healthy
2026-03-24 20:05:06,675 - INFO - Speed Sensor is healthy
2026-03-24 20:05:06,675 - INFO - Brake Pressure Sensor is healthy
2026-03-24 20:05:06,675 - INFO - Humidity Sensor is healthy
2026-03-24 20:05:06,676 - INFO - Track Alignment Sensor is healthy
2026-03-24 20:05:06,676 - INFO - Engine Load Sensor is healthy
2026-03-24 20:05:11,678 - INFO - Temperature Sensor is healthy
2026-03-24 20:05:11,678 - INFO - Pressure Sensor is healthy
2026-03-24 20:05:11,679 - INFO - Vibration Sensor is healthy
2026-03-24 20:05:11,679 - ERROR - Fuel Flow Sensor FAILED - Fuel flow interrupted
2026-03-24 20:05:11,680 - INFO - Voltage Sensor is healthy
2026-03-24 20:05:11,680 - INFO - Speed Sensor is healthy
2026-03-24 20:05:11,680 - INFO - Brake Pressure Sensor is healthy
2026-03-24 20:05:11,681 - INFO - Humidity Sensor is healthy
2026-03-24 20:05:11,681 - INFO - Track Alignment Sensor is healthy
2026-03-24 20:05:11,681 - INFO - Engine Load Sensor is healthy
2026-03-24 20:05:16,682 - INFO - Temperature Sensor is healthy
2026-03-24 20:05:16,683 - INFO - Pressure Sensor is healthy
2026-03-24 20:05:16,683 - INFO - Vibration Sensor is healthy
2026-03-24 20:05:16,684 - ERROR - Fuel Flow Sensor FAILED - Fuel flow interrupted
2026-03-24 20:05:16,684 - INFO - Voltage Sensor is healthy
2026-03-24 20:05:16,685 - INFO - Speed Sensor is healthy
2026-03-24 20:05:16,685 - INFO - Brake Pressure Sensor is healthy
2026-03-24 20:05:16,686 - INFO - Humidity Sensor is healthy
2026-03-24 20:05:16,686 - INFO - Track Alignment Sensor is healthy
2026-03-24 20:05:16,686 - INFO - Engine Load Sensor is healthy
2026-03-24 20:05:21,687 - INFO - Temperature Sensor is healthy
2026-03-24 20:05:21,688 - INFO - Pressure Sensor is healthy
2026-03-24 20:05:21,688 - INFO - Vibration Sensor is healthy
2026-03-24 20:05:21,688 - ERROR - Fuel Flow Sensor FAILED - Fuel flow interrupted
2026-03-24 20:05:21,689 - INFO - Voltage Sensor is healthy
2026-03-24 20:05:21,689 - INFO - Speed Sensor is healthy
2026-03-24 20:05:21,690 - INFO - Brake Pressure Sensor is healthy
2026-03-24 20:05:21,690 - INFO - Humidity Sensor is healthy
2026-03-24 20:05:21,691 - INFO - Track Alignment Sensor is healthy
2026-03-24 20:05:21,691 - INFO - Engine Load Sensor is healthy
2026-03-24 20:05:26,692 - INFO - Temperature Sensor is healthy
2026-03-24 20:05:26,694 - INFO - Pressure Sensor is healthy
2026-03-24 20:05:26,694 - INFO - Vibration Sensor is healthy
2026-03-24 20:05:26,695 - ERROR - Fuel Flow Sensor FAILED - Fuel flow interrupted
2026-03-24 20:05:26,696 - INFO - Voltage Sensor is healthy
2026-03-24 20:05:26,696 - INFO - Speed Sensor is healthy
2026-03-24 20:05:26,697 - INFO - Brake Pressure Sensor is healthy
2026-03-24 20:05:26,698 - INFO - Humidity Sensor is healthy
2026-03-24 20:05:26,699 - INFO - Track Alignment Sensor is healthy
2026-03-24 20:05:26,701 - INFO - Engine Load Sensor is healthy
2026-03-24 20:05:31,702 - INFO - Temperature Sensor is healthy
2026-03-24 20:05:31,703 - INFO - Pressure Sensor is healthy
2026-03-24 20:05:31,704 - INFO - Vibration Sensor is healthy
2026-03-24 20:05:31,705 - ERROR - Fuel Flow Sensor FAILED - Fuel flow interrupted
2026-03-24 20:05:31,705 - INFO - Voltage Sensor is healthy
2026-03-24 20:05:31,706 - INFO - Speed Sensor is healthy
2026-03-24 20:05:31,707 - INFO - Brake Pressure Sensor is healthy
2026-03-24 20:05:31,707 - INFO - Humidity Sensor is healthy
2026-03-24 20:05:31,707 - INFO - Track Alignment Sensor is healthy
2026-03-24 20:05:31,708 - INFO - Engine Load Sensor is healthy
2026-03-24 20:05:36,710 - INFO - Temperature Sensor is healthy
2026-03-24 20:05:36,711 - INFO - Pressure Sensor is healthy
2026-03-24 20:05:36,711 - INFO - Vibration Sensor is healthy
2026-03-24 20:05:36,712 - ERROR - Fuel Flow Sensor FAILED - Fuel flow interrupted
2026-03-24 20:05:36,713 - INFO - Voltage Sensor is healthy
2026-03-24 20:05:36,713 - INFO - Speed Sensor is healthy
2026-03-24 20:05:36,714 - INFO - Brake Pressure Sensor is healthy
2026-03-24 20:05:36,715 - INFO - Humidity Sensor is healthy
2026-03-24 20:05:36,716 - INFO - Track Alignment Sensor is healthy
2026-03-24 20:05:36,716 - INFO - Engine Load Sensor is healthy
2026-03-24 20:05:41,717 - INFO - Temperature Sensor is healthy
2026-03-24 20:05:41,718 - INFO - Pressure Sensor is healthy
2026-03-24 20:05:41,719 - INFO - Vibration Sensor is healthy
2026-03-24 20:05:41,719 - ERROR - Fuel Flow Sensor FAILED - Fuel flow interrupted
2026-03-24 20:05:41,720 - INFO - Voltage Sensor is healthy
2026-03-24 20:05:41,721 - INFO - Speed Sensor is healthy
2026-03-24 20:05:41,721 - INFO - Brake Pressure Sensor is healthy
2026-03-24 20:05:41,722 - INFO - Humidity Sensor is healthy
2026-03-24 20:05:41,723 - INFO - Track Alignment Sensor is healthy
2026-03-24 20:05:41,723 - INFO - Engine Load Sensor is healthy
2026-03-24 20:05:46,725 - INFO - Temperature Sensor is healthy
2026-03-24 20:05:46,725 - INFO - Pressure Sensor is healthy
2026-03-24 20:05:46,726 - INFO - Vibration Sensor is healthy
2026-03-24 20:05:46,727 - ERROR - Fuel Flow Sensor FAILED - Fuel flow interrupted
2026-03-24 20:05:46,727 - INFO - Voltage Sensor is healthy
2026-03-24 20:05:46,728 - INFO - Speed Sensor is healthy
2026-03-24 20:05:46,728 - INFO - Brake Pressure Sensor is healthy
2026-03-24 20:05:46,728 - INFO - Humidity Sensor is healthy
2026-03-24 20:05:46,729 - INFO - Track Alignment Sensor is healthy
2026-03-24 20:05:46,729 - INFO - Engine Load Sensor is healthy
2026-03-24 20:05:51,730 - INFO - Temperature Sensor is healthy
2026-03-24 20:05:51,732 - INFO - Pressure Sensor is healthy
2026-03-24 20:05:51,733 - INFO - Vibration Sensor is healthy
2026-03-24 20:05:51,734 - ERROR - Fuel Flow Sensor FAILED - Fuel flow interrupted
2026-03-24 20:05:51,735 - INFO - Voltage Sensor is healthy
2026-03-24 20:05:51,736 - INFO - Speed Sensor is healthy
2026-03-24 20:05:51,737 - INFO - Brake Pressure Sensor is healthy
2026-03-24 20:05:51,738 - INFO - Humidity Sensor is healthy
2026-03-24 20:05:51,739 - INFO - Track Alignment Sensor is healthy
2026-03-24 20:05:51,741 - INFO - Engine Load Sensor is healthy
2026-03-24 20:05:56,743 - INFO - Temperature Sensor is healthy
2026-03-24 20:05:56,744 - INFO - Pressure Sensor is healthy
2026-03-24 20:05:56,745 - INFO - Vibration Sensor is healthy
2026-03-24 20:05:56,746 - ERROR - Fuel Flow Sensor FAILED - Fuel flow interrupted
2026-03-24 20:05:56,746 - INFO - Voltage Sensor is healthy
2026-03-24 20:05:56,747 - INFO - Speed Sensor is healthy
2026-03-24 20:05:56,747 - INFO - Brake Pressure Sensor is healthy
2026-03-24 20:05:56,748 - INFO - Humidity Sensor is healthy
2026-03-24 20:05:56,749 - INFO - Track Alignment Sensor is healthy
2026-03-24 20:05:56,750 - INFO - Engine Load Sensor is healthy
2026-03-24 20:06:01,753 - INFO - Temperature Sensor is healthy
2026-03-24 20:06:01,754 - INFO - Pressure Sensor is healthy
2026-03-24 20:06:01,755 - INFO - Vibration Sensor is healthy
2026-03-24 20:06:01,756 - ERROR - Fuel Flow Sensor FAILED - Fuel flow interrupted
2026-03-24 20:06:01,757 - INFO - Voltage Sensor is healthy
2026-03-24 20:06:01,761 - INFO - Speed Sensor is healthy
2026-03-24 20:06:01,762 - INFO - Brake Pressure Sensor is healthy
2026-03-24 20:06:01,762 - INFO - Humidity Sensor is healthy
2026-03-24 20:06:01,763 - INFO - Track Alignment Sensor is healthy
2026-03-24 20:06:01,763 - INFO - Engine Load Sensor is healthy
2026-03-24 20:06:06,765 - INFO - Temperature Sensor is healthy
2026-03-24 20:06:06,766 - INFO - Pressure Sensor is healthy
2026-03-24 20:06:06,767 - INFO - Vibration Sensor is healthy
2026-03-24 20:06:06,767 - ERROR - Fuel Flow Sensor FAILED - Fuel flow interrupted
2026-03-24 20:06:06,768 - INFO - Voltage Sensor is healthy
2026-03-24 20:06:06,769 - INFO - Speed Sensor is healthy
2026-03-24 20:06:06,769 - INFO - Brake Pressure Sensor is healthy
2026-03-24 20:06:06,770 - INFO - Humidity Sensor is healthy
2026-03-24 20:06:06,771 - INFO - Track Alignment Sensor is healthy
2026-03-24 20:06:06,772 - INFO - Engine Load Sensor is healthy
2026-03-24 20:06:11,773 - INFO - Temperature Sensor is healthy
2026-03-24 20:06:11,774 - INFO - Pressure Sensor is healthy
2026-03-24 20:06:11,775 - INFO - Vibration Sensor is healthy
2026-03-24 20:06:11,776 - ERROR - Fuel Flow Sensor FAILED - Fuel flow interrupted
2026-03-24 20:06:11,777 - INFO - Voltage Sensor is healthy
2026-03-24 20:06:11,777 - INFO - Speed Sensor is healthy
2026-03-24 20:06:11,778 - INFO - Brake Pressure Sensor is healthy
2026-03-24 20:06:11,779 - INFO - Humidity Sensor is healthy
2026-03-24 20:06:11,780 - INFO - Track Alignment Sensor is healthy
2026-03-24 20:06:11,780 - INFO - Engine Load Sensor is healthy
2026-03-24 20:06:16,781 - INFO - Temperature Sensor is healthy
2026-03-24 20:06:16,782 - INFO - Pressure Sensor is healthy
2026-03-24 20:06:16,783 - INFO - Vibration Sensor is healthy
2026-03-24 20:06:16,783 - ERROR - Fuel Flow Sensor FAILED - Fuel flow interrupted
2026-03-24 20:06:16,784 - INFO - Voltage Sensor is healthy
2026-03-24 20:06:16,784 - INFO - Speed Sensor is healthy
2026-03-24 20:06:16,785 - INFO - Brake Pressure Sensor is healthy
2026-03-24 20:06:16,785 - INFO - Humidity Sensor is healthy
2026-03-24 20:06:16,785 - INFO - Track Alignment Sensor is healthy
2026-03-24 20:06:16,786 - INFO - Engine Load Sensor is healthy
2026-03-24 20:23:55,600 - INFO - Sensor Monitoring API is running
2026-03-24 20:24:00,603 - INFO - Temperature Sensor is healthy
2026-03-24 20:24:00,604 - INFO - Pressure Sensor is healthy
2026-03-24 20:24:00,605 - INFO - Vibration Sensor is healthy
2026-03-24 20:24:00,605 - INFO - Fuel Flow Sensor is healthy
2026-03-24 20:24:00,606 - INFO - Voltage Sensor is healthy
2026-03-24 20:24:00,606 - INFO - Speed Sensor is healthy
2026-03-24 20:24:00,607 - INFO - Brake Pressure Sensor is healthy
2026-03-24 20:24:00,607 - INFO - Humidity Sensor is healthy
2026-03-24 20:24:00,608 - INFO - Track Alignment Sensor is healthy
2026-03-24 20:24:00,608 - INFO - Engine Load Sensor is healthy
2026-03-24 20:24:05,609 - INFO - Temperature Sensor is healthy
2026-03-24 20:24:05,609 - INFO - Pressure Sensor is healthy
2026-03-24 20:24:05,610 - INFO - Vibration Sensor is healthy
2026-03-24 20:24:05,610 - INFO - Fuel Flow Sensor is healthy
2026-03-24 20:24:05,611 - INFO - Voltage Sensor is healthy
2026-03-24 20:24:05,611 - INFO - Speed Sensor is healthy
2026-03-24 20:24:05,611 - INFO - Brake Pressure Sensor is healthy
2026-03-24 20:24:05,612 - INFO - Humidity Sensor is healthy
2026-03-24 20:24:05,612 - INFO - Track Alignment Sensor is healthy
2026-03-24 20:24:05,612 - INFO - Engine Load Sensor is healthy
2026-03-24 20:24:10,613 - INFO - Temperature Sensor is healthy
2026-03-24 20:24:10,614 - INFO - Pressure Sensor is healthy
2026-03-24 20:24:10,614 - INFO - Vibration Sensor is healthy
2026-03-24 20:24:10,615 - INFO - Fuel Flow Sensor is healthy
2026-03-24 20:24:10,615 - INFO - Voltage Sensor is healthy
2026-03-24 20:24:10,615 - INFO - Speed Sensor is healthy
2026-03-24 20:24:10,616 - INFO - Brake Pressure Sensor is healthy
2026-03-24 20:24:10,616 - INFO - Humidity Sensor is healthy
2026-03-24 20:24:10,616 - INFO - Track Alignment Sensor is healthy
2026-03-24 20:24:10,617 - INFO - Engine Load Sensor is healthy
2026-03-24 20:24:15,617 - INFO - Temperature Sensor is healthy
2026-03-24 20:24:15,618 - INFO - Pressure Sensor is healthy
2026-03-24 20:24:15,619 - INFO - Vibration Sensor is healthy
2026-03-24 20:24:15,619 - INFO - Fuel Flow Sensor is healthy
2026-03-24 20:24:15,620 - INFO - Voltage Sensor is healthy
2026-03-24 20:24:15,620 - INFO - Speed Sensor is healthy
2026-03-24 20:24:15,620 - INFO - Brake Pressure Sensor is healthy
2026-03-24 20:24:15,621 - INFO - Humidity Sensor is healthy
2026-03-24 20:24:15,621 - INFO - Track Alignment Sensor is healthy
2026-03-24 20:24:15,622 - INFO - Engine Load Sensor is healthy
2026-03-24 20:24:20,623 - INFO - Temperature Sensor is healthy
2026-03-24 20:24:20,624 - INFO - Pressure Sensor is healthy
2026-03-24 20:24:20,624 - INFO - Vibration Sensor is healthy
2026-03-24 20:24:20,625 - INFO - Fuel Flow Sensor is healthy
2026-03-24 20:24:20,625 - INFO - Voltage Sensor is healthy
2026-03-24 20:24:20,626 - INFO - Speed Sensor is healthy
2026-03-24 20:24:20,626 - INFO - Brake Pressure Sensor is healthy
2026-03-24 20:24:20,627 - INFO - Humidity Sensor is healthy
2026-03-24 20:24:20,627 - INFO - Track Alignment Sensor is healthy
2026-03-24 20:24:20,627 - INFO - Engine Load Sensor is healthy
2026-03-24 20:24:25,632 - INFO - Temperature Sensor is healthy
2026-03-24 20:24:25,632 - INFO - Pressure Sensor is healthy
2026-03-24 20:24:25,633 - INFO - Vibration Sensor is healthy
2026-03-24 20:24:25,633 - INFO - Fuel Flow Sensor is healthy
2026-03-24 20:24:25,634 - INFO - Voltage Sensor is healthy
2026-03-24 20:24:25,634 - INFO - Speed Sensor is healthy
2026-03-24 20:24:25,634 - INFO - Brake Pressure Sensor is healthy
2026-03-24 20:24:25,635 - INFO - Humidity Sensor is healthy
2026-03-24 20:24:25,635 - INFO - Track Alignment Sensor is healthy
2026-03-24 20:24:25,635 - INFO - Engine Load Sensor is healthy
2026-03-24 20:24:30,642 - INFO - Temperature Sensor is healthy
2026-03-24 20:24:30,643 - INFO - Pressure Sensor is healthy
2026-03-24 20:24:30,644 - INFO - Vibration Sensor is healthy
2026-03-24 20:24:30,645 - INFO - Fuel Flow Sensor is healthy
2026-03-24 20:24:30,645 - INFO - Voltage Sensor is healthy
2026-03-24 20:24:30,646 - INFO - Speed Sensor is healthy
2026-03-24 20:24:30,646 - INFO - Brake Pressure Sensor is healthy
2026-03-24 20:24:30,646 - INFO - Humidity Sensor is healthy
2026-03-24 20:24:30,647 - INFO - Track Alignment Sensor is healthy
2026-03-24 20:24:30,647 - INFO - Engine Load Sensor is healthy
2026-03-24 20:24:35,648 - INFO - Temperature Sensor is healthy
2026-03-24 20:24:35,649 - INFO - Pressure Sensor is healthy
2026-03-24 20:24:35,650 - INFO - Vibration Sensor is healthy
2026-03-24 20:24:35,650 - INFO - Fuel Flow Sensor is healthy
2026-03-24 20:24:35,650 - INFO - Voltage Sensor is healthy
2026-03-24 20:24:35,651 - INFO - Speed Sensor is healthy
2026-03-24 20:24:35,651 - INFO - Brake Pressure Sensor is healthy
2026-03-24 20:24:35,651 - INFO - Humidity Sensor is healthy
2026-03-24 20:24:35,652 - INFO - Track Alignment Sensor is healthy
2026-03-24 20:24:35,652 - INFO - Engine Load Sensor is healthy
2026-03-24 20:24:40,653 - INFO - Temperature Sensor is healthy
2026-03-24 20:24:40,655 - INFO - Pressure Sensor is healthy
2026-03-24 20:24:40,655 - INFO - Vibration Sensor is healthy
2026-03-24 20:24:40,656 - INFO - Fuel Flow Sensor is healthy
2026-03-24 20:24:40,657 - INFO - Voltage Sensor is healthy
2026-03-24 20:24:40,657 - INFO - Speed Sensor is healthy
2026-03-24 20:24:40,657 - INFO - Brake Pressure Sensor is healthy
2026-03-24 20:24:40,658 - INFO - Humidity Sensor is healthy
2026-03-24 20:24:40,658 - INFO - Track Alignment Sensor is healthy
2026-03-24 20:24:40,658 - INFO - Engine Load Sensor is healthy
2026-03-24 20:24:45,659 - INFO - Temperature Sensor is healthy
2026-03-24 20:24:45,660 - INFO - Pressure Sensor is healthy
2026-03-24 20:24:45,660 - INFO - Vibration Sensor is healthy
2026-03-24 20:24:45,661 - INFO - Fuel Flow Sensor is healthy
2026-03-24 20:24:45,662 - INFO - Voltage Sensor is healthy
2026-03-24 20:24:45,662 - INFO - Speed Sensor is healthy
2026-03-24 20:24:45,662 - INFO - Brake Pressure Sensor is healthy
2026-03-24 20:24:45,663 - INFO - Humidity Sensor is healthy
2026-03-24 20:24:45,663 - INFO - Track Alignment Sensor is healthy
2026-03-24 20:24:45,663 - INFO - Engine Load Sensor is healthy
2026-03-24 20:24:50,665 - INFO - Temperature Sensor is healthy
2026-03-24 20:24:50,665 - INFO - Pressure Sensor is healthy
2026-03-24 20:24:50,666 - INFO - Vibration Sensor is healthy
2026-03-24 20:24:50,667 - INFO - Fuel Flow Sensor is healthy
2026-03-24 20:24:50,667 - INFO - Voltage Sensor is healthy
2026-03-24 20:24:50,667 - INFO - Speed Sensor is healthy
2026-03-24 20:24:50,668 - INFO - Brake Pressure Sensor is healthy
2026-03-24 20:24:50,668 - INFO - Humidity Sensor is healthy
2026-03-24 20:24:50,668 - INFO - Track Alignment Sensor is healthy
2026-03-24 20:24:50,669 - INFO - Engine Load Sensor is healthy
2026-03-24 20:24:55,670 - INFO - Temperature Sensor is healthy
2026-03-24 20:24:55,670 - INFO - Pressure Sensor is healthy
2026-03-24 20:24:55,671 - INFO - Vibration Sensor is healthy
2026-03-24 20:24:55,671 - INFO - Fuel Flow Sensor is healthy
2026-03-24 20:24:55,672 - INFO - Voltage Sensor is healthy
2026-03-24 20:24:55,672 - INFO - Speed Sensor is healthy
2026-03-24 20:24:55,672 - INFO - Brake Pressure Sensor is healthy
2026-03-24 20:24:55,673 - INFO - Humidity Sensor is healthy
2026-03-24 20:24:55,673 - INFO - Track Alignment Sensor is healthy
2026-03-24 20:24:55,674 - INFO - Engine Load Sensor is healthy
2026-03-24 20:25:00,675 - INFO - Temperature Sensor is healthy
2026-03-24 20:25:00,676 - INFO - Pressure Sensor is healthy
2026-03-24 20:25:00,676 - INFO - Vibration Sensor is healthy
2026-03-24 20:25:00,677 - INFO - Fuel Flow Sensor is healthy
2026-03-24 20:25:00,678 - INFO - Voltage Sensor is healthy
2026-03-24 20:25:00,679 - INFO - Speed Sensor is healthy
2026-03-24 20:25:00,679 - INFO - Brake Pressure Sensor is healthy
2026-03-24 20:25:00,680 - INFO - Humidity Sensor is healthy
2026-03-24 20:25:00,680 - INFO - Track Alignment Sensor is healthy
2026-03-24 20:25:00,681 - INFO - Engine Load Sensor is healthy
2026-03-24 20:25:05,682 - INFO - Temperature Sensor is healthy
2026-03-24 20:25:05,683 - INFO - Pressure Sensor is healthy
2026-03-24 20:25:05,683 - INFO - Vibration Sensor is healthy
2026-03-24 20:25:05,684 - INFO - Fuel Flow Sensor is healthy
2026-03-24 20:25:05,684 - INFO - Voltage Sensor is healthy
2026-03-24 20:25:05,684 - INFO - Speed Sensor is healthy
2026-03-24 20:25:05,685 - INFO - Brake Pressure Sensor is healthy
2026-03-24 20:25:05,685 - INFO - Humidity Sensor is healthy
2026-03-24 20:25:05,686 - INFO - Track Alignment Sensor is healthy
2026-03-24 20:25:05,686 - INFO - Engine Load Sensor is healthy
2026-03-24 20:25:10,687 - INFO - Temperature Sensor is healthy
2026-03-24 20:25:10,688 - INFO - Pressure Sensor is healthy
2026-03-24 20:25:10,688 - INFO - Vibration Sensor is healthy
2026-03-24 20:25:10,689 - INFO - Fuel Flow Sensor is healthy
2026-03-24 20:25:10,689 - INFO - Voltage Sensor is healthy
2026-03-24 20:25:10,689 - INFO - Speed Sensor is healthy
2026-03-24 20:25:10,690 - INFO - Brake Pressure Sensor is healthy
2026-03-24 20:25:10,690 - INFO - Humidity Sensor is healthy
2026-03-24 20:25:10,691 - INFO - Track Alignment Sensor is healthy
2026-03-24 20:25:10,691 - INFO - Engine Load Sensor is healthy
2026-03-24 20:25:15,692 - INFO - Temperature Sensor is healthy
2026-03-24 20:25:15,693 - INFO - Pressure Sensor is healthy
2026-03-24 20:25:15,693 - INFO - Vibration Sensor is healthy
2026-03-24 20:25:15,694 - INFO - Fuel Flow Sensor is healthy
2026-03-24 20:25:15,694 - INFO - Voltage Sensor is healthy
2026-03-24 20:25:15,694 - INFO - Speed Sensor is healthy
2026-03-24 20:25:15,695 - INFO - Brake Pressure Sensor is healthy
2026-03-24 20:25:15,695 - INFO - Humidity Sensor is healthy
2026-03-24 20:25:15,696 - INFO - Track Alignment Sensor is healthy
2026-03-24 20:25:15,696 - INFO - Engine Load Sensor is healthy
2026-03-24 20:25:20,697 - INFO - Temperature Sensor is healthy
2026-03-24 20:25:20,698 - INFO - Pressure Sensor is healthy
2026-03-24 20:25:20,698 - INFO - Vibration Sensor is healthy
2026-03-24 20:25:20,698 - INFO - Fuel Flow Sensor is healthy
2026-03-24 20:25:20,699 - INFO - Voltage Sensor is healthy
2026-03-24 20:25:20,699 - INFO - Speed Sensor is healthy
2026-03-24 20:25:20,700 - INFO - Brake Pressure Sensor is healthy
2026-03-24 20:25:20,700 - INFO - Humidity Sensor is healthy
2026-03-24 20:25:20,700 - INFO - Track Alignment Sensor is healthy
2026-03-24 20:25:20,701 - INFO - Engine Load Sensor is healthy
2026-03-24 20:25:25,702 - INFO - Temperature Sensor is healthy
2026-03-24 20:25:25,702 - INFO - Pressure Sensor is healthy
2026-03-24 20:25:25,703 - INFO - Vibration Sensor is healthy
2026-03-24 20:25:25,703 - INFO - Fuel Flow Sensor is healthy
2026-03-24 20:25:25,704 - INFO - Voltage Sensor is healthy
2026-03-24 20:25:25,704 - INFO - Speed Sensor is healthy
2026-03-24 20:25:25,705 - INFO - Brake Pressure Sensor is healthy
2026-03-24 20:25:25,705 - INFO - Humidity Sensor is healthy
2026-03-24 20:25:25,706 - INFO - Track Alignment Sensor is healthy
2026-03-24 20:25:25,706 - INFO - Engine Load Sensor is healthy
2026-03-24 20:25:30,708 - INFO - Temperature Sensor is healthy
2026-03-24 20:25:30,709 - INFO - Pressure Sensor is healthy
2026-03-24 20:25:30,709 - INFO - Vibration Sensor is healthy
2026-03-24 20:25:30,709 - INFO - Fuel Flow Sensor is healthy
2026-03-24 20:25:30,710 - INFO - Voltage Sensor is healthy
2026-03-24 20:25:30,711 - INFO - Speed Sensor is healthy
2026-03-24 20:25:30,711 - INFO - Brake Pressure Sensor is healthy
2026-03-24 20:25:30,712 - INFO - Humidity Sensor is healthy
2026-03-24 20:25:30,712 - INFO - Track Alignment Sensor is healthy
2026-03-24 20:25:30,713 - INFO - Engine Load Sensor is healthy
2026-03-24 20:25:35,713 - INFO - Temperature Sensor is healthy
2026-03-24 20:25:35,715 - INFO - Pressure Sensor is healthy
2026-03-24 20:25:35,715 - INFO - Vibration Sensor is healthy
2026-03-24 20:25:35,716 - INFO - Fuel Flow Sensor is healthy
2026-03-24 20:25:35,717 - INFO - Voltage Sensor is healthy
2026-03-24 20:25:35,717 - INFO - Speed Sensor is healthy
2026-03-24 20:25:35,718 - INFO - Brake Pressure Sensor is healthy
2026-03-24 20:25:35,719 - INFO - Humidity Sensor is healthy
2026-03-24 20:25:35,720 - INFO - Track Alignment Sensor is healthy
2026-03-24 20:25:35,721 - INFO - Engine Load Sensor is healthy
2026-03-24 20:25:40,722 - INFO - Temperature Sensor is healthy
2026-03-24 20:25:40,723 - INFO - Pressure Sensor is healthy
2026-03-24 20:25:40,723 - INFO - Vibration Sensor is healthy
2026-03-24 20:25:40,724 - INFO - Fuel Flow Sensor is healthy
2026-03-24 20:25:40,724 - INFO - Voltage Sensor is healthy
2026-03-24 20:25:40,724 - INFO - Speed Sensor is healthy
2026-03-24 20:25:40,725 - INFO - Brake Pressure Sensor is healthy
2026-03-24 20:25:40,725 - INFO - Humidity Sensor is healthy
2026-03-24 20:25:40,726 - INFO - Track Alignment Sensor is healthy
2026-03-24 20:25:40,726 - INFO - Engine Load Sensor is healthy
2026-03-24 20:25:45,726 - INFO - Temperature Sensor is healthy
2026-03-24 20:25:45,727 - INFO - Pressure Sensor is healthy
2026-03-24 20:25:45,728 - INFO - Vibration Sensor is healthy
2026-03-24 20:25:45,728 - INFO - Fuel Flow Sensor is healthy
2026-03-24 20:25:45,729 - INFO - Voltage Sensor is healthy
2026-03-24 20:25:45,729 - INFO - Speed Sensor is healthy
2026-03-24 20:25:45,729 - INFO - Brake Pressure Sensor is healthy
2026-03-24 20:25:45,730 - INFO - Humidity Sensor is healthy
2026-03-24 20:25:45,730 - INFO - Track Alignment Sensor is healthy
2026-03-24 20:25:45,730 - INFO - Engine Load Sensor is healthy
2026-03-24 20:25:50,731 - INFO - Temperature Sensor is healthy
2026-03-24 20:25:50,732 - INFO - Pressure Sensor is healthy
2026-03-24 20:25:50,732 - INFO - Vibration Sensor is healthy
2026-03-24 20:25:50,733 - INFO - Fuel Flow Sensor is healthy
2026-03-24 20:25:50,733 - INFO - Voltage Sensor is healthy
2026-03-24 20:25:50,733 - INFO - Speed Sensor is healthy
2026-03-24 20:25:50,734 - INFO - Brake Pressure Sensor is healthy
2026-03-24 20:25:50,734 - INFO - Humidity Sensor is healthy
2026-03-24 20:25:50,734 - INFO - Track Alignment Sensor is healthy
2026-03-24 20:25:50,735 - INFO - Engine Load Sensor is healthy
2026-03-24 20:25:55,735 - INFO - Temperature Sensor is healthy
2026-03-24 20:25:55,737 - INFO - Pressure Sensor is healthy
2026-03-24 20:25:55,738 - INFO - Vibration Sensor is healthy
2026-03-24 20:25:55,739 - ERROR - Fuel Flow Sensor FAILED - Fuel flow interrupted
2026-03-24 20:25:58,419 - INFO - Voltage Sensor is healthy
2026-03-24 20:25:58,420 - INFO - Speed Sensor is healthy
2026-03-24 20:25:58,420 - INFO - Brake Pressure Sensor is healthy
2026-03-24 20:25:58,420 - INFO - Humidity Sensor is healthy
2026-03-24 20:25:58,421 - INFO - Track Alignment Sensor is healthy
2026-03-24 20:25:58,421 - INFO - Engine Load Sensor is healthy
2026-03-24 20:26:03,422 - INFO - Temperature Sensor is healthy
2026-03-24 20:26:03,422 - INFO - Pressure Sensor is healthy
2026-03-24 20:26:03,423 - INFO - Vibration Sensor is healthy
2026-03-24 20:26:03,423 - ERROR - Fuel Flow Sensor FAILED - Fuel flow interrupted
2026-03-24 20:26:03,424 - INFO - Voltage Sensor is healthy
2026-03-24 20:26:03,424 - INFO - Speed Sensor is healthy
2026-03-24 20:26:03,425 - INFO - Brake Pressure Sensor is healthy
2026-03-24 20:26:03,425 - INFO - Humidity Sensor is healthy
2026-03-24 20:26:03,425 - INFO - Track Alignment Sensor is healthy
2026-03-24 20:26:03,426 - INFO - Engine Load Sensor is healthy
2026-03-24 20:26:08,426 - INFO - Temperature Sensor is healthy
2026-03-24 20:26:08,427 - INFO - Pressure Sensor is healthy
2026-03-24 20:26:08,428 - INFO - Vibration Sensor is healthy
2026-03-24 20:26:08,428 - ERROR - Fuel Flow Sensor FAILED - Fuel flow interrupted
2026-03-24 20:26:08,429 - INFO - Voltage Sensor is healthy
2026-03-24 20:26:08,429 - INFO - Speed Sensor is healthy
2026-03-24 20:26:08,430 - INFO - Brake Pressure Sensor is healthy
2026-03-24 20:26:08,432 - INFO - Humidity Sensor is healthy
2026-03-24 20:26:08,433 - INFO - Track Alignment Sensor is healthy
2026-03-24 20:26:08,435 - INFO - Engine Load Sensor is healthy
2026-03-24 20:26:13,437 - INFO - Temperature Sensor is healthy
2026-03-24 20:26:13,438 - INFO - Pressure Sensor is healthy
2026-03-24 20:26:13,438 - INFO - Vibration Sensor is healthy
2026-03-24 20:26:13,439 - ERROR - Fuel Flow Sensor FAILED - Fuel flow interrupted
2026-03-24 20:26:13,439 - INFO - Voltage Sensor is healthy
2026-03-24 20:26:13,439 - INFO - Speed Sensor is healthy
2026-03-24 20:26:13,440 - INFO - Brake Pressure Sensor is healthy
2026-03-24 20:26:13,440 - INFO - Humidity Sensor is healthy
2026-03-24 20:26:13,441 - INFO - Track Alignment Sensor is healthy
2026-03-24 20:26:13,441 - INFO - Engine Load Sensor is healthy
2026-03-24 20:26:18,442 - INFO - Temperature Sensor is healthy
2026-03-24 20:26:18,443 - INFO - Pressure Sensor is healthy
2026-03-24 20:26:18,444 - INFO - Vibration Sensor is healthy
2026-03-24 20:26:18,444 - ERROR - Fuel Flow Sensor FAILED - Fuel flow interrupted
2026-03-24 20:26:18,445 - INFO - Voltage Sensor is healthy
2026-03-24 20:26:18,446 - INFO - Speed Sensor is healthy
2026-03-24 20:26:18,447 - INFO - Brake Pressure Sensor is healthy
2026-03-24 20:26:18,447 - INFO - Humidity Sensor is healthy
2026-03-24 20:26:18,447 - INFO - Track Alignment Sensor is healthy
2026-03-24 20:26:18,448 - INFO - Engine Load Sensor is healthy
2026-03-24 20:26:23,449 - INFO - Temperature Sensor is healthy
2026-03-24 20:26:23,450 - INFO - Pressure Sensor is healthy
2026-03-24 20:26:23,450 - INFO - Vibration Sensor is healthy
2026-03-24 20:26:23,451 - ERROR - Fuel Flow Sensor FAILED - Fuel flow interrupted
2026-03-24 20:26:23,451 - INFO - Voltage Sensor is healthy
2026-03-24 20:26:23,452 - INFO - Speed Sensor is healthy
2026-03-24 20:26:23,452 - INFO - Brake Pressure Sensor is healthy
2026-03-24 20:26:23,453 - INFO - Humidity Sensor is healthy
2026-03-24 20:26:23,453 - INFO - Track Alignment Sensor is healthy
2026-03-24 20:26:23,454 - INFO - Engine Load Sensor is healthy
2026-03-24 20:26:28,454 - INFO - Temperature Sensor is healthy
2026-03-24 20:26:28,456 - INFO - Pressure Sensor is healthy
2026-03-24 20:26:28,456 - INFO - Vibration Sensor is healthy
2026-03-24 20:26:28,457 - ERROR - Fuel Flow Sensor FAILED - Fuel flow interrupted
2026-03-24 20:26:28,457 - INFO - Voltage Sensor is healthy
2026-03-24 20:26:28,457 - INFO - Speed Sensor is healthy
2026-03-24 20:26:28,458 - INFO - Brake Pressure Sensor is healthy
2026-03-24 20:26:28,458 - INFO - Humidity Sensor is healthy
2026-03-24 20:26:28,459 - INFO - Track Alignment Sensor is healthy
2026-03-24 20:26:28,459 - INFO - Engine Load Sensor is healthy
2026-03-24 20:43:50,574 - INFO - Sensor Monitoring API is running
2026-03-24 20:43:55,577 - INFO - Temperature Sensor is healthy
2026-03-24 20:43:55,578 - INFO - Pressure Sensor is healthy
2026-03-24 20:43:55,578 - INFO - Vibration Sensor is healthy
2026-03-24 20:43:55,579 - INFO - Fuel Flow Sensor is healthy
2026-03-24 20:43:55,579 - INFO - Voltage Sensor is healthy
2026-03-24 20:43:55,580 - INFO - Speed Sensor is healthy
2026-03-24 20:43:55,580 - INFO - Brake Pressure Sensor is healthy
2026-03-24 20:43:55,581 - INFO - Humidity Sensor is healthy
2026-03-24 20:43:55,581 - INFO - Track Alignment Sensor is healthy
2026-03-24 20:43:55,582 - INFO - Engine Load Sensor is healthy
2026-03-24 20:44:00,583 - INFO - Temperature Sensor is healthy
2026-03-24 20:44:00,584 - INFO - Pressure Sensor is healthy
2026-03-24 20:44:00,584 - INFO - Vibration Sensor is healthy
2026-03-24 20:44:00,585 - INFO - Fuel Flow Sensor is healthy
2026-03-24 20:44:00,586 - INFO - Voltage Sensor is healthy
2026-03-24 20:44:00,586 - INFO - Speed Sensor is healthy
2026-03-24 20:44:00,587 - INFO - Brake Pressure Sensor is healthy
2026-03-24 20:44:00,588 - INFO - Humidity Sensor is healthy
2026-03-24 20:44:00,588 - INFO - Track Alignment Sensor is healthy
2026-03-24 20:44:00,589 - INFO - Engine Load Sensor is healthy
2026-03-24 20:44:05,589 - INFO - Temperature Sensor is healthy
2026-03-24 20:44:05,590 - INFO - Pressure Sensor is healthy
2026-03-24 20:44:05,590 - INFO - Vibration Sensor is healthy
2026-03-24 20:44:05,591 - INFO - Fuel Flow Sensor is healthy
2026-03-24 20:44:05,591 - INFO - Voltage Sensor is healthy
2026-03-24 20:44:05,592 - INFO - Speed Sensor is healthy
2026-03-24 20:44:05,592 - INFO - Brake Pressure Sensor is healthy
2026-03-24 20:44:05,593 - INFO - Humidity Sensor is healthy
2026-03-24 20:44:05,593 - INFO - Track Alignment Sensor is healthy
2026-03-24 20:44:05,594 - INFO - Engine Load Sensor is healthy
2026-03-24 20:44:10,595 - INFO - Temperature Sensor is healthy
2026-03-24 20:44:10,596 - INFO - Pressure Sensor is healthy
2026-03-24 20:44:10,597 - INFO - Vibration Sensor is healthy
2026-03-24 20:44:10,598 - INFO - Fuel Flow Sensor is healthy
2026-03-24 20:44:10,599 - INFO - Voltage Sensor is healthy
2026-03-24 20:44:10,600 - INFO - Speed Sensor is healthy
2026-03-24 20:44:10,601 - INFO - Brake Pressure Sensor is healthy
2026-03-24 20:44:10,602 - INFO - Humidity Sensor is healthy
2026-03-24 20:44:10,603 - INFO - Track Alignment Sensor is healthy
2026-03-24 20:44:10,604 - INFO - Engine Load Sensor is healthy
2026-03-24 20:44:15,605 - INFO - Temperature Sensor is healthy
2026-03-24 20:44:15,606 - INFO - Pressure Sensor is healthy
2026-03-24 20:44:15,606 - INFO - Vibration Sensor is healthy
2026-03-24 20:44:15,607 - INFO - Fuel Flow Sensor is healthy
2026-03-24 20:44:15,607 - INFO - Voltage Sensor is healthy
2026-03-24 20:44:15,607 - INFO - Speed Sensor is healthy
2026-03-24 20:44:15,608 - INFO - Brake Pressure Sensor is healthy
2026-03-24 20:44:15,608 - INFO - Humidity Sensor is healthy
2026-03-24 20:44:15,609 - INFO - Track Alignment Sensor is healthy
2026-03-24 20:44:15,609 - INFO - Engine Load Sensor is healthy
2026-03-24 20:44:20,610 - INFO - Temperature Sensor is healthy
2026-03-24 20:44:20,611 - INFO - Pressure Sensor is healthy
2026-03-24 20:44:20,611 - INFO - Vibration Sensor is healthy
2026-03-24 20:44:20,611 - INFO - Fuel Flow Sensor is healthy
2026-03-24 20:44:20,612 - INFO - Voltage Sensor is healthy
2026-03-24 20:44:20,612 - INFO - Speed Sensor is healthy
2026-03-24 20:44:20,612 - INFO - Brake Pressure Sensor is healthy
2026-03-24 20:44:20,613 - INFO - Humidity Sensor is healthy
2026-03-24 20:44:20,613 - INFO - Track Alignment Sensor is healthy
2026-03-24 20:44:20,613 - INFO - Engine Load Sensor is healthy
2026-03-24 20:44:25,614 - INFO - Temperature Sensor is healthy
2026-03-24 20:44:25,615 - INFO - Pressure Sensor is healthy
2026-03-24 20:44:25,615 - INFO - Vibration Sensor is healthy
2026-03-24 20:44:25,616 - INFO - Fuel Flow Sensor is healthy
2026-03-24 20:44:25,616 - INFO - Voltage Sensor is healthy
2026-03-24 20:44:25,616 - INFO - Speed Sensor is healthy
2026-03-24 20:44:25,617 - INFO - Brake Pressure Sensor is healthy
2026-03-24 20:44:25,617 - INFO - Humidity Sensor is healthy
2026-03-24 20:44:25,618 - INFO - Track Alignment Sensor is healthy
2026-03-24 20:44:25,618 - INFO - Engine Load Sensor is healthy
2026-03-24 20:44:30,619 - INFO - Temperature Sensor is healthy
2026-03-24 20:44:30,620 - INFO - Pressure Sensor is healthy
2026-03-24 20:44:30,620 - INFO - Vibration Sensor is healthy
2026-03-24 20:44:30,620 - INFO - Fuel Flow Sensor is healthy
2026-03-24 20:44:30,621 - INFO - Voltage Sensor is healthy
2026-03-24 20:44:30,621 - INFO - Speed Sensor is healthy
2026-03-24 20:44:30,621 - INFO - Brake Pressure Sensor is healthy
2026-03-24 20:44:30,622 - INFO - Humidity Sensor is healthy
2026-03-24 20:44:30,622 - INFO - Track Alignment Sensor is healthy
2026-03-24 20:44:30,622 - INFO - Engine Load Sensor is healthy
2026-03-24 20:44:35,623 - INFO - Temperature Sensor is healthy
2026-03-24 20:44:35,623 - INFO - Pressure Sensor is healthy
2026-03-24 20:44:35,624 - INFO - Vibration Sensor is healthy
2026-03-24 20:44:35,624 - INFO - Fuel Flow Sensor is healthy
2026-03-24 20:44:35,625 - INFO - Voltage Sensor is healthy
2026-03-24 20:44:35,626 - INFO - Speed Sensor is healthy
2026-03-24 20:44:35,626 - INFO - Brake Pressure Sensor is healthy
2026-03-24 20:44:35,626 - INFO - Humidity Sensor is healthy
2026-03-24 20:44:35,627 - INFO - Track Alignment Sensor is healthy
2026-03-24 20:44:35,627 - INFO - Engine Load Sensor is healthy
2026-03-24 20:44:40,628 - INFO - Temperature Sensor is healthy
2026-03-24 20:44:40,629 - INFO - Pressure Sensor is healthy
2026-03-24 20:44:40,629 - INFO - Vibration Sensor is healthy
2026-03-24 20:44:40,629 - INFO - Fuel Flow Sensor is healthy
2026-03-24 20:44:40,630 - INFO - Voltage Sensor is healthy
2026-03-24 20:44:40,630 - INFO - Speed Sensor is healthy
2026-03-24 20:44:40,630 - INFO - Brake Pressure Sensor is healthy
2026-03-24 20:44:40,631 - INFO - Humidity Sensor is healthy
2026-03-24 20:44:40,631 - INFO - Track Alignment Sensor is healthy
2026-03-24 20:44:40,631 - INFO - Engine Load Sensor is healthy
2026-03-24 20:44:45,632 - INFO - Temperature Sensor is healthy
2026-03-24 20:44:45,633 - INFO - Pressure Sensor is healthy
2026-03-24 20:44:45,633 - INFO - Vibration Sensor is healthy
2026-03-24 20:44:45,634 - INFO - Fuel Flow Sensor is healthy
2026-03-24 20:44:45,634 - INFO - Voltage Sensor is healthy
2026-03-24 20:44:45,635 - INFO - Speed Sensor is healthy
2026-03-24 20:44:45,635 - INFO - Brake Pressure Sensor is healthy
2026-03-24 20:44:45,635 - INFO - Humidity Sensor is healthy
2026-03-24 20:44:45,636 - INFO - Track Alignment Sensor is healthy
2026-03-24 20:44:45,637 - INFO - Engine Load Sensor is healthy
2026-03-24 20:44:50,637 - INFO - Temperature Sensor is healthy
2026-03-24 20:44:50,638 - INFO - Pressure Sensor is healthy
2026-03-24 20:44:50,638 - INFO - Vibration Sensor is healthy
2026-03-24 20:44:50,639 - INFO - Fuel Flow Sensor is healthy
2026-03-24 20:44:50,639 - INFO - Voltage Sensor is healthy
2026-03-24 20:44:50,639 - INFO - Speed Sensor is healthy
2026-03-24 20:44:50,640 - INFO - Brake Pressure Sensor is healthy
2026-03-24 20:44:50,640 - INFO - Humidity Sensor is healthy
2026-03-24 20:44:50,640 - INFO - Track Alignment Sensor is healthy
2026-03-24 20:44:50,641 - INFO - Engine Load Sensor is healthy
2026-03-24 20:44:55,643 - INFO - Temperature Sensor is healthy
2026-03-24 20:44:55,643 - INFO - Pressure Sensor is healthy
2026-03-24 20:44:55,644 - INFO - Vibration Sensor is healthy
2026-03-24 20:44:55,645 - INFO - Fuel Flow Sensor is healthy
2026-03-24 20:44:55,645 - INFO - Voltage Sensor is healthy
2026-03-24 20:44:55,645 - INFO - Speed Sensor is healthy
2026-03-24 20:44:55,646 - INFO - Brake Pressure Sensor is healthy
2026-03-24 20:44:55,646 - INFO - Humidity Sensor is healthy
2026-03-24 20:44:55,647 - INFO - Track Alignment Sensor is healthy
2026-03-24 20:44:55,647 - INFO - Engine Load Sensor is healthy
2026-03-24 20:45:00,648 - INFO - Temperature Sensor is healthy
2026-03-24 20:45:00,649 - INFO - Pressure Sensor is healthy
2026-03-24 20:45:00,649 - INFO - Vibration Sensor is healthy
2026-03-24 20:45:00,650 - INFO - Fuel Flow Sensor is healthy
2026-03-24 20:45:00,650 - INFO - Voltage Sensor is healthy
2026-03-24 20:45:00,650 - INFO - Speed Sensor is healthy
2026-03-24 20:45:00,651 - INFO - Brake Pressure Sensor is healthy
2026-03-24 20:45:00,651 - INFO - Humidity Sensor is healthy
2026-03-24 20:45:00,651 - INFO - Track Alignment Sensor is healthy
2026-03-24 20:45:00,652 - INFO - Engine Load Sensor is healthy
2026-03-24 20:45:05,653 - INFO - Temperature Sensor is healthy
2026-03-24 20:45:05,654 - INFO - Pressure Sensor is healthy
2026-03-24 20:45:05,654 - INFO - Vibration Sensor is healthy
2026-03-24 20:45:05,654 - INFO - Fuel Flow Sensor is healthy
2026-03-24 20:45:05,655 - INFO - Voltage Sensor is healthy
2026-03-24 20:45:05,655 - INFO - Speed Sensor is healthy
2026-03-24 20:45:05,655 - INFO - Brake Pressure Sensor is healthy
2026-03-24 20:45:05,656 - INFO - Humidity Sensor is healthy
2026-03-24 20:45:05,656 - INFO - Track Alignment Sensor is healthy
2026-03-24 20:45:05,656 - INFO - Engine Load Sensor is healthy
2026-03-24 20:45:10,657 - INFO - Temperature Sensor is healthy
2026-03-24 20:45:10,659 - INFO - Pressure Sensor is healthy
2026-03-24 20:45:10,659 - INFO - Vibration Sensor is healthy
2026-03-24 20:45:10,660 - INFO - Fuel Flow Sensor is healthy
2026-03-24 20:45:10,660 - INFO - Voltage Sensor is healthy
2026-03-24 20:45:10,661 - INFO - Speed Sensor is healthy
2026-03-24 20:45:10,661 - INFO - Brake Pressure Sensor is healthy
2026-03-24 20:45:10,661 - INFO - Humidity Sensor is healthy
2026-03-24 20:45:10,662 - INFO - Track Alignment Sensor is healthy
2026-03-24 20:45:10,662 - INFO - Engine Load Sensor is healthy
2026-03-24 20:45:15,664 - INFO - Temperature Sensor is healthy
2026-03-24 20:45:15,669 - INFO - Pressure Sensor is healthy
2026-03-24 20:45:15,670 - INFO - Vibration Sensor is healthy
2026-03-24 20:45:15,670 - INFO - Fuel Flow Sensor is healthy
2026-03-24 20:45:15,671 - INFO - Voltage Sensor is healthy
2026-03-24 20:45:15,671 - INFO - Speed Sensor is healthy
2026-03-24 20:45:15,674 - INFO - Brake Pressure Sensor is healthy
2026-03-24 20:45:15,676 - INFO - Humidity Sensor is healthy
2026-03-24 20:45:15,684 - INFO - Track Alignment Sensor is healthy
2026-03-24 20:45:15,688 - INFO - Engine Load Sensor is healthy
2026-03-24 20:45:20,689 - INFO - Temperature Sensor is healthy
2026-03-24 20:45:20,691 - INFO - Pressure Sensor is healthy
2026-03-24 20:45:20,692 - INFO - Vibration Sensor is healthy
2026-03-24 20:45:20,692 - INFO - Fuel Flow Sensor is healthy
2026-03-24 20:45:20,694 - INFO - Voltage Sensor is healthy
2026-03-24 20:45:20,699 - INFO - Speed Sensor is healthy
2026-03-24 20:45:20,700 - INFO - Brake Pressure Sensor is healthy
2026-03-24 20:45:20,702 - INFO - Humidity Sensor is healthy
2026-03-24 20:45:20,703 - INFO - Track Alignment Sensor is healthy
2026-03-24 20:45:20,703 - INFO - Engine Load Sensor is healthy
2026-03-24 20:45:25,707 - INFO - Temperature Sensor is healthy
2026-03-24 20:45:25,708 - INFO - Pressure Sensor is healthy
2026-03-24 20:45:25,708 - INFO - Vibration Sensor is healthy
2026-03-24 20:45:25,709 - INFO - Fuel Flow Sensor is healthy
2026-03-24 20:45:25,709 - INFO - Voltage Sensor is healthy
2026-03-24 20:45:25,709 - INFO - Speed Sensor is healthy
2026-03-24 20:45:25,710 - INFO - Brake Pressure Sensor is healthy
2026-03-24 20:45:25,710 - INFO - Humidity Sensor is healthy
2026-03-24 20:45:25,710 - INFO - Track Alignment Sensor is healthy
2026-03-24 20:45:25,711 - INFO - Engine Load Sensor is healthy
2026-03-24 20:45:30,712 - INFO - Temperature Sensor is healthy
2026-03-24 20:45:30,713 - INFO - Pressure Sensor is healthy
2026-03-24 20:45:30,713 - INFO - Vibration Sensor is healthy
2026-03-24 20:45:30,714 - INFO - Fuel Flow Sensor is healthy
2026-03-24 20:45:30,714 - INFO - Voltage Sensor is healthy
2026-03-24 20:45:30,714 - INFO - Speed Sensor is healthy
2026-03-24 20:45:30,715 - INFO - Brake Pressure Sensor is healthy
2026-03-24 20:45:30,715 - INFO - Humidity Sensor is healthy
2026-03-24 20:45:30,715 - INFO - Track Alignment Sensor is healthy
2026-03-24 20:45:30,715 - INFO - Engine Load Sensor is healthy
2026-03-24 20:45:35,716 - INFO - Temperature Sensor is healthy
2026-03-24 20:45:35,717 - INFO - Pressure Sensor is healthy
2026-03-24 20:45:35,717 - INFO - Vibration Sensor is healthy
2026-03-24 20:45:35,718 - INFO - Fuel Flow Sensor is healthy
2026-03-24 20:45:35,718 - INFO - Voltage Sensor is healthy
2026-03-24 20:45:35,718 - INFO - Speed Sensor is healthy
2026-03-24 20:45:35,719 - INFO - Brake Pressure Sensor is healthy
2026-03-24 20:45:35,719 - INFO - Humidity Sensor is healthy
2026-03-24 20:45:35,719 - INFO - Track Alignment Sensor is healthy
2026-03-24 20:45:35,719 - INFO - Engine Load Sensor is healthy
2026-03-24 20:45:40,720 - INFO - Temperature Sensor is healthy
2026-03-24 20:45:40,721 - INFO - Pressure Sensor is healthy
2026-03-24 20:45:40,721 - INFO - Vibration Sensor is healthy
2026-03-24 20:45:40,722 - INFO - Fuel Flow Sensor is healthy
2026-03-24 20:45:40,722 - INFO - Voltage Sensor is healthy
2026-03-24 20:45:40,722 - INFO - Speed Sensor is healthy
2026-03-24 20:45:40,723 - INFO - Brake Pressure Sensor is healthy
2026-03-24 20:45:40,723 - INFO - Humidity Sensor is healthy
2026-03-24 20:45:40,723 - INFO - Track Alignment Sensor is healthy
2026-03-24 20:45:40,723 - INFO - Engine Load Sensor is healthy
2026-03-24 20:45:45,725 - INFO - Temperature Sensor is healthy
2026-03-24 20:45:45,726 - INFO - Pressure Sensor is healthy
2026-03-24 20:45:45,726 - INFO - Vibration Sensor is healthy
2026-03-24 20:45:45,727 - INFO - Fuel Flow Sensor is healthy
2026-03-24 20:45:45,728 - INFO - Voltage Sensor is healthy
2026-03-24 20:45:45,729 - INFO - Speed Sensor is healthy
2026-03-24 20:45:45,729 - INFO - Brake Pressure Sensor is healthy
2026-03-24 20:45:45,729 - INFO - Humidity Sensor is healthy
2026-03-24 20:45:45,730 - INFO - Track Alignment Sensor is healthy
2026-03-24 20:45:45,730 - INFO - Engine Load Sensor is healthy
2026-03-24 20:45:50,731 - INFO - Temperature Sensor is healthy
2026-03-24 20:45:50,732 - INFO - Pressure Sensor is healthy
2026-03-24 20:45:50,732 - INFO - Vibration Sensor is healthy
2026-03-24 20:45:50,733 - ERROR - Fuel Flow Sensor FAILED - Fuel flow interrupted
2026-03-24 20:45:58,403 - INFO - Voltage Sensor is healthy
2026-03-24 20:45:58,404 - INFO - Speed Sensor is healthy
2026-03-24 20:45:58,405 - INFO - Brake Pressure Sensor is healthy
2026-03-24 20:45:58,405 - INFO - Humidity Sensor is healthy
2026-03-24 20:45:58,406 - INFO - Track Alignment Sensor is healthy
2026-03-24 20:45:58,406 - INFO - Engine Load Sensor is healthy
2026-03-24 20:46:03,407 - INFO - Temperature Sensor is healthy
2026-03-24 20:46:03,410 - INFO - Pressure Sensor is healthy
2026-03-24 20:46:03,412 - INFO - Vibration Sensor is healthy
2026-03-24 20:46:03,416 - ERROR - Fuel Flow Sensor FAILED - Fuel flow interrupted
2026-03-24 20:46:03,423 - INFO - Voltage Sensor is healthy
2026-03-24 20:46:03,434 - INFO - Speed Sensor is healthy
2026-03-24 20:46:03,438 - INFO - Brake Pressure Sensor is healthy
2026-03-24 20:46:03,449 - INFO - Humidity Sensor is healthy
2026-03-24 20:46:03,452 - INFO - Track Alignment Sensor is healthy
2026-03-24 20:46:03,453 - INFO - Engine Load Sensor is healthy
2026-03-24 20:46:08,465 - INFO - Temperature Sensor is healthy
2026-03-24 20:46:08,466 - INFO - Pressure Sensor is healthy
2026-03-24 20:46:08,466 - INFO - Vibration Sensor is healthy
2026-03-24 20:46:08,467 - ERROR - Fuel Flow Sensor FAILED - Fuel flow interrupted
2026-03-24 20:46:08,467 - INFO - Voltage Sensor is healthy
2026-03-24 20:46:08,468 - INFO - Speed Sensor is healthy
2026-03-24 20:46:08,468 - INFO - Brake Pressure Sensor is healthy
2026-03-24 20:46:08,468 - INFO - Humidity Sensor is healthy
2026-03-24 20:46:08,469 - INFO - Track Alignment Sensor is healthy
2026-03-24 20:46:08,469 - INFO - Engine Load Sensor is healthy
2026-03-24 20:46:13,470 - INFO - Temperature Sensor is healthy
2026-03-24 20:46:13,471 - INFO - Pressure Sensor is healthy
2026-03-24 20:46:13,471 - INFO - Vibration Sensor is healthy
2026-03-24 20:46:13,471 - ERROR - Fuel Flow Sensor FAILED - Fuel flow interrupted
2026-03-24 20:46:13,472 - INFO - Voltage Sensor is healthy
2026-03-24 20:46:13,472 - INFO - Speed Sensor is healthy
2026-03-24 20:46:13,473 - INFO - Brake Pressure Sensor is healthy
2026-03-24 20:46:13,474 - INFO - Humidity Sensor is healthy
2026-03-24 20:46:13,474 - INFO - Track Alignment Sensor is healthy
2026-03-24 20:46:13,474 - INFO - Engine Load Sensor is healthy
2026-03-24 20:46:18,476 - INFO - Temperature Sensor is healthy
2026-03-24 20:46:18,477 - INFO - Pressure Sensor is healthy
2026-03-24 20:46:18,477 - INFO - Vibration Sensor is healthy
2026-03-24 20:46:18,478 - ERROR - Fuel Flow Sensor FAILED - Fuel flow interrupted
2026-03-24 20:46:18,478 - INFO - Voltage Sensor is healthy
2026-03-24 20:46:18,478 - INFO - Speed Sensor is healthy
2026-03-24 20:46:18,479 - INFO - Brake Pressure Sensor is healthy
2026-03-24 20:46:18,479 - INFO - Humidity Sensor is healthy
2026-03-24 20:46:18,479 - INFO - Track Alignment Sensor is healthy
2026-03-24 20:46:18,479 - INFO - Engine Load Sensor is healthy
2026-03-24 20:46:23,481 - INFO - Temperature Sensor is healthy
2026-03-24 20:46:23,481 - INFO - Pressure Sensor is healthy
2026-03-24 20:46:23,482 - INFO - Vibration Sensor is healthy
2026-03-24 20:46:23,482 - ERROR - Fuel Flow Sensor FAILED - Fuel flow interrupted
2026-03-24 20:46:23,483 - INFO - Voltage Sensor is healthy
2026-03-24 20:46:23,483 - INFO - Speed Sensor is healthy
2026-03-24 20:46:23,483 - INFO - Brake Pressure Sensor is healthy
2026-03-24 20:46:23,484 - INFO - Humidity Sensor is healthy
2026-03-24 20:46:23,484 - INFO - Track Alignment Sensor is healthy
2026-03-24 20:46:23,484 - INFO - Engine Load Sensor is healthy
2026-03-24 20:46:28,485 - INFO - Temperature Sensor is healthy
2026-03-24 20:46:28,486 - INFO - Pressure Sensor is healthy
2026-03-24 20:46:28,487 - INFO - Vibration Sensor is healthy
2026-03-24 20:46:28,488 - ERROR - Fuel Flow Sensor FAILED - Fuel flow interrupted
2026-03-24 20:46:28,489 - INFO - Voltage Sensor is healthy
2026-03-24 20:46:28,490 - INFO - Speed Sensor is healthy
2026-03-24 20:46:28,491 - INFO - Brake Pressure Sensor is healthy
2026-03-24 20:46:28,497 - INFO - Humidity Sensor is healthy
2026-03-24 20:46:28,498 - INFO - Track Alignment Sensor is healthy
2026-03-24 20:46:28,499 - INFO - Engine Load Sensor is healthy
2026-03-24 20:46:33,511 - INFO - Temperature Sensor is healthy
2026-03-24 20:46:33,512 - INFO - Pressure Sensor is healthy
2026-03-24 20:46:33,512 - INFO - Vibration Sensor is healthy
2026-03-24 20:46:33,512 - ERROR - Fuel Flow Sensor FAILED - Fuel flow interrupted
2026-03-24 20:46:33,513 - INFO - Voltage Sensor is healthy
2026-03-24 20:46:33,513 - INFO - Speed Sensor is healthy
2026-03-24 20:46:33,513 - INFO - Brake Pressure Sensor is healthy
2026-03-24 20:46:33,514 - INFO - Humidity Sensor is healthy
2026-03-24 20:46:33,515 - INFO - Track Alignment Sensor is healthy
2026-03-24 20:46:33,515 - INFO - Engine Load Sensor is healthy
2026-03-24 20:46:38,516 - INFO - Temperature Sensor is healthy
2026-03-24 20:46:38,517 - INFO - Pressure Sensor is healthy
2026-03-24 20:46:38,517 - INFO - Vibration Sensor is healthy
2026-03-24 20:46:38,518 - ERROR - Fuel Flow Sensor FAILED - Fuel flow interrupted
2026-03-24 20:46:38,518 - INFO - Voltage Sensor is healthy
2026-03-24 20:46:38,518 - INFO - Speed Sensor is healthy
2026-03-24 20:46:38,519 - INFO - Brake Pressure Sensor is healthy
2026-03-24 20:46:38,519 - INFO - Humidity Sensor is healthy
2026-03-24 20:46:38,520 - INFO - Track Alignment Sensor is healthy
2026-03-24 20:46:38,520 - INFO - Engine Load Sensor is healthy
2026-03-24 20:46:43,521 - INFO - Temperature Sensor is healthy
2026-03-24 20:46:43,523 - INFO - Pressure Sensor is healthy
2026-03-24 20:46:43,523 - INFO - Vibration Sensor is healthy
2026-03-24 20:46:43,523 - ERROR - Fuel Flow Sensor FAILED - Fuel flow interrupted
2026-03-24 20:46:43,524 - INFO - Voltage Sensor is healthy
2026-03-24 20:46:43,524 - INFO - Speed Sensor is healthy
2026-03-24 20:46:43,524 - INFO - Brake Pressure Sensor is healthy
2026-03-24 20:46:43,525 - INFO - Humidity Sensor is healthy
2026-03-24 20:46:43,525 - INFO - Track Alignment Sensor is healthy
2026-03-24 20:46:43,525 - INFO - Engine Load Sensor is healthy
2026-03-24 20:46:48,527 - INFO - Temperature Sensor is healthy
2026-03-24 20:46:48,527 - INFO - Pressure Sensor is healthy
2026-03-24 20:46:48,528 - INFO - Vibration Sensor is healthy
2026-03-24 20:46:48,528 - ERROR - Fuel Flow Sensor FAILED - Fuel flow interrupted
2026-03-24 20:46:48,529 - INFO - Voltage Sensor is healthy
2026-03-24 20:46:48,529 - INFO - Speed Sensor is healthy
2026-03-24 20:46:48,529 - INFO - Brake Pressure Sensor is healthy
2026-03-24 20:46:48,530 - INFO - Humidity Sensor is healthy
2026-03-24 20:46:48,530 - INFO - Track Alignment Sensor is healthy
2026-03-24 20:46:48,530 - INFO - Engine Load Sensor is healthy
2026-03-24 20:46:53,531 - INFO - Temperature Sensor is healthy
2026-03-24 20:46:53,532 - INFO - Pressure Sensor is healthy
2026-03-24 20:46:53,532 - INFO - Vibration Sensor is healthy
2026-03-24 20:46:53,533 - ERROR - Fuel Flow Sensor FAILED - Fuel flow interrupted
2026-03-24 20:46:53,533 - INFO - Voltage Sensor is healthy
2026-03-24 20:46:53,533 - INFO - Speed Sensor is healthy
2026-03-24 20:46:53,534 - INFO - Brake Pressure Sensor is healthy
2026-03-24 20:46:53,534 - INFO - Humidity Sensor is healthy
2026-03-24 20:46:53,535 - INFO - Track Alignment Sensor is healthy
2026-03-24 20:46:53,535 - INFO - Engine Load Sensor is healthy
2026-03-24 20:46:58,536 - INFO - Temperature Sensor is healthy
2026-03-24 20:46:58,536 - INFO - Pressure Sensor is healthy
2026-03-24 20:46:58,537 - INFO - Vibration Sensor is healthy
2026-03-24 20:46:58,537 - ERROR - Fuel Flow Sensor FAILED - Fuel flow interrupted
2026-03-24 20:46:58,537 - INFO - Voltage Sensor is healthy
2026-03-24 20:46:58,537 - INFO - Speed Sensor is healthy
2026-03-24 20:46:58,538 - INFO - Brake Pressure Sensor is healthy
2026-03-24 20:46:58,538 - INFO - Humidity Sensor is healthy
2026-03-24 20:46:58,538 - INFO - Track Alignment Sensor is healthy
2026-03-24 20:46:58,539 - INFO - Engine Load Sensor is healthy
2026-03-24 20:47:03,540 - INFO - Temperature Sensor is healthy
2026-03-24 20:47:03,541 - INFO - Pressure Sensor is healthy
2026-03-24 20:47:03,541 - INFO - Vibration Sensor is healthy
2026-03-24 20:47:03,542 - ERROR - Fuel Flow Sensor FAILED - Fuel flow interrupted
2026-03-24 20:47:03,542 - INFO - Voltage Sensor is healthy
2026-03-24 20:47:03,543 - INFO - Speed Sensor is healthy
2026-03-24 20:47:03,543 - INFO - Brake Pressure Sensor is healthy
2026-03-24 20:47:03,543 - INFO - Humidity Sensor is healthy
2026-03-24 20:47:03,543 - INFO - Track Alignment Sensor is healthy
2026-03-24 20:47:03,544 - INFO - Engine Load Sensor is healthy
2026-03-24 20:47:08,545 - INFO - Temperature Sensor is healthy
2026-03-24 20:47:08,545 - INFO - Pressure Sensor is healthy
2026-03-24 20:47:08,546 - INFO - Vibration Sensor is healthy
2026-03-24 20:47:08,546 - ERROR - Fuel Flow Sensor FAILED - Fuel flow interrupted
2026-03-24 20:47:08,547 - INFO - Voltage Sensor is healthy
2026-03-24 20:47:08,547 - INFO - Speed Sensor is healthy
2026-03-24 20:47:08,547 - INFO - Brake Pressure Sensor is healthy
2026-03-24 20:47:08,547 - INFO - Humidity Sensor is healthy
2026-03-24 20:47:08,548 - INFO - Track Alignment Sensor is healthy
2026-03-24 20:47:08,548 - INFO - Engine Load Sensor is healthy
2026-03-24 20:47:13,549 - INFO - Temperature Sensor is healthy
2026-03-24 20:47:13,550 - INFO - Pressure Sensor is healthy
2026-03-24 20:47:13,550 - INFO - Vibration Sensor is healthy
2026-03-24 20:47:13,551 - ERROR - Fuel Flow Sensor FAILED - Fuel flow interrupted
2026-03-24 20:47:13,551 - INFO - Voltage Sensor is healthy
2026-03-24 20:47:13,551 - INFO - Speed Sensor is healthy
2026-03-24 20:47:13,551 - INFO - Brake Pressure Sensor is healthy
2026-03-24 20:47:13,552 - INFO - Humidity Sensor is healthy
2026-03-24 20:47:13,552 - INFO - Track Alignment Sensor is healthy
2026-03-24 20:47:13,552 - INFO - Engine Load Sensor is healthy
2026-03-24 20:47:18,553 - INFO - Temperature Sensor is healthy
2026-03-24 20:47:18,554 - INFO - Pressure Sensor is healthy
2026-03-24 20:47:18,555 - INFO - Vibration Sensor is healthy
2026-03-24 20:47:18,556 - ERROR - Fuel Flow Sensor FAILED - Fuel flow interrupted
2026-03-24 20:47:18,557 - INFO - Voltage Sensor is healthy
2026-03-24 20:47:18,558 - INFO - Speed Sensor is healthy
2026-03-24 20:47:18,559 - INFO - Brake Pressure Sensor is healthy
2026-03-24 20:47:18,562 - INFO - Humidity Sensor is healthy
2026-03-24 20:47:18,565 - INFO - Track Alignment Sensor is healthy
2026-03-24 20:47:18,567 - INFO - Engine Load Sensor is healthy
2026-03-24 20:47:23,572 - INFO - Temperature Sensor is healthy
2026-03-24 20:47:23,572 - INFO - Pressure Sensor is healthy
2026-03-24 20:47:23,573 - INFO - Vibration Sensor is healthy
2026-03-24 20:47:23,573 - ERROR - Fuel Flow Sensor FAILED - Fuel flow interrupted
2026-03-24 20:47:23,574 - INFO - Voltage Sensor is healthy
2026-03-24 20:47:23,574 - INFO - Speed Sensor is healthy
2026-03-24 20:47:23,574 - INFO - Brake Pressure Sensor is healthy
2026-03-24 20:47:23,575 - INFO - Humidity Sensor is healthy
2026-03-24 20:47:23,576 - INFO - Track Alignment Sensor is healthy
2026-03-24 20:47:23,577 - INFO - Engine Load Sensor is healthy
2026-03-24 20:47:28,578 - INFO - Temperature Sensor is healthy
2026-03-24 20:47:28,579 - INFO - Pressure Sensor is healthy
2026-03-24 20:47:28,580 - INFO - Vibration Sensor is healthy
2026-03-24 20:47:28,580 - ERROR - Fuel Flow Sensor FAILED - Fuel flow interrupted
2026-03-24 20:47:28,580 - INFO - Voltage Sensor is healthy
2026-03-24 20:47:28,581 - INFO - Speed Sensor is healthy
2026-03-24 20:47:28,581 - INFO - Brake Pressure Sensor is healthy
2026-03-24 20:47:28,581 - INFO - Humidity Sensor is healthy
2026-03-24 20:47:28,582 - INFO - Track Alignment Sensor is healthy
2026-03-24 20:47:28,582 - INFO - Engine Load Sensor is healthy
2026-03-24 20:47:33,583 - INFO - Temperature Sensor is healthy
2026-03-24 20:47:33,585 - INFO - Pressure Sensor is healthy
2026-03-24 20:47:33,586 - INFO - Vibration Sensor is healthy
2026-03-24 20:47:33,586 - ERROR - Fuel Flow Sensor FAILED - Fuel flow interrupted
2026-03-24 20:47:33,587 - INFO - Voltage Sensor is healthy
2026-03-24 20:47:33,587 - INFO - Speed Sensor is healthy
2026-03-24 20:47:33,587 - INFO - Brake Pressure Sensor is healthy
2026-03-24 20:47:33,587 - INFO - Humidity Sensor is healthy
2026-03-24 20:47:33,588 - INFO - Track Alignment Sensor is healthy
2026-03-24 20:47:33,588 - INFO - Engine Load Sensor is healthy
2026-03-24 20:47:38,589 - INFO - Temperature Sensor is healthy
2026-03-24 20:47:38,589 - INFO - Pressure Sensor is healthy
2026-03-24 20:47:38,590 - INFO - Vibration Sensor is healthy
2026-03-24 20:47:38,590 - ERROR - Fuel Flow Sensor FAILED - Fuel flow interrupted
2026-03-24 20:47:38,591 - INFO - Voltage Sensor is healthy
2026-03-24 20:47:38,591 - INFO - Speed Sensor is healthy
2026-03-24 20:47:38,591 - INFO - Brake Pressure Sensor is healthy
2026-03-24 20:47:38,592 - INFO - Humidity Sensor is healthy
2026-03-24 20:47:38,592 - INFO - Track Alignment Sensor is healthy
2026-03-24 20:47:38,592 - INFO - Engine Load Sensor is healthy
2026-03-24 20:47:43,593 - INFO - Temperature Sensor is healthy
2026-03-24 20:47:43,594 - INFO - Pressure Sensor is healthy
2026-03-24 20:47:43,595 - INFO - Vibration Sensor is healthy
2026-03-24 20:47:43,595 - ERROR - Fuel Flow Sensor FAILED - Fuel flow interrupted
2026-03-24 20:47:43,595 - INFO - Voltage Sensor is healthy
2026-03-24 20:47:43,596 - INFO - Speed Sensor is healthy
2026-03-24 20:47:43,596 - INFO - Brake Pressure Sensor is healthy
2026-03-24 20:47:43,596 - INFO - Humidity Sensor is healthy
2026-03-24 20:47:43,597 - INFO - Track Alignment Sensor is healthy
2026-03-24 20:47:43,597 - INFO - Engine Load Sensor is healthy
2026-03-24 20:47:48,598 - INFO - Temperature Sensor is healthy
2026-03-24 20:47:48,598 - INFO - Pressure Sensor is healthy
2026-03-24 20:47:48,598 - INFO - Vibration Sensor is healthy
2026-03-24 20:47:48,599 - ERROR - Fuel Flow Sensor FAILED - Fuel flow interrupted
2026-03-24 20:47:48,599 - INFO - Voltage Sensor is healthy
2026-03-24 20:47:48,599 - INFO - Speed Sensor is healthy
2026-03-24 20:47:48,600 - INFO - Brake Pressure Sensor is healthy
2026-03-24 20:47:48,600 - INFO - Humidity Sensor is healthy
2026-03-24 20:47:48,600 - INFO - Track Alignment Sensor is healthy
2026-03-24 20:47:48,601 - INFO - Engine Load Sensor is healthy
2026-03-24 20:47:53,601 - INFO - Temperature Sensor is healthy
2026-03-24 20:47:53,602 - INFO - Pressure Sensor is healthy
2026-03-24 20:47:53,602 - INFO - Vibration Sensor is healthy
2026-03-24 20:47:53,603 - ERROR - Fuel Flow Sensor FAILED - Fuel flow interrupted
2026-03-24 20:47:53,603 - INFO - Voltage Sensor is healthy
2026-03-24 20:47:53,603 - INFO - Speed Sensor is healthy
2026-03-24 20:47:53,604 - INFO - Brake Pressure Sensor is healthy
2026-03-24 20:47:53,604 - INFO - Humidity Sensor is healthy
2026-03-24 20:47:53,604 - INFO - Track Alignment Sensor is healthy
2026-03-24 20:47:53,605 - INFO - Engine Load Sensor is healthy
2026-03-24 20:47:58,606 - INFO - Temperature Sensor is healthy
2026-03-24 20:47:58,607 - INFO - Pressure Sensor is healthy
2026-03-24 20:47:58,607 - INFO - Vibration Sensor is healthy
2026-03-24 20:47:58,608 - ERROR - Fuel Flow Sensor FAILED - Fuel flow interrupted
2026-03-24 20:47:58,608 - INFO - Voltage Sensor is healthy
2026-03-24 20:47:58,609 - INFO - Speed Sensor is healthy
2026-03-24 20:47:58,609 - INFO - Brake Pressure Sensor is healthy
2026-03-24 20:47:58,609 - INFO - Humidity Sensor is healthy
2026-03-24 20:47:58,610 - INFO - Track Alignment Sensor is healthy
2026-03-24 20:47:58,610 - INFO - Engine Load Sensor is healthy
2026-03-24 20:48:03,611 - INFO - Temperature Sensor is healthy
2026-03-24 20:48:03,611 - INFO - Pressure Sensor is healthy
2026-03-24 20:48:03,612 - INFO - Vibration Sensor is healthy
2026-03-24 20:48:03,612 - ERROR - Fuel Flow Sensor FAILED - Fuel flow interrupted
2026-03-24 20:48:03,612 - INFO - Voltage Sensor is healthy
2026-03-24 20:48:03,612 - INFO - Speed Sensor is healthy
2026-03-24 20:48:03,613 - INFO - Brake Pressure Sensor is healthy
2026-03-24 20:48:03,613 - INFO - Humidity Sensor is healthy
2026-03-24 20:48:03,613 - INFO - Track Alignment Sensor is healthy
2026-03-24 20:48:03,614 - INFO - Engine Load Sensor is healthy
2026-03-24 20:48:08,614 - INFO - Temperature Sensor is healthy
2026-03-24 20:48:08,615 - INFO - Pressure Sensor is healthy
2026-03-24 20:48:08,616 - INFO - Vibration Sensor is healthy
2026-03-24 20:48:08,616 - ERROR - Fuel Flow Sensor FAILED - Fuel flow interrupted
2026-03-24 20:48:08,617 - INFO - Voltage Sensor is healthy
2026-03-24 20:48:08,617 - INFO - Speed Sensor is healthy
2026-03-24 20:48:08,617 - INFO - Brake Pressure Sensor is healthy
2026-03-24 20:48:08,618 - INFO - Humidity Sensor is healthy
2026-03-24 20:48:08,618 - INFO - Track Alignment Sensor is healthy
2026-03-24 20:48:08,618 - INFO - Engine Load Sensor is healthy
2026-03-24 20:48:13,619 - INFO - Temperature Sensor is healthy
2026-03-24 20:48:13,620 - INFO - Pressure Sensor is healthy
2026-03-24 20:48:13,621 - INFO - Vibration Sensor is healthy
2026-03-24 20:48:13,621 - ERROR - Fuel Flow Sensor FAILED - Fuel flow interrupted
2026-03-24 20:48:13,621 - INFO - Voltage Sensor is healthy
2026-03-24 20:48:13,622 - INFO - Speed Sensor is healthy
2026-03-24 20:48:13,622 - INFO - Brake Pressure Sensor is healthy
2026-03-24 20:48:13,622 - INFO - Humidity Sensor is healthy
2026-03-24 20:48:13,622 - INFO - Track Alignment Sensor is healthy
2026-03-24 20:48:13,623 - INFO - Engine Load Sensor is healthy
2026-03-24 20:48:18,624 - INFO - Temperature Sensor is healthy
2026-03-24 20:48:18,625 - INFO - Pressure Sensor is healthy
2026-03-24 20:48:18,626 - INFO - Vibration Sensor is healthy
2026-03-24 20:48:18,626 - ERROR - Fuel Flow Sensor FAILED - Fuel flow interrupted
2026-03-24 20:48:18,626 - INFO - Voltage Sensor is healthy
2026-03-24 20:48:18,627 - INFO - Speed Sensor is healthy
2026-03-24 20:48:18,627 - INFO - Brake Pressure Sensor is healthy
2026-03-24 20:48:18,627 - INFO - Humidity Sensor is healthy
2026-03-24 20:48:18,627 - INFO - Track Alignment Sensor is healthy
2026-03-24 20:48:18,628 - INFO - Engine Load Sensor is healthy
2026-03-24 20:48:23,629 - INFO - Temperature Sensor is healthy
2026-03-24 20:48:23,629 - INFO - Pressure Sensor is healthy
2026-03-24 20:48:23,630 - INFO - Vibration Sensor is healthy
2026-03-24 20:48:23,630 - ERROR - Fuel Flow Sensor FAILED - Fuel flow interrupted
2026-03-24 20:48:23,631 - INFO - Voltage Sensor is healthy
2026-03-24 20:48:23,631 - INFO - Speed Sensor is healthy
2026-03-24 20:48:23,631 - INFO - Brake Pressure Sensor is healthy
2026-03-24 20:48:23,632 - INFO - Humidity Sensor is healthy
2026-03-24 20:48:23,632 - INFO - Track Alignment Sensor is healthy
2026-03-24 20:48:23,632 - INFO - Engine Load Sensor is healthy
2026-03-24 20:48:28,633 - INFO - Temperature Sensor is healthy
2026-03-24 20:48:28,634 - INFO - Pressure Sensor is healthy
2026-03-24 20:48:28,635 - INFO - Vibration Sensor is healthy
2026-03-24 20:48:28,635 - ERROR - Fuel Flow Sensor FAILED - Fuel flow interrupted
2026-03-24 20:48:28,636 - INFO - Voltage Sensor is healthy
2026-03-24 20:48:28,636 - INFO - Speed Sensor is healthy
2026-03-24 20:48:28,636 - INFO - Brake Pressure Sensor is healthy
2026-03-24 20:48:28,637 - INFO - Humidity Sensor is healthy
2026-03-24 20:48:28,637 - INFO - Track Alignment Sensor is healthy
2026-03-24 20:48:28,637 - INFO - Engine Load Sensor is healthy
2026-03-24 20:48:33,638 - INFO - Temperature Sensor is healthy
2026-03-24 20:48:33,639 - INFO - Pressure Sensor is healthy
2026-03-24 20:48:33,639 - INFO - Vibration Sensor is healthy
2026-03-24 20:48:33,640 - ERROR - Fuel Flow Sensor FAILED - Fuel flow interrupted
2026-03-24 20:48:33,640 - INFO - Voltage Sensor is healthy
2026-03-24 20:48:33,641 - INFO - Speed Sensor is healthy
2026-03-24 20:48:33,641 - INFO - Brake Pressure Sensor is healthy
2026-03-24 20:48:33,641 - INFO - Humidity Sensor is healthy
2026-03-24 20:48:33,642 - INFO - Track Alignment Sensor is healthy
2026-03-24 20:48:33,642 - INFO - Engine Load Sensor is healthy
2026-03-24 20:48:38,643 - INFO - Temperature Sensor is healthy
2026-03-24 20:48:38,643 - INFO - Pressure Sensor is healthy
2026-03-24 20:48:38,644 - INFO - Vibration Sensor is healthy
2026-03-24 20:48:38,644 - ERROR - Fuel Flow Sensor FAILED - Fuel flow interrupted
2026-03-24 20:48:38,645 - INFO - Voltage Sensor is healthy
2026-03-24 20:48:38,645 - INFO - Speed Sensor is healthy
2026-03-24 20:48:38,645 - INFO - Brake Pressure Sensor is healthy
2026-03-24 20:48:38,646 - INFO - Humidity Sensor is healthy
2026-03-24 20:48:38,646 - INFO - Track Alignment Sensor is healthy
2026-03-24 20:48:38,646 - INFO - Engine Load Sensor is healthy
2026-03-24 20:48:43,647 - INFO - Temperature Sensor is healthy
2026-03-24 20:48:43,648 - INFO - Pressure Sensor is healthy
2026-03-24 20:48:43,648 - INFO - Vibration Sensor is healthy
2026-03-24 20:48:43,648 - ERROR - Fuel Flow Sensor FAILED - Fuel flow interrupted
2026-03-24 20:48:43,649 - INFO - Voltage Sensor is healthy
2026-03-24 20:48:43,649 - INFO - Speed Sensor is healthy
2026-03-24 20:48:43,649 - INFO - Brake Pressure Sensor is healthy
2026-03-24 20:48:43,649 - INFO - Humidity Sensor is healthy
2026-03-24 20:48:43,649 - INFO - Track Alignment Sensor is healthy
2026-03-24 20:48:43,650 - INFO - Engine Load Sensor is healthy
2026-03-24 20:48:48,650 - INFO - Temperature Sensor is healthy
2026-03-24 20:48:48,651 - INFO - Pressure Sensor is healthy
2026-03-24 20:48:48,652 - INFO - Vibration Sensor is healthy
2026-03-24 20:48:48,652 - ERROR - Fuel Flow Sensor FAILED - Fuel flow interrupted
2026-03-24 20:48:48,653 - INFO - Voltage Sensor is healthy
2026-03-24 20:48:48,653 - INFO - Speed Sensor is healthy
2026-03-24 20:48:48,654 - INFO - Brake Pressure Sensor is healthy
2026-03-24 20:48:48,654 - INFO - Humidity Sensor is healthy
2026-03-24 20:48:48,654 - INFO - Track Alignment Sensor is healthy
2026-03-24 20:48:48,655 - INFO - Engine Load Sensor is healthy
2026-03-24 20:48:53,655 - INFO - Temperature Sensor is healthy
2026-03-24 20:48:53,656 - INFO - Pressure Sensor is healthy
2026-03-24 20:48:53,656 - INFO - Vibration Sensor is healthy
2026-03-24 20:48:53,657 - ERROR - Fuel Flow Sensor FAILED - Fuel flow interrupted
2026-03-24 20:48:53,657 - INFO - Voltage Sensor is healthy
2026-03-24 20:48:53,658 - INFO - Speed Sensor is healthy
2026-03-24 20:48:53,658 - INFO - Brake Pressure Sensor is healthy
2026-03-24 20:48:53,659 - INFO - Humidity Sensor is healthy
2026-03-24 20:48:53,659 - INFO - Track Alignment Sensor is healthy
2026-03-24 20:48:53,660 - INFO - Engine Load Sensor is healthy
2026-03-24 20:48:58,661 - INFO - Temperature Sensor is healthy
2026-03-24 20:48:58,661 - INFO - Pressure Sensor is healthy
2026-03-24 20:48:58,662 - INFO - Vibration Sensor is healthy
2026-03-24 20:48:58,662 - ERROR - Fuel Flow Sensor FAILED - Fuel flow interrupted
2026-03-24 20:48:58,662 - INFO - Voltage Sensor is healthy
2026-03-24 20:48:58,663 - INFO - Speed Sensor is healthy
2026-03-24 20:48:58,663 - INFO - Brake Pressure Sensor is healthy
2026-03-24 20:48:58,663 - INFO - Humidity Sensor is healthy
2026-03-24 20:48:58,664 - INFO - Track Alignment Sensor is healthy
2026-03-24 20:48:58,664 - INFO - Engine Load Sensor is healthy
2026-03-24 20:49:03,665 - INFO - Temperature Sensor is healthy
2026-03-24 20:49:03,666 - INFO - Pressure Sensor is healthy
2026-03-24 20:49:03,666 - INFO - Vibration Sensor is healthy
2026-03-24 20:49:03,666 - ERROR - Fuel Flow Sensor FAILED - Fuel flow interrupted
2026-03-24 20:49:03,666 - INFO - Voltage Sensor is healthy
2026-03-24 20:49:03,667 - INFO - Speed Sensor is healthy
2026-03-24 20:49:03,667 - INFO - Brake Pressure Sensor is healthy
2026-03-24 20:49:03,667 - INFO - Humidity Sensor is healthy
2026-03-24 20:49:03,668 - INFO - Track Alignment Sensor is healthy
2026-03-24 20:49:03,668 - INFO - Engine Load Sensor is healthy
2026-03-24 20:49:08,668 - INFO - Temperature Sensor is healthy
2026-03-24 20:49:08,669 - INFO - Pressure Sensor is healthy
2026-03-24 20:49:08,669 - INFO - Vibration Sensor is healthy
2026-03-24 20:49:08,669 - ERROR - Fuel Flow Sensor FAILED - Fuel flow interrupted
2026-03-24 20:49:08,670 - INFO - Voltage Sensor is healthy
2026-03-24 20:49:08,670 - INFO - Speed Sensor is healthy
2026-03-24 20:49:08,670 - INFO - Brake Pressure Sensor is healthy
2026-03-24 20:49:08,671 - INFO - Humidity Sensor is healthy
2026-03-24 20:49:08,671 - INFO - Track Alignment Sensor is healthy
2026-03-24 20:49:08,671 - INFO - Engine Load Sensor is healthy
2026-03-24 20:49:13,673 - INFO - Temperature Sensor is healthy
2026-03-24 20:49:13,673 - INFO - Pressure Sensor is healthy
2026-03-24 20:49:13,673 - INFO - Vibration Sensor is healthy
2026-03-24 20:49:13,674 - ERROR - Fuel Flow Sensor FAILED - Fuel flow interrupted
2026-03-24 20:49:13,674 - INFO - Voltage Sensor is healthy
2026-03-24 20:49:13,674 - INFO - Speed Sensor is healthy
2026-03-24 20:49:13,674 - INFO - Brake Pressure Sensor is healthy
2026-03-24 20:49:13,675 - INFO - Humidity Sensor is healthy
2026-03-24 20:49:13,675 - INFO - Track Alignment Sensor is healthy
2026-03-24 20:49:13,675 - INFO - Engine Load Sensor is healthy
2026-03-24 20:49:18,677 - INFO - Temperature Sensor is healthy
2026-03-24 20:49:18,677 - INFO - Pressure Sensor is healthy
2026-03-24 20:49:18,678 - INFO - Vibration Sensor is healthy
2026-03-24 20:49:18,678 - ERROR - Fuel Flow Sensor FAILED - Fuel flow interrupted
2026-03-24 20:49:18,678 - INFO - Voltage Sensor is healthy
2026-03-24 20:49:18,679 - INFO - Speed Sensor is healthy
2026-03-24 20:49:18,679 - INFO - Brake Pressure Sensor is healthy
2026-03-24 20:49:18,679 - INFO - Humidity Sensor is healthy
2026-03-24 20:49:18,680 - INFO - Track Alignment Sensor is healthy
2026-03-24 20:49:18,680 - INFO - Engine Load Sensor is healthy
2026-03-24 20:49:23,681 - INFO - Temperature Sensor is healthy
2026-03-24 20:49:23,681 - INFO - Pressure Sensor is healthy
2026-03-24 20:49:23,682 - INFO - Vibration Sensor is healthy
2026-03-24 20:49:23,682 - ERROR - Fuel Flow Sensor FAILED - Fuel flow interrupted
2026-03-24 20:49:23,682 - INFO - Voltage Sensor is healthy
2026-03-24 20:49:23,683 - INFO - Speed Sensor is healthy
2026-03-24 20:49:23,683 - INFO - Brake Pressure Sensor is healthy
2026-03-24 20:49:23,684 - INFO - Humidity Sensor is healthy
2026-03-24 20:49:23,684 - INFO - Track Alignment Sensor is healthy
2026-03-24 20:49:23,684 - INFO - Engine Load Sensor is healthy
2026-03-24 20:49:28,685 - INFO - Temperature Sensor is healthy
2026-03-24 20:49:28,685 - INFO - Pressure Sensor is healthy
2026-03-24 20:49:28,686 - INFO - Vibration Sensor is healthy
2026-03-24 20:49:28,686 - ERROR - Fuel Flow Sensor FAILED - Fuel flow interrupted
2026-03-24 20:49:28,686 - INFO - Voltage Sensor is healthy
2026-03-24 20:49:28,687 - INFO - Speed Sensor is healthy
2026-03-24 20:49:28,687 - INFO - Brake Pressure Sensor is healthy
2026-03-24 20:49:28,688 - INFO - Humidity Sensor is healthy
2026-03-24 20:49:28,688 - INFO - Track Alignment Sensor is healthy
2026-03-24 20:49:28,688 - INFO - Engine Load Sensor is healthy
2026-03-24 20:49:33,689 - INFO - Temperature Sensor is healthy
2026-03-24 20:49:33,690 - INFO - Pressure Sensor is healthy
2026-03-24 20:49:33,690 - INFO - Vibration Sensor is healthy
2026-03-24 20:49:33,691 - ERROR - Fuel Flow Sensor FAILED - Fuel flow interrupted
2026-03-24 20:49:33,691 - INFO - Voltage Sensor is healthy
2026-03-24 20:49:33,691 - INFO - Speed Sensor is healthy
2026-03-24 20:49:33,692 - INFO - Brake Pressure Sensor is healthy
2026-03-24 20:49:33,692 - INFO - Humidity Sensor is healthy
2026-03-24 20:49:33,692 - INFO - Track Alignment Sensor is healthy
2026-03-24 20:49:33,693 - INFO - Engine Load Sensor is healthy
2026-03-24 20:49:38,693 - INFO - Temperature Sensor is healthy
2026-03-24 20:49:38,694 - INFO - Pressure Sensor is healthy
2026-03-24 20:49:38,695 - INFO - Vibration Sensor is healthy
2026-03-24 20:49:38,695 - ERROR - Fuel Flow Sensor FAILED - Fuel flow interrupted
2026-03-24 20:49:38,696 - INFO - Voltage Sensor is healthy
2026-03-24 20:49:38,697 - INFO - Speed Sensor is healthy
2026-03-24 20:49:38,698 - INFO - Brake Pressure Sensor is healthy
2026-03-24 20:49:38,698 - INFO - Humidity Sensor is healthy
2026-03-24 20:49:38,699 - INFO - Track Alignment Sensor is healthy
2026-03-24 20:49:38,699 - INFO - Engine Load Sensor is healthy
2026-03-24 20:49:43,708 - INFO - Temperature Sensor is healthy
2026-03-24 20:49:43,708 - INFO - Pressure Sensor is healthy
2026-03-24 20:49:43,708 - INFO - Vibration Sensor is healthy
2026-03-24 20:49:43,708 - ERROR - Fuel Flow Sensor FAILED - Fuel flow interrupted
2026-03-24 20:49:43,709 - INFO - Voltage Sensor is healthy
2026-03-24 20:49:43,709 - INFO - Speed Sensor is healthy
2026-03-24 20:49:43,709 - INFO - Brake Pressure Sensor is healthy
2026-03-24 20:49:43,710 - INFO - Humidity Sensor is healthy
2026-03-24 20:49:43,711 - INFO - Track Alignment Sensor is healthy
2026-03-24 20:49:43,711 - INFO - Engine Load Sensor is healthy
2026-03-24 20:49:48,711 - INFO - Temperature Sensor is healthy
2026-03-24 20:49:48,712 - INFO - Pressure Sensor is healthy
2026-03-24 20:49:48,712 - INFO - Vibration Sensor is healthy
2026-03-24 20:49:48,713 - ERROR - Fuel Flow Sensor FAILED - Fuel flow interrupted
2026-03-24 20:49:48,713 - INFO - Voltage Sensor is healthy
2026-03-24 20:49:48,713 - INFO - Speed Sensor is healthy
2026-03-24 20:49:48,714 - INFO - Brake Pressure Sensor is healthy
2026-03-24 20:49:48,714 - INFO - Humidity Sensor is healthy
2026-03-24 20:49:48,715 - INFO - Track Alignment Sensor is healthy
2026-03-24 20:49:48,716 - INFO - Engine Load Sensor is healthy
2026-03-24 20:49:53,716 - INFO - Temperature Sensor is healthy
2026-03-24 20:49:53,717 - INFO - Pressure Sensor is healthy
2026-03-24 20:49:53,718 - INFO - Vibration Sensor is healthy
2026-03-24 20:49:53,718 - ERROR - Fuel Flow Sensor FAILED - Fuel flow interrupted
2026-03-24 20:49:53,718 - INFO - Voltage Sensor is healthy
2026-03-24 20:49:53,719 - INFO - Speed Sensor is healthy
2026-03-24 20:49:53,719 - INFO - Brake Pressure Sensor is healthy
2026-03-24 20:49:53,719 - INFO - Humidity Sensor is healthy
2026-03-24 20:49:53,720 - INFO - Track Alignment Sensor is healthy
2026-03-24 20:49:53,720 - INFO - Engine Load Sensor is healthy
2026-03-24 20:49:58,721 - INFO - Temperature Sensor is healthy
2026-03-24 20:49:58,722 - INFO - Pressure Sensor is healthy
2026-03-24 20:49:58,722 - INFO - Vibration Sensor is healthy
2026-03-24 20:49:58,722 - ERROR - Fuel Flow Sensor FAILED - Fuel flow interrupted
2026-03-24 20:49:58,723 - INFO - Voltage Sensor is healthy
2026-03-24 20:49:58,723 - INFO - Speed Sensor is healthy
2026-03-24 20:49:58,723 - INFO - Brake Pressure Sensor is healthy
2026-03-24 20:49:58,723 - INFO - Humidity Sensor is healthy
2026-03-24 20:49:58,724 - INFO - Track Alignment Sensor is healthy
2026-03-24 20:49:58,724 - INFO - Engine Load Sensor is healthy
2026-03-24 20:53:05,602 - INFO - Sensor Monitoring API is running
2026-03-24 20:53:10,605 - INFO - Temperature Sensor is healthy
2026-03-24 20:53:10,605 - INFO - Pressure Sensor is healthy
2026-03-24 20:53:10,605 - INFO - Vibration Sensor is healthy
2026-03-24 20:53:10,606 - INFO - Fuel Flow Sensor is healthy
2026-03-24 20:53:10,606 - INFO - Voltage Sensor is healthy
2026-03-24 20:53:10,607 - INFO - Speed Sensor is healthy
2026-03-24 20:53:10,607 - INFO - Brake Pressure Sensor is healthy
2026-03-24 20:53:10,608 - INFO - Humidity Sensor is healthy
2026-03-24 20:53:10,608 - INFO - Track Alignment Sensor is healthy
2026-03-24 20:53:10,609 - INFO - Engine Load Sensor is healthy
2026-03-24 20:53:15,611 - INFO - Temperature Sensor is healthy
2026-03-24 20:53:15,612 - INFO - Pressure Sensor is healthy
2026-03-24 20:53:15,613 - INFO - Vibration Sensor is healthy
2026-03-24 20:53:15,613 - INFO - Fuel Flow Sensor is healthy
2026-03-24 20:53:15,613 - INFO - Voltage Sensor is healthy
2026-03-24 20:53:15,614 - INFO - Speed Sensor is healthy
2026-03-24 20:53:15,614 - INFO - Brake Pressure Sensor is healthy
2026-03-24 20:53:15,615 - INFO - Humidity Sensor is healthy
2026-03-24 20:53:15,615 - INFO - Track Alignment Sensor is healthy
2026-03-24 20:53:15,616 - INFO - Engine Load Sensor is healthy
2026-03-24 20:53:20,617 - INFO - Temperature Sensor is healthy
2026-03-24 20:53:20,618 - INFO - Pressure Sensor is healthy
2026-03-24 20:53:20,618 - INFO - Vibration Sensor is healthy
2026-03-24 20:53:20,619 - INFO - Fuel Flow Sensor is healthy
2026-03-24 20:53:20,619 - INFO - Voltage Sensor is healthy
2026-03-24 20:53:20,620 - INFO - Speed Sensor is healthy
2026-03-24 20:53:20,621 - INFO - Brake Pressure Sensor is healthy
2026-03-24 20:53:20,621 - INFO - Humidity Sensor is healthy
2026-03-24 20:53:20,622 - INFO - Track Alignment Sensor is healthy
2026-03-24 20:53:20,622 - INFO - Engine Load Sensor is healthy
2026-03-24 20:53:25,623 - INFO - Temperature Sensor is healthy
2026-03-24 20:53:25,624 - INFO - Pressure Sensor is healthy
2026-03-24 20:53:25,624 - INFO - Vibration Sensor is healthy
2026-03-24 20:53:25,625 - INFO - Fuel Flow Sensor is healthy
2026-03-24 20:53:25,625 - INFO - Voltage Sensor is healthy
2026-03-24 20:53:25,626 - INFO - Speed Sensor is healthy
2026-03-24 20:53:25,626 - INFO - Brake Pressure Sensor is healthy
2026-03-24 20:53:25,626 - INFO - Humidity Sensor is healthy
2026-03-24 20:53:25,627 - INFO - Track Alignment Sensor is healthy
2026-03-24 20:53:25,627 - INFO - Engine Load Sensor is healthy
2026-03-24 20:53:30,628 - INFO - Temperature Sensor is healthy
2026-03-24 20:53:30,629 - INFO - Pressure Sensor is healthy
2026-03-24 20:53:30,629 - INFO - Vibration Sensor is healthy
2026-03-24 20:53:30,629 - INFO - Fuel Flow Sensor is healthy
2026-03-24 20:53:30,630 - INFO - Voltage Sensor is healthy
2026-03-24 20:53:30,630 - INFO - Speed Sensor is healthy
2026-03-24 20:53:30,630 - INFO - Brake Pressure Sensor is healthy
2026-03-24 20:53:30,631 - INFO - Humidity Sensor is healthy
2026-03-24 20:53:30,631 - INFO - Track Alignment Sensor is healthy
2026-03-24 20:53:30,632 - INFO - Engine Load Sensor is healthy
2026-03-24 20:53:35,632 - INFO - Temperature Sensor is healthy
2026-03-24 20:53:35,633 - INFO - Pressure Sensor is healthy
2026-03-24 20:53:35,633 - INFO - Vibration Sensor is healthy
2026-03-24 20:53:35,633 - INFO - Fuel Flow Sensor is healthy
2026-03-24 20:53:35,634 - INFO - Voltage Sensor is healthy
2026-03-24 20:53:35,634 - INFO - Speed Sensor is healthy
2026-03-24 20:53:35,634 - INFO - Brake Pressure Sensor is healthy
2026-03-24 20:53:35,634 - INFO - Humidity Sensor is healthy
2026-03-24 20:53:35,635 - INFO - Track Alignment Sensor is healthy
2026-03-24 20:53:35,635 - INFO - Engine Load Sensor is healthy
2026-03-24 20:53:40,636 - INFO - Temperature Sensor is healthy
2026-03-24 20:53:40,637 - INFO - Pressure Sensor is healthy
2026-03-24 20:53:40,638 - INFO - Vibration Sensor is healthy
2026-03-24 20:53:40,638 - INFO - Fuel Flow Sensor is healthy
2026-03-24 20:53:40,639 - INFO - Voltage Sensor is healthy
2026-03-24 20:53:40,639 - INFO - Speed Sensor is healthy
2026-03-24 20:53:40,639 - INFO - Brake Pressure Sensor is healthy
2026-03-24 20:53:40,640 - INFO - Humidity Sensor is healthy
2026-03-24 20:53:40,640 - INFO - Track Alignment Sensor is healthy
2026-03-24 20:53:40,641 - INFO - Engine Load Sensor is healthy
2026-03-24 20:53:45,642 - INFO - Temperature Sensor is healthy
2026-03-24 20:53:45,643 - INFO - Pressure Sensor is healthy
2026-03-24 20:53:45,643 - INFO - Vibration Sensor is healthy
2026-03-24 20:53:45,643 - INFO - Fuel Flow Sensor is healthy
2026-03-24 20:53:45,644 - INFO - Voltage Sensor is healthy
2026-03-24 20:53:45,644 - INFO - Speed Sensor is healthy
2026-03-24 20:53:45,644 - INFO - Brake Pressure Sensor is healthy
2026-03-24 20:53:45,645 - INFO - Humidity Sensor is healthy
2026-03-24 20:53:45,645 - INFO - Track Alignment Sensor is healthy
2026-03-24 20:53:45,646 - INFO - Engine Load Sensor is healthy
2026-03-24 20:53:50,647 - INFO - Temperature Sensor is healthy
2026-03-24 20:53:50,647 - INFO - Pressure Sensor is healthy
2026-03-24 20:53:50,648 - INFO - Vibration Sensor is healthy
2026-03-24 20:53:50,648 - INFO - Fuel Flow Sensor is healthy
2026-03-24 20:53:50,648 - INFO - Voltage Sensor is healthy
2026-03-24 20:53:50,649 - INFO - Speed Sensor is healthy
2026-03-24 20:53:50,649 - INFO - Brake Pressure Sensor is healthy
2026-03-24 20:53:50,650 - INFO - Humidity Sensor is healthy
2026-03-24 20:53:50,650 - INFO - Track Alignment Sensor is healthy
2026-03-24 20:53:50,650 - INFO - Engine Load Sensor is healthy
2026-03-24 20:53:55,651 - INFO - Temperature Sensor is healthy
2026-03-24 20:53:55,651 - INFO - Pressure Sensor is healthy
2026-03-24 20:53:55,652 - INFO - Vibration Sensor is healthy
2026-03-24 20:53:55,652 - INFO - Fuel Flow Sensor is healthy
2026-03-24 20:53:55,653 - INFO - Voltage Sensor is healthy
2026-03-24 20:53:55,653 - INFO - Speed Sensor is healthy
2026-03-24 20:53:55,653 - INFO - Brake Pressure Sensor is healthy
2026-03-24 20:53:55,654 - INFO - Humidity Sensor is healthy
2026-03-24 20:53:55,654 - INFO - Track Alignment Sensor is healthy
2026-03-24 20:53:55,654 - INFO - Engine Load Sensor is healthy
2026-03-24 20:54:00,655 - INFO - Temperature Sensor is healthy
2026-03-24 20:54:00,656 - INFO - Pressure Sensor is healthy
2026-03-24 20:54:00,656 - INFO - Vibration Sensor is healthy
2026-03-24 20:54:00,657 - INFO - Fuel Flow Sensor is healthy
2026-03-24 20:54:00,657 - INFO - Voltage Sensor is healthy
2026-03-24 20:54:00,658 - INFO - Speed Sensor is healthy
2026-03-24 20:54:00,658 - INFO - Brake Pressure Sensor is healthy
2026-03-24 20:54:00,658 - INFO - Humidity Sensor is healthy
2026-03-24 20:54:00,659 - INFO - Track Alignment Sensor is healthy
2026-03-24 20:54:00,659 - INFO - Engine Load Sensor is healthy
2026-03-24 20:54:05,660 - INFO - Temperature Sensor is healthy
2026-03-24 20:54:05,660 - INFO - Pressure Sensor is healthy
2026-03-24 20:54:05,661 - INFO - Vibration Sensor is healthy
2026-03-24 20:54:05,661 - INFO - Fuel Flow Sensor is healthy
2026-03-24 20:54:05,661 - INFO - Voltage Sensor is healthy
2026-03-24 20:54:05,662 - INFO - Speed Sensor is healthy
2026-03-24 20:54:05,662 - INFO - Brake Pressure Sensor is healthy
2026-03-24 20:54:05,663 - INFO - Humidity Sensor is healthy
2026-03-24 20:54:05,663 - INFO - Track Alignment Sensor is healthy
2026-03-24 20:54:05,663 - INFO - Engine Load Sensor is healthy
2026-03-24 20:54:10,664 - INFO - Temperature Sensor is healthy
2026-03-24 20:54:10,665 - INFO - Pressure Sensor is healthy
2026-03-24 20:54:10,665 - INFO - Vibration Sensor is healthy
2026-03-24 20:54:10,666 - INFO - Fuel Flow Sensor is healthy
2026-03-24 20:54:10,666 - INFO - Voltage Sensor is healthy
2026-03-24 20:54:10,667 - INFO - Speed Sensor is healthy
2026-03-24 20:54:10,667 - INFO - Brake Pressure Sensor is healthy
2026-03-24 20:54:10,668 - INFO - Humidity Sensor is healthy
2026-03-24 20:54:10,668 - INFO - Track Alignment Sensor is healthy
2026-03-24 20:54:10,668 - INFO - Engine Load Sensor is healthy
2026-03-24 20:54:15,669 - INFO - Temperature Sensor is healthy
2026-03-24 20:54:15,670 - INFO - Pressure Sensor is healthy
2026-03-24 20:54:15,670 - INFO - Vibration Sensor is healthy
2026-03-24 20:54:15,671 - INFO - Fuel Flow Sensor is healthy
2026-03-24 20:54:15,671 - INFO - Voltage Sensor is healthy
2026-03-24 20:54:15,671 - INFO - Speed Sensor is healthy
2026-03-24 20:54:15,672 - INFO - Brake Pressure Sensor is healthy
2026-03-24 20:54:15,672 - INFO - Humidity Sensor is healthy
2026-03-24 20:54:15,673 - INFO - Track Alignment Sensor is healthy
2026-03-24 20:54:15,674 - INFO - Engine Load Sensor is healthy
2026-03-24 20:54:20,676 - INFO - Temperature Sensor is healthy
2026-03-24 20:54:20,676 - INFO - Pressure Sensor is healthy
2026-03-24 20:54:20,677 - INFO - Vibration Sensor is healthy
2026-03-24 20:54:20,677 - INFO - Fuel Flow Sensor is healthy
2026-03-24 20:54:20,678 - INFO - Voltage Sensor is healthy
2026-03-24 20:54:20,678 - INFO - Speed Sensor is healthy
2026-03-24 20:54:20,679 - INFO - Brake Pressure Sensor is healthy
2026-03-24 20:54:20,679 - INFO - Humidity Sensor is healthy
2026-03-24 20:54:20,680 - INFO - Track Alignment Sensor is healthy
2026-03-24 20:54:20,680 - INFO - Engine Load Sensor is healthy
2026-03-24 20:54:25,682 - INFO - Temperature Sensor is healthy
2026-03-24 20:54:25,682 - INFO - Pressure Sensor is healthy
2026-03-24 20:54:25,683 - INFO - Vibration Sensor is healthy
2026-03-24 20:54:25,683 - INFO - Fuel Flow Sensor is healthy
2026-03-24 20:54:25,684 - INFO - Voltage Sensor is healthy
2026-03-24 20:54:25,684 - INFO - Speed Sensor is healthy
2026-03-24 20:54:25,684 - INFO - Brake Pressure Sensor is healthy
2026-03-24 20:54:25,685 - INFO - Humidity Sensor is healthy
2026-03-24 20:54:25,685 - INFO - Track Alignment Sensor is healthy
2026-03-24 20:54:25,686 - INFO - Engine Load Sensor is healthy
2026-03-24 20:54:30,687 - INFO - Temperature Sensor is healthy
2026-03-24 20:54:30,688 - INFO - Pressure Sensor is healthy
2026-03-24 20:54:30,688 - INFO - Vibration Sensor is healthy
2026-03-24 20:54:30,688 - INFO - Fuel Flow Sensor is healthy
2026-03-24 20:54:30,688 - INFO - Voltage Sensor is healthy
2026-03-24 20:54:30,689 - INFO - Speed Sensor is healthy
2026-03-24 20:54:30,689 - INFO - Brake Pressure Sensor is healthy
2026-03-24 20:54:30,689 - INFO - Humidity Sensor is healthy
2026-03-24 20:54:30,690 - INFO - Track Alignment Sensor is healthy
2026-03-24 20:54:30,690 - INFO - Engine Load Sensor is healthy
2026-03-24 20:54:35,691 - INFO - Temperature Sensor is healthy
2026-03-24 20:54:35,692 - INFO - Pressure Sensor is healthy
2026-03-24 20:54:35,693 - INFO - Vibration Sensor is healthy
2026-03-24 20:54:35,693 - INFO - Fuel Flow Sensor is healthy
2026-03-24 20:54:35,693 - INFO - Voltage Sensor is healthy
2026-03-24 20:54:35,694 - INFO - Speed Sensor is healthy
2026-03-24 20:54:35,694 - INFO - Brake Pressure Sensor is healthy
2026-03-24 20:54:35,695 - INFO - Humidity Sensor is healthy
2026-03-24 20:54:35,695 - INFO - Track Alignment Sensor is healthy
2026-03-24 20:54:35,695 - INFO - Engine Load Sensor is healthy
2026-03-24 20:54:40,696 - INFO - Temperature Sensor is healthy
2026-03-24 20:54:40,697 - INFO - Pressure Sensor is healthy
2026-03-24 20:54:40,697 - INFO - Vibration Sensor is healthy
2026-03-24 20:54:40,698 - INFO - Fuel Flow Sensor is healthy
2026-03-24 20:54:40,698 - INFO - Voltage Sensor is healthy
2026-03-24 20:54:40,698 - INFO - Speed Sensor is healthy
2026-03-24 20:54:40,699 - INFO - Brake Pressure Sensor is healthy
2026-03-24 20:54:40,699 - INFO - Humidity Sensor is healthy
2026-03-24 20:54:40,700 - INFO - Track Alignment Sensor is healthy
2026-03-24 20:54:40,700 - INFO - Engine Load Sensor is healthy
2026-03-24 20:54:45,701 - INFO - Temperature Sensor is healthy
2026-03-24 20:54:45,701 - INFO - Pressure Sensor is healthy
2026-03-24 20:54:45,702 - INFO - Vibration Sensor is healthy
2026-03-24 20:54:45,702 - INFO - Fuel Flow Sensor is healthy
2026-03-24 20:54:45,702 - INFO - Voltage Sensor is healthy
2026-03-24 20:54:45,702 - INFO - Speed Sensor is healthy
2026-03-24 20:54:45,703 - INFO - Brake Pressure Sensor is healthy
2026-03-24 20:54:45,703 - INFO - Humidity Sensor is healthy
2026-03-24 20:54:45,703 - INFO - Track Alignment Sensor is healthy
2026-03-24 20:54:45,703 - INFO - Engine Load Sensor is healthy
2026-03-24 20:54:50,705 - INFO - Temperature Sensor is healthy
2026-03-24 20:54:50,705 - INFO - Pressure Sensor is healthy
2026-03-24 20:54:50,706 - INFO - Vibration Sensor is healthy
2026-03-24 20:54:50,706 - INFO - Fuel Flow Sensor is healthy
2026-03-24 20:54:50,706 - INFO - Voltage Sensor is healthy
2026-03-24 20:54:50,706 - INFO - Speed Sensor is healthy
2026-03-24 20:54:50,706 - INFO - Brake Pressure Sensor is healthy
2026-03-24 20:54:50,707 - INFO - Humidity Sensor is healthy
2026-03-24 20:54:50,707 - INFO - Track Alignment Sensor is healthy
2026-03-24 20:54:50,707 - INFO - Engine Load Sensor is healthy
2026-03-24 20:54:55,709 - INFO - Temperature Sensor is healthy
2026-03-24 20:54:55,709 - INFO - Pressure Sensor is healthy
2026-03-24 20:54:55,709 - INFO - Vibration Sensor is healthy
2026-03-24 20:54:55,710 - INFO - Fuel Flow Sensor is healthy
2026-03-24 20:54:55,710 - INFO - Voltage Sensor is healthy
2026-03-24 20:54:55,710 - INFO - Speed Sensor is healthy
2026-03-24 20:54:55,710 - INFO - Brake Pressure Sensor is healthy
2026-03-24 20:54:55,711 - INFO - Humidity Sensor is healthy
2026-03-24 20:54:55,711 - INFO - Track Alignment Sensor is healthy
2026-03-24 20:54:55,711 - INFO - Engine Load Sensor is healthy
2026-03-24 20:55:00,712 - INFO - Temperature Sensor is healthy
2026-03-24 20:55:00,712 - INFO - Pressure Sensor is healthy
2026-03-24 20:55:00,713 - INFO - Vibration Sensor is healthy
2026-03-24 20:55:00,713 - INFO - Fuel Flow Sensor is healthy
2026-03-24 20:55:00,713 - INFO - Voltage Sensor is healthy
2026-03-24 20:55:00,714 - INFO - Speed Sensor is healthy
2026-03-24 20:55:00,714 - INFO - Brake Pressure Sensor is healthy
2026-03-24 20:55:00,714 - INFO - Humidity Sensor is healthy
2026-03-24 20:55:00,715 - INFO - Track Alignment Sensor is healthy
2026-03-24 20:55:00,715 - INFO - Engine Load Sensor is healthy
2026-03-24 20:55:05,716 - INFO - Temperature Sensor is healthy
2026-03-24 20:55:05,716 - INFO - Pressure Sensor is healthy
2026-03-24 20:55:05,717 - INFO - Vibration Sensor is healthy
2026-03-24 20:55:05,719 - ERROR - Fuel Flow Sensor FAILED - Fuel flow interrupted
2026-03-24 20:55:14,588 - INFO - Voltage Sensor is healthy
2026-03-24 20:55:14,588 - INFO - Speed Sensor is healthy
2026-03-24 20:55:14,589 - INFO - Brake Pressure Sensor is healthy
2026-03-24 20:55:14,589 - INFO - Humidity Sensor is healthy
2026-03-24 20:55:14,589 - INFO - Track Alignment Sensor is healthy
2026-03-24 20:55:14,590 - INFO - Engine Load Sensor is healthy
2026-03-24 20:55:19,590 - INFO - Temperature Sensor is healthy
2026-03-24 20:55:19,591 - INFO - Pressure Sensor is healthy
2026-03-24 20:55:19,591 - INFO - Vibration Sensor is healthy
2026-03-24 20:55:19,592 - ERROR - Fuel Flow Sensor FAILED - Fuel flow interrupted
2026-03-24 20:55:19,592 - INFO - Voltage Sensor is healthy
2026-03-24 20:55:19,592 - INFO - Speed Sensor is healthy
2026-03-24 20:55:19,593 - INFO - Brake Pressure Sensor is healthy
2026-03-24 20:55:19,593 - INFO - Humidity Sensor is healthy
2026-03-24 20:55:19,593 - INFO - Track Alignment Sensor is healthy
2026-03-24 20:55:19,594 - INFO - Engine Load Sensor is healthy
2026-03-24 20:55:24,595 - INFO - Temperature Sensor is healthy
2026-03-24 20:55:24,595 - INFO - Pressure Sensor is healthy
2026-03-24 20:55:24,595 - INFO - Vibration Sensor is healthy
2026-03-24 20:55:24,596 - ERROR - Fuel Flow Sensor FAILED - Fuel flow interrupted
2026-03-24 20:55:24,596 - INFO - Voltage Sensor is healthy
2026-03-24 20:55:24,597 - INFO - Speed Sensor is healthy
2026-03-24 20:55:24,597 - INFO - Brake Pressure Sensor is healthy
2026-03-24 20:55:24,598 - INFO - Humidity Sensor is healthy
2026-03-24 20:55:24,598 - INFO - Track Alignment Sensor is healthy
2026-03-24 20:55:24,598 - INFO - Engine Load Sensor is healthy
2026-03-24 20:55:29,599 - INFO - Temperature Sensor is healthy
2026-03-24 20:55:29,600 - INFO - Pressure Sensor is healthy
2026-03-24 20:55:29,600 - INFO - Vibration Sensor is healthy
2026-03-24 20:55:29,602 - ERROR - Fuel Flow Sensor FAILED - Fuel flow interrupted
2026-03-24 20:55:29,602 - INFO - Voltage Sensor is healthy
2026-03-24 20:55:29,603 - INFO - Speed Sensor is healthy
2026-03-24 20:55:29,604 - INFO - Brake Pressure Sensor is healthy
2026-03-24 20:55:29,604 - INFO - Humidity Sensor is healthy
2026-03-24 20:55:29,605 - INFO - Track Alignment Sensor is healthy
2026-03-24 20:55:29,606 - INFO - Engine Load Sensor is healthy
2026-03-24 20:55:34,607 - INFO - Temperature Sensor is healthy
2026-03-24 20:55:34,608 - INFO - Pressure Sensor is healthy
2026-03-24 20:55:34,608 - INFO - Vibration Sensor is healthy
2026-03-24 20:55:34,609 - ERROR - Fuel Flow Sensor FAILED - Fuel flow interrupted
2026-03-24 20:55:34,609 - INFO - Voltage Sensor is healthy
2026-03-24 20:55:34,610 - INFO - Speed Sensor is healthy
2026-03-24 20:55:34,610 - INFO - Brake Pressure Sensor is healthy
2026-03-24 20:55:34,610 - INFO - Humidity Sensor is healthy
2026-03-24 20:55:34,611 - INFO - Track Alignment Sensor is healthy
2026-03-24 20:55:34,612 - INFO - Engine Load Sensor is healthy
2026-03-24 20:55:39,612 - INFO - Temperature Sensor is healthy
2026-03-24 20:55:39,613 - INFO - Pressure Sensor is healthy
2026-03-24 20:55:39,613 - INFO - Vibration Sensor is healthy
2026-03-24 20:55:39,613 - ERROR - Fuel Flow Sensor FAILED - Fuel flow interrupted
2026-03-24 20:55:39,614 - INFO - Voltage Sensor is healthy
2026-03-24 20:55:39,614 - INFO - Speed Sensor is healthy
2026-03-24 20:55:39,614 - INFO - Brake Pressure Sensor is healthy
2026-03-24 20:55:39,614 - INFO - Humidity Sensor is healthy
2026-03-24 20:55:39,615 - INFO - Track Alignment Sensor is healthy
2026-03-24 20:55:39,615 - INFO - Engine Load Sensor is healthy
2026-03-24 20:55:44,616 - INFO - Temperature Sensor is healthy
2026-03-24 20:55:44,616 - INFO - Pressure Sensor is healthy
2026-03-24 20:55:44,616 - INFO - Vibration Sensor is healthy
2026-03-24 20:55:44,617 - ERROR - Fuel Flow Sensor FAILED - Fuel flow interrupted
2026-03-24 20:55:44,617 - INFO - Voltage Sensor is healthy
2026-03-24 20:55:44,618 - INFO - Speed Sensor is healthy
2026-03-24 20:55:44,619 - INFO - Brake Pressure Sensor is healthy
2026-03-24 20:55:44,619 - INFO - Humidity Sensor is healthy
2026-03-24 20:55:44,619 - INFO - Track Alignment Sensor is healthy
2026-03-24 20:55:44,620 - INFO - Engine Load Sensor is healthy
2026-03-24 20:55:49,623 - INFO - Temperature Sensor is healthy
2026-03-24 20:55:49,624 - INFO - Pressure Sensor is healthy
2026-03-24 20:55:49,624 - INFO - Vibration Sensor is healthy
2026-03-24 20:55:49,624 - ERROR - Fuel Flow Sensor FAILED - Fuel flow interrupted
2026-03-24 20:55:49,625 - INFO - Voltage Sensor is healthy
2026-03-24 20:55:49,625 - INFO - Speed Sensor is healthy
2026-03-24 20:55:49,626 - INFO - Brake Pressure Sensor is healthy
2026-03-24 20:55:49,626 - INFO - Humidity Sensor is healthy
2026-03-24 20:55:49,626 - INFO - Track Alignment Sensor is healthy
2026-03-24 20:55:49,627 - INFO - Engine Load Sensor is healthy
2026-03-24 20:55:54,628 - INFO - Temperature Sensor is healthy
2026-03-24 20:55:54,628 - INFO - Pressure Sensor is healthy
2026-03-24 20:55:54,628 - INFO - Vibration Sensor is healthy
2026-03-24 20:55:54,629 - ERROR - Fuel Flow Sensor FAILED - Fuel flow interrupted
2026-03-24 20:55:54,629 - INFO - Voltage Sensor is healthy
2026-03-24 20:55:54,629 - INFO - Speed Sensor is healthy
2026-03-24 20:55:54,630 - INFO - Brake Pressure Sensor is healthy
2026-03-24 20:55:54,630 - INFO - Humidity Sensor is healthy
2026-03-24 20:55:54,630 - INFO - Track Alignment Sensor is healthy
2026-03-24 20:55:54,631 - INFO - Engine Load Sensor is healthy
2026-03-24 20:55:59,632 - INFO - Temperature Sensor is healthy
2026-03-24 20:55:59,632 - INFO - Pressure Sensor is healthy
2026-03-24 20:55:59,633 - INFO - Vibration Sensor is healthy
2026-03-24 20:55:59,633 - ERROR - Fuel Flow Sensor FAILED - Fuel flow interrupted
2026-03-24 20:55:59,634 - INFO - Voltage Sensor is healthy
2026-03-24 20:55:59,634 - INFO - Speed Sensor is healthy
2026-03-24 20:55:59,635 - INFO - Brake Pressure Sensor is healthy
2026-03-24 20:55:59,636 - INFO - Humidity Sensor is healthy
2026-03-24 20:55:59,637 - INFO - Track Alignment Sensor is healthy
2026-03-24 20:55:59,638 - INFO - Engine Load Sensor is healthy
2026-03-24 20:56:04,639 - INFO - Temperature Sensor is healthy
2026-03-24 20:56:04,639 - INFO - Pressure Sensor is healthy
2026-03-24 20:56:04,640 - INFO - Vibration Sensor is healthy
2026-03-24 20:56:04,640 - ERROR - Fuel Flow Sensor FAILED - Fuel flow interrupted
2026-03-24 20:56:04,641 - INFO - Voltage Sensor is healthy
2026-03-24 20:56:04,641 - INFO - Speed Sensor is healthy
2026-03-24 20:56:04,641 - INFO - Brake Pressure Sensor is healthy
2026-03-24 20:56:04,642 - INFO - Humidity Sensor is healthy
2026-03-24 20:56:04,642 - INFO - Track Alignment Sensor is healthy
2026-03-24 20:56:04,643 - INFO - Engine Load Sensor is healthy
2026-03-24 20:56:09,643 - INFO - Temperature Sensor is healthy
2026-03-24 20:56:09,644 - INFO - Pressure Sensor is healthy
2026-03-24 20:56:09,645 - INFO - Vibration Sensor is healthy
2026-03-24 20:56:09,645 - ERROR - Fuel Flow Sensor FAILED - Fuel flow interrupted
2026-03-24 20:56:09,645 - INFO - Voltage Sensor is healthy
2026-03-24 20:56:09,646 - INFO - Speed Sensor is healthy
2026-03-24 20:56:09,646 - INFO - Brake Pressure Sensor is healthy
2026-03-24 20:56:09,647 - INFO - Humidity Sensor is healthy
2026-03-24 20:56:09,647 - INFO - Track Alignment Sensor is healthy
2026-03-24 20:56:09,647 - INFO - Engine Load Sensor is healthy
2026-03-24 20:56:14,649 - INFO - Temperature Sensor is healthy
2026-03-24 20:56:14,650 - INFO - Pressure Sensor is healthy
2026-03-24 20:56:14,650 - INFO - Vibration Sensor is healthy
2026-03-24 20:56:14,650 - ERROR - Fuel Flow Sensor FAILED - Fuel flow interrupted
2026-03-24 20:56:14,651 - INFO - Voltage Sensor is healthy
2026-03-24 20:56:14,651 - INFO - Speed Sensor is healthy
2026-03-24 20:56:14,651 - INFO - Brake Pressure Sensor is healthy
2026-03-24 20:56:14,652 - INFO - Humidity Sensor is healthy
2026-03-24 20:56:14,653 - INFO - Track Alignment Sensor is healthy
2026-03-24 20:56:14,653 - INFO - Engine Load Sensor is healthy
